[{"type":"Internal Function Analysis","severity":"WARNING","message":"Failed to locate an internal function called from CVX_CRV_YieldSource-deposit(uint256): Could not detect the internal function CVX_CRV_YieldSource._depositToProtocol(uint256 amount) returns (uint256)","url":"https://docs.certora.com/en/latest/docs/prover/techniques/index.html","timeStamp":"26/06/2025-11:11:18:053"},{"type":"Internal Function Analysis","severity":"WARNING","message":"Failed to locate an internal function called from CVX_CRV_YieldSource-claimRewards(): Could not detect the internal function CVX_CRV_YieldSource._claimRewardToken(address token) returns (uint256)","url":"https://docs.certora.com/en/latest/docs/prover/techniques/index.html","timeStamp":"26/06/2025-11:11:20:172"},{"type":"Internal Function Analysis","severity":"WARNING","jumpToDefinition":{"file":"src/yieldSource/CVX_CRV_YieldSource.sol","start":{"line":357,"col":21},"end":{"line":357,"col":43}},"message":"Failed to locate an internal function called from CVX_CRV_YieldSource-withdraw(uint256): Could not detect the internal function CVX_CRV_YieldSource._claimRewardToken(address token) returns (uint256)","url":"https://docs.certora.com/en/latest/docs/prover/techniques/index.html","timeStamp":"26/06/2025-11:11:21:826"},{"type":"Internal Function Analysis","severity":"WARNING","message":"Failed to locate an internal function called from CVX_CRV_YieldSource-claimAndSellForInputToken(): Could not detect the internal function CVX_CRV_YieldSource._claimRewardToken(address token) returns (uint256)","url":"https://docs.certora.com/en/latest/docs/prover/techniques/index.html","timeStamp":"26/06/2025-11:11:22:763"},{"type":"Pointer Analysis for Optimizations","severity":"WARNING","jumpToDefinition":{"file":"src/yieldSource/CVX_CRV_YieldSource.sol","start":{"line":273,"col":28},"end":{"line":273,"col":57}},"message":"Pointer analysis for optimization failed in internal function CVX_CRV_YieldSource._addLiquidityToCurve(uint256[] amounts) returns (uint256) (when called from external function deposit(uint256) of contract CVX_CRV_YieldSource). No precise source code information available for the location, range information points to the next method that inlined the call. I.e. inspect the highlighted method and any of it's potentially inlined callees. Error code 2580757490","url":"https://docs.certora.com/en/latest/docs/prover/techniques/index.html","timeStamp":"26/06/2025-11:11:31:666"},{"type":"Call Graph","severity":"WARNING","jumpToDefinition":{"file":"src/yieldSource/CVX_CRV_YieldSource.sol","start":{"line":273,"col":28},"end":{"line":273,"col":57}},"message":"Pointer analysis for call resolution failed in internal function CVX_CRV_YieldSource._addLiquidityToCurve(uint256[] amounts) returns (uint256) (when called from external function deposit(uint256) of contract CVX_CRV_YieldSource). No precise source code information available for the location, range information points to the next method that inlined the call. I.e. inspect the highlighted method and any of it's potentially inlined callees. Error code 2580757490","url":"https://docs.certora.com/en/latest/docs/prover/techniques/index.html","timeStamp":"26/06/2025-11:11:32:274"},{"type":"Memory Partitioning","severity":"WARNING","jumpToDefinition":{"file":"src/yieldSource/CVX_CRV_YieldSource.sol","start":{"line":72,"col":1},"end":{"line":536,"col":2}},"message":"Memory partitioning failed while analyzing contract CVX_CRV_YieldSource, function deposit(uint256).  This can lead to longer running times. ","url":"https://docs.certora.com/en/latest/docs/prover/techniques/index.html","timeStamp":"26/06/2025-11:11:33:493"},{"type":"Summarization","severity":"INFO","jumpToDefinition":{"file":"src/yieldSource/CVX_CRV_YieldSource.sol","start":{"line":525,"col":17},"end":{"line":525,"col":53}},"message":"A call in noUnauthorizedTokenOutflows-CVX_CRV_YieldSource-CVX_CRV_YieldSource.emergencyWithdraw(address,address) takes 0 arguments and therefore can be summarized with `--optimistic_fallback`.","url":"https://docs.certora.com/en/latest/docs/prover/cli/options.html#optimistic-fallback","timeStamp":"26/06/2025-11:11:56:772"},{"type":"Summarization","severity":"INFO","jumpToDefinition":{"file":"src/vault/Vault.sol","start":{"line":420,"col":13},"end":{"line":420,"col":40}},"message":"A call in noUnauthorizedTokenOutflows-Vault-Vault.emergencyWithdrawETH(address) takes 0 arguments and therefore can be summarized with `--optimistic_fallback`.","url":"https://docs.certora.com/en/latest/docs/prover/cli/options.html#optimistic-fallback","timeStamp":"26/06/2025-11:12:25:793"},{"type":"Summarization","severity":"INFO","jumpToDefinition":{"file":"src/vault/Vault.sol","start":{"line":420,"col":13},"end":{"line":420,"col":40}},"message":"A call in rebaseMultiplierIsValid-emergencyWithdrawETH(address) takes 0 arguments and therefore can be summarized with `--optimistic_fallback`.","url":"https://docs.certora.com/en/latest/docs/prover/cli/options.html#optimistic-fallback","timeStamp":"26/06/2025-11:12:26:365"},{"type":"Summarization","severity":"WARNING","jumpToDefinition":{"file":"certora/specs/Vault.spec","start":{"line":35,"col":81},"end":{"line":35,"col":87}},"message":"Summarization for external calls of CVX_CRV_YieldSource.deposit(uint256) is unused","url":"https://docs.certora.com/en/latest/docs/cvl/methods.html#summaries","timeStamp":"26/06/2025-11:12:32:578"},{"type":"Summarization","severity":"WARNING","jumpToDefinition":{"file":"certora/specs/Vault.spec","start":{"line":36,"col":91},"end":{"line":36,"col":97}},"message":"Summarization for external calls of CVX_CRV_YieldSource.withdraw(uint256) is unused","url":"https://docs.certora.com/en/latest/docs/cvl/methods.html#summaries","timeStamp":"26/06/2025-11:12:32:590"},{"type":"Summarization","severity":"WARNING","jumpToDefinition":{"file":"certora/specs/Vault.spec","start":{"line":37,"col":79},"end":{"line":37,"col":85}},"message":"Summarization for external calls of CVX_CRV_YieldSource.claimRewards() is unused","url":"https://docs.certora.com/en/latest/docs/cvl/methods.html#summaries","timeStamp":"26/06/2025-11:12:32:601"},{"type":"Summarization","severity":"WARNING","jumpToDefinition":{"file":"certora/specs/Vault.spec","start":{"line":28,"col":42},"end":{"line":28,"col":58}},"message":"Summarization for external calls of _.totalSupply() is unused","url":"https://docs.certora.com/en/latest/docs/cvl/methods.html#summaries","timeStamp":"26/06/2025-11:12:32:611"},{"type":"Summarization","severity":"WARNING","jumpToDefinition":{"file":"certora/specs/Vault.spec","start":{"line":38,"col":92},"end":{"line":38,"col":98}},"message":"Summarization for external calls of CVX_CRV_YieldSource.claimAndSellForInputToken() is unused","url":"https://docs.certora.com/en/latest/docs/cvl/methods.html#summaries","timeStamp":"26/06/2025-11:12:32:622"},{"type":"Summarization","severity":"WARNING","jumpToDefinition":{"file":"certora/specs/Vault.spec","start":{"line":29,"col":56},"end":{"line":29,"col":72}},"message":"Summarization for external calls of _.allowance(address, address) is unused","url":"https://docs.certora.com/en/latest/docs/cvl/methods.html#summaries","timeStamp":"26/06/2025-11:12:32:634"}]