{
	"rules": {
		"depositIncreasesEffectiveBalance": "SUCCESS",
		"depositWhenDisabledFails": "SUCCESS",
		"emergencyStatePreventsFunctions": "SUCCESS",
		"emergencyWithdrawalDisablesVault": "FAIL",
		"emergencyWithdrawalRequiresEmergencyState": "SUCCESS",
		"envfreeFuncsStaticCheck": {
			"SUCCESS": [
				"canWithdraw()",
				"emergencyState()",
				"flaxPerSFlax()",
				"getEffectiveDeposit(address)",
				"getEffectiveTotalDeposits()",
				"originalDeposits(address)",
				"owner()",
				"rebaseMultiplier()",
				"surplusInputToken()",
				"totalDeposits()",
				"yieldSource()"
			]
		},
		"migrationRequiresActiveVault": "SUCCESS",
		"noNegativeDeposits": "SUCCESS",
		"noUnauthorizedTokenOutflows": {
			"FAIL": [
				"CVX_CRV_YieldSource.claimAndSellForInputToken()",
				"CVX_CRV_YieldSource.claimRewards()",
				"CVX_CRV_YieldSource.deposit(uint256)",
				"CVX_CRV_YieldSource.lpTokenName()",
				"CVX_CRV_YieldSource.poolTokenSymbols(uint256)",
				"CVX_CRV_YieldSource.setLpTokenName(string)",
				"CVX_CRV_YieldSource.setUnderlyingWeights(address,uint256[])",
				"CVX_CRV_YieldSource.withdraw(uint256)",
				"MockERC20.name()",
				"MockERC20.symbol()"
			],
			"SUCCESS": [
				"CVX_CRV_YieldSource.<receiveOrFallback>()",
				"CVX_CRV_YieldSource.UNISWAP_FEE()",
				"CVX_CRV_YieldSource.convexBooster()",
				"CVX_CRV_YieldSource.convexRewardPool()",
				"CVX_CRV_YieldSource.crvLpToken()",
				"CVX_CRV_YieldSource.curvePool()",
				"CVX_CRV_YieldSource.emergencyWithdraw(address,address)",
				"CVX_CRV_YieldSource.flaxToken()",
				"CVX_CRV_YieldSource.inputToken()",
				"CVX_CRV_YieldSource.minSlippageBps()",
				"CVX_CRV_YieldSource.numPoolTokens()",
				"CVX_CRV_YieldSource.oracle()",
				"CVX_CRV_YieldSource.owner()",
				"CVX_CRV_YieldSource.poolId()",
				"CVX_CRV_YieldSource.poolTokens(uint256)",
				"CVX_CRV_YieldSource.priceTilter()",
				"CVX_CRV_YieldSource.renounceOwnership()",
				"CVX_CRV_YieldSource.rewardTokens(uint256)",
				"CVX_CRV_YieldSource.setMinSlippageBps(uint256)",
				"CVX_CRV_YieldSource.totalDeposited()",
				"CVX_CRV_YieldSource.transferOwnership(address)",
				"CVX_CRV_YieldSource.underlyingWeights(address,uint256)",
				"CVX_CRV_YieldSource.uniswapV3Router()",
				"CVX_CRV_YieldSource.whitelistVault(address,bool)",
				"CVX_CRV_YieldSource.whitelistedVaults(address)",
				"MockERC20.allowance(address,address)",
				"MockERC20.approve(address,uint256)",
				"MockERC20.balanceOf(address)",
				"MockERC20.burn(uint256)",
				"MockERC20.decimals()",
				"MockERC20.mint(address,uint256)",
				"MockERC20.totalSupply()",
				"MockERC20.transfer(address,uint256)",
				"MockERC20.transferFrom(address,address,uint256)",
				"Vault.<receiveOrFallback>()",
				"Vault.canWithdraw()",
				"Vault.claimRewards(uint256)",
				"Vault.deposit(uint256)",
				"Vault.emergencyState()",
				"Vault.emergencyWithdraw(address,address)",
				"Vault.emergencyWithdrawETH(address)",
				"Vault.emergencyWithdrawFromYieldSource(address,address)",
				"Vault.flaxPerSFlax()",
				"Vault.flaxToken()",
				"Vault.getEffectiveDeposit(address)",
				"Vault.getEffectiveTotalDeposits()",
				"Vault.inputToken()",
				"Vault.migrateYieldSource(address)",
				"Vault.originalDeposits(address)",
				"Vault.owner()",
				"Vault.priceTilter()",
				"Vault.rebaseMultiplier()",
				"Vault.renounceOwnership()",
				"Vault.sFlaxToken()",
				"Vault.setEmergencyState(bool)",
				"Vault.setFlaxPerSFlax(uint256)",
				"Vault.surplusInputToken()",
				"Vault.totalDeposits()",
				"Vault.transferOwnership(address)",
				"Vault.withdraw(uint256,bool,uint256)",
				"Vault.yieldSource()"
			]
		},
		"onlyOwnerCanMigrate": "SUCCESS",
		"onlyOwnerCanSetFlaxPerSFlax": "SUCCESS",
		"permanentlyDisabledVaultRejectsOperations": "SUCCESS",
		"rebaseMultiplierIsValid": {
			"SUCCESS": [
				"<receiveOrFallback>()",
				"claimRewards(uint256)",
				"deposit(uint256)",
				"emergencyWithdraw(address,address)",
				"emergencyWithdrawETH(address)",
				"emergencyWithdrawFromYieldSource(address,address)",
				"migrateYieldSource(address)",
				"renounceOwnership()",
				"setEmergencyState(bool)",
				"setFlaxPerSFlax(uint256)",
				"transferOwnership(address)",
				"withdraw(uint256,bool,uint256)"
			]
		},
		"rebaseMultiplierStaysConstantOnDeposit": "SUCCESS",
		"sFlaxBurnBoostsRewards": "FAIL",
		"userCannotDepositForOthers": "SUCCESS",
		"withdrawalCannotAffectOthers": "FAIL",
		"withdrawalDecreasesEffectiveBalance": "SUCCESS",
		"withdrawalRespectsSurplus": "FAIL",
		"withdrawalWhenDisabledFails": "SUCCESS"
	}
}