{"treeViewPath":"noUnauthorizedTokenOutflows-Vault-Vault.claimRewards(uint256)","graph_link":"PresolverRule-noUnauthorizedTokenOutflows-Vault-Vault.claimRewardsLPU256RP.html","jumpToDefinition":{"file":"src/vault/Vault.sol","start":{"line":310,"col":5},"end":{"line":326,"col":6}},"assertMessage":null,"valueRepresentations":[{"name":"PRETTY","example":"MAX_UINT8"},{"name":"DEC","example":"255"},{"name":"HEX","example":"0xff"}],"callResolution":[{"caller":{"name":"Vault.claimRewards(uint256)","jumpToDefinition":null},"callSite":{"snippet":"assembly (\"memory-safe\") {let success := call(gas(), token, 0, add(data, 0x20), mload(data), 0, 0x20)// bubble errorsif iszero(success) {let ptr := mload(0x40)returndatacopy(ptr, 0, returndatasize())revert(ptr, returndatasize())}returnSize := returndatasize()returnValue := mload(0)}","jumpToDefinition":{"file":"lib/oz_reflax/token/ERC20/utils/SafeERC20.sol","start":{"line":50,"col":9},"end":{"line":60,"col":10}}},"summary":"DISPATCHER(optimistic = true)","comments":[{"callee resolution":"callee contract unresolved; callee sighash resolved"},{"resolved callees":"[MockERC20.transferFrom(address,address,uint256)]"},{"summary application reason":"declared at Vault.spec:30:68; applied to calls where no callee could be resolved"}],"callee":{"name":"[?].transferFrom(address, address, uint256)","jumpToDefinition":null},"isInCounterExample":false},{"caller":{"name":"Vault.claimRewards(uint256)","jumpToDefinition":null},"callSite":{"snippet":"assembly (\"memory-safe\") {let success := call(gas(), token, 0, add(data, 0x20), mload(data), 0, 0x20)// bubble errorsif iszero(success) {let ptr := mload(0x40)returndatacopy(ptr, 0, returndatasize())revert(ptr, returndatasize())}returnSize := returndatasize()returnValue := mload(0)}","jumpToDefinition":{"file":"lib/oz_reflax/token/ERC20/utils/SafeERC20.sol","start":{"line":50,"col":9},"end":{"line":60,"col":10}}},"summary":"DISPATCHER(optimistic = true)","comments":[{"callee resolution":"callee contract unresolved; callee sighash resolved"},{"resolved callees":"[MockERC20.transfer(address,uint256)]"},{"summary application reason":"declared at Vault.spec:31:55; applied to calls where no callee could be resolved"}],"callee":{"name":"[?].transfer(address, uint256)","jumpToDefinition":null},"isInCounterExample":false}],"callResolutionWarnings":[{"caller":{"name":"Vault.claimRewards(uint256)","jumpToDefinition":null},"callSite":{"snippet":"IYieldsSource(yieldSource).claimRewards()","jumpToDefinition":{"file":"src/vault/Vault.sol","start":{"line":311,"col":29},"end":{"line":311,"col":70}}},"summary":"AUTO havoc","comments":[{"callee resolution":"callee contract unresolved; callee sighash resolved"},{"callee resolution hint (1)":"To resolve the call, try '--link Vault:yieldSource=[CVX_CRV_YieldSource]'"},{"havoc cause":"The Prover could not resolve the callee, thus, havoc'd the call"},{"havoc scope":"a havoc that havocs all contracts except Vault (ce4604a0000000000000000000000009)"},{"summary application reason":"chosen automatically by the Prover"}],"callee":{"name":"[?].claimRewards()","jumpToDefinition":null},"isInCounterExample":false},{"caller":{"name":"Vault.claimRewards(uint256)","jumpToDefinition":null},"callSite":{"snippet":"IBurnableERC20(address(sFlaxToken)).burn(sFlaxAmount)","jumpToDefinition":{"file":"src/vault/Vault.sol","start":{"line":317,"col":13},"end":{"line":317,"col":66}}},"summary":"AUTO havoc","comments":[{"callee resolution":"callee contract unresolved; callee sighash resolved"},{"havoc cause":"The Prover could not resolve the callee, thus, havoc'd the call"},{"havoc scope":"a havoc that havocs all contracts except Vault (ce4604a0000000000000000000000009)"},{"summary application reason":"chosen automatically by the Prover"}],"callee":{"name":"[?].burn(uint256)","jumpToDefinition":null},"isInCounterExample":false}]}