{"treeViewPath":"noUnauthorizedTokenOutflows-CVX_CRV_YieldSource-CVX_CRV_YieldSource.inputToken()","graph_link":"PresolverRule-noUnauthorizedTokenOutflows-CVX_CRV_YieldSource-CVX_CRV_YieldSource.inputTokenLPRP.html","jumpToDefinition":{"file":"src/yieldSource/AYieldSource.sol","start":{"line":20,"col":5},"end":{"line":20,"col":39}},"assertMessage":null,"valueRepresentations":[{"name":"PRETTY","example":"MAX_UINT8"},{"name":"DEC","example":"255"},{"name":"HEX","example":"0xff"}],"callResolution":[],"callResolutionWarnings":[]}