[{"uiId":0,"label":"verification phase: finished checking rule (attempted 1 splits, proved a total weighing 0 %)","value":null,"children":[],"jumpToDefinition":null,"severity":0,"hSev":0},{"uiId":1,"label":"path count","value":"2","children":[],"jumpToDefinition":null,"severity":1,"hSev":0},{"uiId":2,"label":"nonlinearity","value":"nonlinear ops: 0\nmax polyn. degree: 1","children":[],"jumpToDefinition":null,"severity":1,"hSev":0},{"uiId":3,"label":"memory complexity","value":"memory updates: 18\nlongest update sequence: 5","children":[],"jumpToDefinition":null,"severity":1,"hSev":0},{"uiId":4,"label":"path count hotspots","value":null,"children":[{"uiId":5,"label":"function: MockERC20.symbol","value":"contrib. to branching: 50 %","children":[],"jumpToDefinition":{"file":"test/mocks/Mocks.sol","start":{"line":13,"col":5},"end":{"line":13,"col":34}},"severity":0,"hSev":0}],"jumpToDefinition":null,"severity":0,"hSev":0},{"uiId":6,"label":"per call stats","value":null,"children":[{"uiId":7,"label":"call #1: MockERC20.balanceOf","value":null,"children":[{"uiId":8,"label":"path count","value":"1","children":[],"jumpToDefinition":null,"severity":0,"hSev":0},{"uiId":9,"label":"#nonlinear operations","value":"0","children":[],"jumpToDefinition":null,"severity":0,"hSev":0},{"uiId":10,"label":"longest loop","value":"0","children":[],"jumpToDefinition":null,"severity":0,"hSev":0},{"uiId":11,"label":"#loops","value":"0","children":[],"jumpToDefinition":null,"severity":0,"hSev":0}],"jumpToDefinition":{"file":"test/mocks/Mocks.sol","start":{"line":16,"col":5},"end":{"line":16,"col":49}},"severity":0,"hSev":0},{"uiId":12,"label":"call #2: Vault.surplusInputToken","value":null,"children":[{"uiId":13,"label":"path count","value":"1","children":[],"jumpToDefinition":null,"severity":0,"hSev":0},{"uiId":14,"label":"#nonlinear operations","value":"0","children":[],"jumpToDefinition":null,"severity":0,"hSev":0},{"uiId":15,"label":"longest loop","value":"0","children":[],"jumpToDefinition":null,"severity":0,"hSev":0},{"uiId":16,"label":"#loops","value":"0","children":[],"jumpToDefinition":null,"severity":0,"hSev":0}],"jumpToDefinition":{"file":"src/vault/Vault.sol","start":{"line":87,"col":5},"end":{"line":87,"col":37}},"severity":0,"hSev":0},{"uiId":17,"label":"call #3: MockERC20.symbol","value":null,"children":[{"uiId":18,"label":"path count","value":"2","children":[],"jumpToDefinition":null,"severity":0,"hSev":0},{"uiId":19,"label":"#nonlinear operations","value":"0","children":[],"jumpToDefinition":null,"severity":0,"hSev":0},{"uiId":20,"label":"longest loop","value":"1","children":[],"jumpToDefinition":null,"severity":0,"hSev":0},{"uiId":21,"label":"#loops","value":"1","children":[],"jumpToDefinition":null,"severity":0,"hSev":0}],"jumpToDefinition":{"file":"test/mocks/Mocks.sol","start":{"line":13,"col":5},"end":{"line":13,"col":34}},"severity":0,"hSev":0},{"uiId":22,"label":"call #4: MockERC20.balanceOf","value":null,"children":[{"uiId":23,"label":"path count","value":"1","children":[],"jumpToDefinition":null,"severity":0,"hSev":0},{"uiId":24,"label":"#nonlinear operations","value":"0","children":[],"jumpToDefinition":null,"severity":0,"hSev":0},{"uiId":25,"label":"longest loop","value":"0","children":[],"jumpToDefinition":null,"severity":0,"hSev":0},{"uiId":26,"label":"#loops","value":"0","children":[],"jumpToDefinition":null,"severity":0,"hSev":0}],"jumpToDefinition":{"file":"test/mocks/Mocks.sol","start":{"line":16,"col":5},"end":{"line":16,"col":49}},"severity":0,"hSev":0},{"uiId":27,"label":"call #5: Vault.surplusInputToken","value":null,"children":[{"uiId":28,"label":"path count","value":"1","children":[],"jumpToDefinition":null,"severity":0,"hSev":0},{"uiId":29,"label":"#nonlinear operations","value":"0","children":[],"jumpToDefinition":null,"severity":0,"hSev":0},{"uiId":30,"label":"longest loop","value":"0","children":[],"jumpToDefinition":null,"severity":0,"hSev":0},{"uiId":31,"label":"#loops","value":"0","children":[],"jumpToDefinition":null,"severity":0,"hSev":0}],"jumpToDefinition":{"file":"src/vault/Vault.sol","start":{"line":87,"col":5},"end":{"line":87,"col":37}},"severity":0,"hSev":0}],"jumpToDefinition":null,"severity":0,"hSev":0}]