[{"uiId":0,"label":"verification phase: finished checking rule (attempted 1 splits, proved a total weighing 0 %)","value":null,"children":[],"jumpToDefinition":null,"severity":0,"hSev":0},{"uiId":1,"label":"path count","value":"approx. 2^15","children":[],"jumpToDefinition":null,"severity":1,"hSev":0},{"uiId":2,"label":"nonlinearity","value":"nonlinear ops: 5\nmax polyn. degree: 2","children":[],"jumpToDefinition":null,"severity":2,"hSev":0,"link":"https://docs.certora.com/en/latest/docs/user-guide/out-of-resources/timeout.html#high-nonlinear-op-count"},{"uiId":3,"label":"memory complexity","value":"memory updates: 198\nlongest update sequence: 80","children":[],"jumpToDefinition":null,"severity":2,"hSev":0,"link":"https://docs.certora.com/en/latest/docs/user-guide/out-of-resources/timeout.html#high-memory-complexity"},{"uiId":4,"label":"loop complexity","value":"longest loop: 4\nloops: 8","children":[],"jumpToDefinition":null,"severity":3,"hSev":0,"link":"https://docs.certora.com/en/latest/docs/user-guide/out-of-resources/timeout.html#dealing-with-a-high-path-count"},{"uiId":5,"label":"path count hotspots","value":null,"children":[{"uiId":6,"label":"function: (internal) CVX_CRV_YieldSource._updateOracle","value":"contrib. to branching: 33 %","children":[],"jumpToDefinition":{"file":"src/yieldSource/CVX_CRV_YieldSource.sol","start":{"line":200,"col":5},"end":{"line":222,"col":6}},"severity":0,"hSev":0},{"uiId":7,"label":"function: CVX_CRV_YieldSource.deposit","value":"contrib. to branching: 33 %","children":[],"jumpToDefinition":{"file":"src/yieldSource/AYieldSource.sol","start":{"line":165,"col":5},"end":{"line":171,"col":6}},"severity":0,"hSev":0},{"uiId":8,"label":"function: (internal) CVX_CRV_YieldSource._callOptionalReturn","value":"contrib. to branching: 6 %","children":[],"jumpToDefinition":{"file":"lib/oz_reflax/token/ERC20/utils/SafeERC20.sol","start":{"line":47,"col":5},"end":{"line":65,"col":6}},"severity":0,"hSev":0},{"uiId":9,"label":"function: (internal) CVX_CRV_YieldSource._addLiquidityToCurve","value":"contrib. to branching: 6 %","children":[],"jumpToDefinition":{"file":"src/yieldSource/CVX_CRV_YieldSource.sol","start":{"line":479,"col":5},"end":{"line":507,"col":6}},"severity":0,"hSev":0}],"jumpToDefinition":null,"severity":0,"hSev":0},{"uiId":10,"label":"nonlinearity hotspots","value":null,"children":[{"uiId":11,"label":"function: CVX_CRV_YieldSource.deposit","value":"contrib. to nonlinear ops: 100 % \ncontrib. to max polyn. degree: 50 %","children":[],"jumpToDefinition":{"file":"src/yieldSource/AYieldSource.sol","start":{"line":165,"col":5},"end":{"line":171,"col":6}},"severity":0,"hSev":0}],"jumpToDefinition":null,"severity":0,"hSev":0},{"uiId":12,"label":"per call stats","value":null,"children":[{"uiId":13,"label":"call #1: MockERC20.balanceOf","value":null,"children":[{"uiId":14,"label":"path count","value":"1","children":[],"jumpToDefinition":null,"severity":0,"hSev":0},{"uiId":15,"label":"#nonlinear operations","value":"0","children":[],"jumpToDefinition":null,"severity":0,"hSev":0},{"uiId":16,"label":"longest loop","value":"0","children":[],"jumpToDefinition":null,"severity":0,"hSev":0},{"uiId":17,"label":"#loops","value":"0","children":[],"jumpToDefinition":null,"severity":0,"hSev":0}],"jumpToDefinition":{"file":"test/mocks/Mocks.sol","start":{"line":16,"col":5},"end":{"line":16,"col":49}},"severity":0,"hSev":0},{"uiId":18,"label":"call #2: Vault.surplusInputToken","value":null,"children":[{"uiId":19,"label":"path count","value":"1","children":[],"jumpToDefinition":null,"severity":0,"hSev":0},{"uiId":20,"label":"#nonlinear operations","value":"0","children":[],"jumpToDefinition":null,"severity":0,"hSev":0},{"uiId":21,"label":"longest loop","value":"0","children":[],"jumpToDefinition":null,"severity":0,"hSev":0},{"uiId":22,"label":"#loops","value":"0","children":[],"jumpToDefinition":null,"severity":0,"hSev":0}],"jumpToDefinition":{"file":"src/vault/Vault.sol","start":{"line":87,"col":5},"end":{"line":87,"col":37}},"severity":0,"hSev":0},{"uiId":23,"label":"call #3: CVX_CRV_YieldSource.deposit","value":null,"children":[{"uiId":24,"label":"path count","value":"approx. 2^15","children":[],"jumpToDefinition":null,"severity":0,"hSev":0},{"uiId":25,"label":"#nonlinear operations","value":"5","children":[],"jumpToDefinition":null,"severity":0,"hSev":0},{"uiId":26,"label":"longest loop","value":"2","children":[],"jumpToDefinition":null,"severity":0,"hSev":0},{"uiId":27,"label":"#loops","value":"3","children":[],"jumpToDefinition":null,"severity":0,"hSev":0},{"uiId":28,"label":"callees","value":null,"children":[{"uiId":29,"label":"call #420: (internal) CVX_CRV_YieldSource._updateOracle","value":null,"children":[{"uiId":30,"label":"path count","value":"50","children":[],"jumpToDefinition":null,"severity":0,"hSev":0},{"uiId":31,"label":"#nonlinear operations","value":"0","children":[],"jumpToDefinition":null,"severity":0,"hSev":0},{"uiId":32,"label":"longest loop","value":"1","children":[],"jumpToDefinition":null,"severity":0,"hSev":0},{"uiId":33,"label":"#loops","value":"2","children":[],"jumpToDefinition":null,"severity":0,"hSev":0}],"jumpToDefinition":{"file":"src/yieldSource/CVX_CRV_YieldSource.sol","start":{"line":200,"col":5},"end":{"line":222,"col":6}},"severity":0,"hSev":0},{"uiId":34,"label":"call #421: (internal) CVX_CRV_YieldSource.safeTransferFrom","value":null,"children":[{"uiId":35,"label":"path count","value":"2","children":[],"jumpToDefinition":null,"severity":0,"hSev":0},{"uiId":36,"label":"#nonlinear operations","value":"0","children":[],"jumpToDefinition":null,"severity":0,"hSev":0},{"uiId":37,"label":"longest loop","value":"0","children":[],"jumpToDefinition":null,"severity":0,"hSev":0},{"uiId":38,"label":"#loops","value":"0","children":[],"jumpToDefinition":null,"severity":0,"hSev":0},{"uiId":39,"label":"callees","value":null,"children":[{"uiId":40,"label":"call #422: (internal) CVX_CRV_YieldSource._callOptionalReturn","value":null,"children":[{"uiId":41,"label":"path count","value":"2","children":[],"jumpToDefinition":null,"severity":0,"hSev":0},{"uiId":42,"label":"#nonlinear operations","value":"0","children":[],"jumpToDefinition":null,"severity":0,"hSev":0},{"uiId":43,"label":"longest loop","value":"0","children":[],"jumpToDefinition":null,"severity":0,"hSev":0},{"uiId":44,"label":"#loops","value":"0","children":[],"jumpToDefinition":null,"severity":0,"hSev":0}],"jumpToDefinition":{"file":"lib/oz_reflax/token/ERC20/utils/SafeERC20.sol","start":{"line":47,"col":5},"end":{"line":65,"col":6}},"severity":0,"hSev":0}],"jumpToDefinition":null,"severity":0,"hSev":0}],"jumpToDefinition":{"file":"src/yieldSource/CVX_CRV_YieldSource.sol","start":{"line":72,"col":1},"end":{"line":536,"col":2}},"severity":0,"hSev":0},{"uiId":45,"label":"call #423: (internal) CVX_CRV_YieldSource._addLiquidityToCurve","value":null,"children":[{"uiId":46,"label":"path count","value":"6","children":[],"jumpToDefinition":null,"severity":0,"hSev":0},{"uiId":47,"label":"#nonlinear operations","value":"0","children":[],"jumpToDefinition":null,"severity":0,"hSev":0},{"uiId":48,"label":"longest loop","value":"4","children":[],"jumpToDefinition":null,"severity":0,"hSev":0},{"uiId":49,"label":"#loops","value":"3","children":[],"jumpToDefinition":null,"severity":0,"hSev":0}],"jumpToDefinition":{"file":"src/yieldSource/CVX_CRV_YieldSource.sol","start":{"line":479,"col":5},"end":{"line":507,"col":6}},"severity":0,"hSev":0}],"jumpToDefinition":null,"severity":0,"hSev":0}],"jumpToDefinition":{"file":"src/yieldSource/AYieldSource.sol","start":{"line":165,"col":5},"end":{"line":171,"col":6}},"severity":0,"hSev":1},{"uiId":50,"label":"call #4: MockERC20.balanceOf","value":null,"children":[{"uiId":51,"label":"path count","value":"1","children":[],"jumpToDefinition":null,"severity":0,"hSev":0},{"uiId":52,"label":"#nonlinear operations","value":"0","children":[],"jumpToDefinition":null,"severity":0,"hSev":0},{"uiId":53,"label":"longest loop","value":"0","children":[],"jumpToDefinition":null,"severity":0,"hSev":0},{"uiId":54,"label":"#loops","value":"0","children":[],"jumpToDefinition":null,"severity":0,"hSev":0}],"jumpToDefinition":{"file":"test/mocks/Mocks.sol","start":{"line":16,"col":5},"end":{"line":16,"col":49}},"severity":0,"hSev":0},{"uiId":55,"label":"call #5: Vault.surplusInputToken","value":null,"children":[{"uiId":56,"label":"path count","value":"1","children":[],"jumpToDefinition":null,"severity":0,"hSev":0},{"uiId":57,"label":"#nonlinear operations","value":"0","children":[],"jumpToDefinition":null,"severity":0,"hSev":0},{"uiId":58,"label":"longest loop","value":"0","children":[],"jumpToDefinition":null,"severity":0,"hSev":0},{"uiId":59,"label":"#loops","value":"0","children":[],"jumpToDefinition":null,"severity":0,"hSev":0}],"jumpToDefinition":{"file":"src/vault/Vault.sol","start":{"line":87,"col":5},"end":{"line":87,"col":37}},"severity":0,"hSev":0}],"jumpToDefinition":null,"severity":0,"hSev":0}]