{"treeViewPath":"noUnauthorizedTokenOutflows-Vault-Vault.migrateYieldSource(address)","graph_link":"PresolverRule-noUnauthorizedTokenOutflows-Vault-Vault.migrateYieldSourceLPADRRP.html","jumpToDefinition":{"file":"src/vault/Vault.sol","start":{"line":344,"col":5},"end":{"line":372,"col":6}},"assertMessage":null,"valueRepresentations":[{"name":"PRETTY","example":"MAX_UINT8"},{"name":"DEC","example":"255"},{"name":"HEX","example":"0xff"}],"callResolution":[{"caller":{"name":"Vault.migrateYieldSource(address)","jumpToDefinition":null},"callSite":{"snippet":"inputToken.approve(newYieldSource, surplusInputToken)","jumpToDefinition":{"file":"src/vault/Vault.sol","start":{"line":363,"col":13},"end":{"line":363,"col":66}}},"summary":"DISPATCHER(optimistic = true)","comments":[{"callee resolution":"callee contract unresolved; callee sighash resolved"},{"resolved callees":"[MockERC20.approve(address,uint256)]"},{"summary application reason":"declared at Vault.spec:32:54; applied to calls where no callee could be resolved"}],"callee":{"name":"[?].approve(address, uint256)","jumpToDefinition":null},"isInCounterExample":false}],"callResolutionWarnings":[{"caller":{"name":"Vault.migrateYieldSource(address)","jumpToDefinition":null},"callSite":{"snippet":"IYieldsSource(oldYieldSource).claimAndSellForInputToken()","jumpToDefinition":{"file":"src/vault/Vault.sol","start":{"line":348,"col":36},"end":{"line":348,"col":93}}},"summary":"AUTO havoc","comments":[{"callee resolution":"callee contract unresolved; callee sighash resolved"},{"callee resolution hint (1)":"To resolve the call, try '--link Vault:yieldSource=[CVX_CRV_YieldSource]'"},{"havoc cause":"The Prover could not resolve the callee, thus, havoc'd the call"},{"havoc scope":"a havoc that havocs all contracts except Vault (ce4604a0000000000000000000000009)"},{"summary application reason":"chosen automatically by the Prover"}],"callee":{"name":"[?].claimAndSellForInputToken()","jumpToDefinition":null},"isInCounterExample":false},{"caller":{"name":"Vault.migrateYieldSource(address)","jumpToDefinition":null},"callSite":{"snippet":"IYieldsSource(oldYieldSource).withdraw(amount)","jumpToDefinition":{"file":"src/vault/Vault.sol","start":{"line":356,"col":36},"end":{"line":356,"col":82}}},"summary":"AUTO havoc","comments":[{"callee resolution":"callee contract unresolved; callee sighash resolved"},{"callee resolution hint (1)":"To resolve the call, try '--link Vault:yieldSource=[CVX_CRV_YieldSource]'"},{"havoc cause":"The Prover could not resolve the callee, thus, havoc'd the call"},{"havoc scope":"a havoc that havocs all contracts except Vault (ce4604a0000000000000000000000009)"},{"summary application reason":"chosen automatically by the Prover"}],"callee":{"name":"[?].withdraw(uint256)","jumpToDefinition":null},"isInCounterExample":false},{"caller":{"name":"Vault.migrateYieldSource(address)","jumpToDefinition":null},"callSite":{"snippet":"IYieldsSource(newYieldSource).deposit(surplusInputToken)","jumpToDefinition":{"file":"src/vault/Vault.sol","start":{"line":365,"col":13},"end":{"line":365,"col":69}}},"summary":"AUTO havoc","comments":[{"callee resolution":"callee contract unresolved; callee sighash resolved"},{"havoc cause":"The Prover could not resolve the callee, thus, havoc'd the call"},{"havoc scope":"a havoc that havocs all contracts except Vault (ce4604a0000000000000000000000009)"},{"summary application reason":"chosen automatically by the Prover"}],"callee":{"name":"[?].deposit(uint256)","jumpToDefinition":null},"isInCounterExample":false}]}