{"treeViewPath":"noUnauthorizedTokenOutflows-MockERC20-MockERC20.transferFrom(address,address,uint256)","graph_link":"PresolverRule-noUnauthorizedTokenOutflows-MockERC20-MockERC20.transferFromLPADRCADRCU256RP.html","jumpToDefinition":{"file":"test/mocks/Mocks.sol","start":{"line":44,"col":5},"end":{"line":51,"col":6}},"assertMessage":null,"valueRepresentations":[{"name":"PRETTY","example":"MAX_UINT8"},{"name":"DEC","example":"255"},{"name":"HEX","example":"0xff"}],"callResolution":[],"callResolutionWarnings":[]}