{"treeViewPath":"withdrawalRespectsSurplus-MockERC20.balanceOf(e, e.msg.sender) > u...","graph_link":"Report-withdrawalRespectsSurplus-example1.html","jumpToDefinition":{"file":"certora/specs/Vault.spec","start":{"line":216,"col":1},"end":{"line":232,"col":2}},"assertMessage":"MockERC20.balanceOf(e, e.msg.sender) > u...","valueRepresentations":[{"name":"PRETTY","example":"MAX_UINT8"},{"name":"DEC","example":"255"},{"name":"HEX","example":"0xff"}],"callResolution":[{"caller":{"name":"Vault.withdraw(uint256,bool,uint256)","jumpToDefinition":null},"callSite":{"snippet":"inputToken.balanceOf(address(this))","jumpToDefinition":{"file":"src/vault/Vault.sol","start":{"line":256,"col":33},"end":{"line":256,"col":68}}},"summary":"DISPATCHER(optimistic = true)","comments":[{"callee resolution":"callee contract unresolved; callee sighash resolved"},{"resolved callees":"[MockERC20.balanceOf(address)]"},{"summary application reason":"declared at Vault.spec:27:47; applied to calls where no callee could be resolved"}],"callee":{"name":"[?].balanceOf(address)","jumpToDefinition":null},"isInCounterExample":true},{"caller":{"name":"Vault.withdraw(uint256,bool,uint256)","jumpToDefinition":null},"callSite":{"snippet":"inputToken.balanceOf(address(this))","jumpToDefinition":{"file":"src/vault/Vault.sol","start":{"line":258,"col":32},"end":{"line":258,"col":67}}},"summary":"DISPATCHER(optimistic = true)","comments":[{"callee resolution":"callee contract unresolved; callee sighash resolved"},{"resolved callees":"[MockERC20.balanceOf(address)]"},{"summary application reason":"declared at Vault.spec:27:47; applied to calls where no callee could be resolved"}],"callee":{"name":"[?].balanceOf(address)","jumpToDefinition":null},"isInCounterExample":true},{"caller":{"name":"Vault.withdraw(uint256,bool,uint256)","jumpToDefinition":null},"callSite":{"snippet":"assembly (\"memory-safe\") {let success := call(gas(), token, 0, add(data, 0x20), mload(data), 0, 0x20)// bubble errorsif iszero(success) {let ptr := mload(0x40)returndatacopy(ptr, 0, returndatasize())revert(ptr, returndatasize())}returnSize := returndatasize()returnValue := mload(0)}","jumpToDefinition":{"file":"lib/oz_reflax/token/ERC20/utils/SafeERC20.sol","start":{"line":50,"col":9},"end":{"line":60,"col":10}}},"summary":"DISPATCHER(optimistic = true)","comments":[{"callee resolution":"callee contract unresolved; callee sighash resolved"},{"resolved callees":"[MockERC20.transfer(address,uint256)]"},{"summary application reason":"declared at Vault.spec:31:55; applied to calls where no callee could be resolved"}],"callee":{"name":"[?].transfer(address, uint256)","jumpToDefinition":null},"isInCounterExample":true}],"callResolutionWarnings":[{"caller":{"name":"Vault.withdraw(uint256,bool,uint256)","jumpToDefinition":null},"callSite":{"snippet":"IYieldsSource(yieldSource).withdraw(rawAmountToWithdraw)","jumpToDefinition":{"file":"src/vault/Vault.sol","start":{"line":257,"col":49},"end":{"line":257,"col":105}}},"summary":"AUTO havoc","comments":[{"callee resolution":"callee contract unresolved; callee sighash resolved"},{"callee resolution hint (1)":"To resolve the call, try '--link Vault:yieldSource=[CVX_CRV_YieldSource]'"},{"havoc cause":"The Prover could not resolve the callee, thus, havoc'd the call"},{"havoc scope":"a havoc that havocs all contracts except Vault (ce4604a0000000000000000000000009)"},{"summary application reason":"chosen automatically by the Prover"}],"callee":{"name":"[?].withdraw(uint256)","jumpToDefinition":null},"isInCounterExample":true}],"callTrace":{"message":{"text":"withdrawalRespectsSurplus()","arguments":[]},"status":"","childrenList":[{"message":{"text":"Global State","arguments":[]},"status":"","childrenList":[{"message":{"text":"Storage State","arguments":[]},"status":"","childrenList":[{"message":{"text":"Vault","arguments":[]},"status":"","childrenList":[{"message":{"text":"_status: '{0}'","arguments":[{"value":"0x0","values":["0x0","0","0x0"],"tooltip":"storage value","truncatable":true}]},"status":"HAVOC","childrenList":[],"jumpToDefinition":{"file":"src/vault/Vault.sol","start":{"line":61,"col":1},"end":{"line":463,"col":2}},"changedSincePreviousPrint":false,"changedSinceStart":false},{"message":{"text":"originalDeposits['{0}']: '{1}'","arguments":[{"value":"0x4e21","values":["0x4e21","0x4e21","0x4e21"],"tooltip":"key","truncatable":true},{"value":"0x1","values":["0x1","1","0x1"],"tooltip":"storage value","truncatable":true}]},"status":"HAVOC","childrenList":[],"jumpToDefinition":{"file":"src/vault/Vault.sol","start":{"line":61,"col":1},"end":{"line":463,"col":2}},"changedSincePreviousPrint":false,"changedSinceStart":false},{"message":{"text":"rebaseMultiplier: '{0}'","arguments":[{"value":"0xde0b6b3a7640000","values":["0xde0b6b3a7640000","1000000000000000000","0xde0b6b3a7640000"],"tooltip":"storage value","truncatable":true}]},"status":"HAVOC","childrenList":[],"jumpToDefinition":{"file":"src/vault/Vault.sol","start":{"line":61,"col":1},"end":{"line":463,"col":2}},"changedSincePreviousPrint":false,"changedSinceStart":false},{"message":{"text":"surplusInputToken: '{0}'","arguments":[{"value":"0x0","values":["0x0","0","0x0"],"tooltip":"storage value","truncatable":true}]},"status":"HAVOC","childrenList":[],"jumpToDefinition":{"file":"src/vault/Vault.sol","start":{"line":61,"col":1},"end":{"line":463,"col":2}},"changedSincePreviousPrint":false,"changedSinceStart":false},{"message":{"text":"totalDeposits: '{0}'","arguments":[{"value":"0x1","values":["0x1","1","0x1"],"tooltip":"storage value","truncatable":true}]},"status":"HAVOC","childrenList":[],"jumpToDefinition":{"file":"src/vault/Vault.sol","start":{"line":61,"col":1},"end":{"line":463,"col":2}},"changedSincePreviousPrint":false,"changedSinceStart":false},{"message":{"text":"yieldSource: '{0}'","arguments":[{"value":"Vault","values":["Vault","Vault","0xf"],"tooltip":"storage value","truncatable":false}]},"status":"HAVOC","childrenList":[],"jumpToDefinition":{"file":"src/vault/Vault.sol","start":{"line":61,"col":1},"end":{"line":463,"col":2}},"changedSincePreviousPrint":false,"changedSinceStart":false}],"jumpToDefinition":null,"storageId":null},{"message":{"text":"MockERC20","arguments":[]},"status":"","childrenList":[{"message":{"text":"balanceOf['{0}']: '{1}'","arguments":[{"value":"Vault","values":["Vault","Vault","0xf"],"tooltip":"key","truncatable":false},{"value":"0x5","values":["0x5","5","0x5"],"tooltip":"storage value","truncatable":true}]},"status":"HAVOC","childrenList":[],"jumpToDefinition":{"file":"test/mocks/Mocks.sol","start":{"line":9,"col":1},"end":{"line":52,"col":2}},"changedSincePreviousPrint":false,"changedSinceStart":false},{"message":{"text":"balanceOf['{0}']: '{1}'","arguments":[{"value":"0x4e21","values":["0x4e21","0x4e21","0x4e21"],"tooltip":"key","truncatable":true},{"value":"0x757a","values":["0x757a","30074","0x757a"],"tooltip":"storage value","truncatable":true}]},"status":"HAVOC","childrenList":[],"jumpToDefinition":{"file":"test/mocks/Mocks.sol","start":{"line":9,"col":1},"end":{"line":52,"col":2}},"changedSincePreviousPrint":false,"changedSinceStart":false}],"jumpToDefinition":null,"storageId":null}],"jumpToDefinition":null,"storageId":1},{"message":{"text":"Balances","arguments":[]},"status":"","childrenList":[{"message":{"text":"0x4e21.balance: '{0}'","arguments":[{"value":"0x1","values":["0x1","1","0x1"],"tooltip":"balance","truncatable":true}]},"status":"","childrenList":[],"jumpToDefinition":null},{"message":{"text":"MockERC20.balance: '{0}'","arguments":[{"value":"0x2","values":["0x2","2","0x2"],"tooltip":"balance","truncatable":true}]},"status":"","childrenList":[],"jumpToDefinition":null},{"message":{"text":"Vault.balance: '{0}'","arguments":[{"value":"0x0","values":["0x0","0","0x0"],"tooltip":"balance","truncatable":true}]},"status":"","childrenList":[],"jumpToDefinition":null}],"jumpToDefinition":null,"storageId":1}],"jumpToDefinition":null,"storageId":null},{"message":{"text":"rule parameters setup","arguments":[]},"status":"","childrenList":[],"jumpToDefinition":null},{"message":{"text":"Setup","arguments":[]},"status":"","childrenList":[{"message":{"text":"multi contract setup","arguments":[]},"status":"","childrenList":[],"jumpToDefinition":null},{"message":{"text":"contract address vars initialized","arguments":[]},"status":"","childrenList":[],"jumpToDefinition":null},{"message":{"text":"setup read tracking instrumentation","arguments":[]},"status":"","childrenList":[],"jumpToDefinition":null},{"message":{"text":"last storage initialize","arguments":[]},"status":"","childrenList":[],"jumpToDefinition":null},{"message":{"text":"assuming contracts in scene with non-empty bytecode have EXTCODESIZE larger than zero","arguments":[]},"status":"","childrenList":[],"jumpToDefinition":null},{"message":{"text":"assuming address(0).code has no code deployed","arguments":[]},"status":"","childrenList":[],"jumpToDefinition":null},{"message":{"text":"assumptions about contracts' addresses","arguments":[]},"status":"","childrenList":[],"jumpToDefinition":null},{"message":{"text":"assumptions about static addresses","arguments":[]},"status":"","childrenList":[],"jumpToDefinition":null},{"message":{"text":"establish addresses of precompiled contracts","arguments":[]},"status":"","childrenList":[],"jumpToDefinition":null},{"message":{"text":"assumptions about uniqueness of contracts' addresses","arguments":[]},"status":"","childrenList":[],"jumpToDefinition":null},{"message":{"text":"static links","arguments":[]},"status":"","childrenList":[],"jumpToDefinition":null},{"message":{"text":"record starting nonces","arguments":[]},"status":"","childrenList":[],"jumpToDefinition":null},{"message":{"text":"cloned contracts have no balances","arguments":[]},"status":"","childrenList":[],"jumpToDefinition":null},{"message":{"text":"Linked immutable setup","arguments":[]},"status":"","childrenList":[],"jumpToDefinition":null},{"message":{"text":"Constrain immutables","arguments":[]},"status":"","childrenList":[],"jumpToDefinition":null},{"message":{"text":"establish equivalence of extension and base contract immutables","arguments":[]},"status":"","childrenList":[],"jumpToDefinition":null}],"jumpToDefinition":null},{"message":{"text":"require Vault.getEffectiveDeposit(user=e.msg.sender) >= amount","arguments":[]},"status":"","childrenList":[{"message":{"text":"Vault.getEffectiveDeposit(user='{0}') ↪ '{1}'","arguments":[{"value":"0x4e21","values":["0x4e21","0x4e21","0x4e21"],"tooltip":"value","truncatable":true},{"value":"0x1","values":["0x1","1","0x1"],"tooltip":"value","truncatable":true}]},"status":"","childrenList":[{"message":{"text":"Load from Vault.[raw storage address] '{0}' ↪ '{1}'","arguments":[{"value":"Vault","values":["Vault","Vault","0xf"],"tooltip":"address","truncatable":false},{"value":"0x1","values":["0x1","1","0x1"],"tooltip":"storage value","truncatable":true}]},"status":"","childrenList":[],"jumpToDefinition":null},{"message":{"text":"Evaluate branch condition","arguments":[]},"status":"","childrenList":[],"jumpToDefinition":{"file":"src/vault/Vault.sol","start":{"line":61,"col":1},"end":{"line":463,"col":2}}},{"message":{"text":"Evaluate branch condition","arguments":[]},"status":"","childrenList":[],"jumpToDefinition":{"file":"src/vault/Vault.sol","start":{"line":61,"col":1},"end":{"line":463,"col":2}}},{"message":{"text":"Evaluate branch condition","arguments":[]},"status":"","childrenList":[],"jumpToDefinition":{"file":"src/vault/Vault.sol","start":{"line":61,"col":1},"end":{"line":463,"col":2}}},{"message":{"text":"Vault.getEffectiveDeposit(user='{0}') ↪ '{1}'","arguments":[{"value":"0x4e21","values":["0x4e21","0x4e21","0x4e21"],"tooltip":"parameter","truncatable":true},{"value":"0x1","values":["0x1","1","0x1"],"tooltip":"return value","truncatable":true}]},"status":"","childrenList":[{"message":{"text":"Load from Vault.originalDeposits['{0}'] ↪ '{1}'","arguments":[{"value":"0x4e21","values":["0x4e21","0x4e21","0x4e21"],"tooltip":"key","truncatable":true},{"value":"0x1","values":["0x1","1","0x1"],"tooltip":"storage value","truncatable":true}]},"status":"","childrenList":[],"jumpToDefinition":{"file":"src/vault/Vault.sol","start":{"line":61,"col":1},"end":{"line":463,"col":2}}},{"message":{"text":"Load from Vault.rebaseMultiplier ↪ '{0}'","arguments":[{"value":"0xde0b6b3a7640000","values":["0xde0b6b3a7640000","1000000000000000000","0xde0b6b3a7640000"],"tooltip":"storage value","truncatable":true}]},"status":"","childrenList":[],"jumpToDefinition":{"file":"src/vault/Vault.sol","start":{"line":61,"col":1},"end":{"line":463,"col":2}}},{"message":{"text":"Evaluate branch condition","arguments":[]},"status":"","childrenList":[],"jumpToDefinition":{"file":"src/vault/Vault.sol","start":{"line":61,"col":1},"end":{"line":463,"col":2}}}],"jumpToDefinition":{"file":"src/vault/Vault.sol","start":{"line":61,"col":1},"end":{"line":463,"col":2}}},{"message":{"text":"Global State","arguments":[]},"status":"","childrenList":[{"message":{"text":"Storage State","arguments":[]},"status":"","childrenList":[{"message":{"text":"Vault","arguments":[]},"status":"","childrenList":[{"message":{"text":"_status: '{0}'","arguments":[{"value":"0x0","values":["0x0","0","0x0"],"tooltip":"storage value","truncatable":true}]},"status":"HAVOC","childrenList":[],"jumpToDefinition":{"file":"src/vault/Vault.sol","start":{"line":61,"col":1},"end":{"line":463,"col":2}},"changedSincePreviousPrint":false,"changedSinceStart":false},{"message":{"text":"originalDeposits['{0}']: '{1}'","arguments":[{"value":"0x4e21","values":["0x4e21","0x4e21","0x4e21"],"tooltip":"key","truncatable":true},{"value":"0x1","values":["0x1","1","0x1"],"tooltip":"storage value","truncatable":true}]},"status":"HAVOC","childrenList":[],"jumpToDefinition":{"file":"src/vault/Vault.sol","start":{"line":61,"col":1},"end":{"line":463,"col":2}},"changedSincePreviousPrint":false,"changedSinceStart":false},{"message":{"text":"rebaseMultiplier: '{0}'","arguments":[{"value":"0xde0b6b3a7640000","values":["0xde0b6b3a7640000","1000000000000000000","0xde0b6b3a7640000"],"tooltip":"storage value","truncatable":true}]},"status":"HAVOC","childrenList":[],"jumpToDefinition":{"file":"src/vault/Vault.sol","start":{"line":61,"col":1},"end":{"line":463,"col":2}},"changedSincePreviousPrint":false,"changedSinceStart":false},{"message":{"text":"surplusInputToken: '{0}'","arguments":[{"value":"0x0","values":["0x0","0","0x0"],"tooltip":"storage value","truncatable":true}]},"status":"HAVOC","childrenList":[],"jumpToDefinition":{"file":"src/vault/Vault.sol","start":{"line":61,"col":1},"end":{"line":463,"col":2}},"changedSincePreviousPrint":false,"changedSinceStart":false},{"message":{"text":"totalDeposits: '{0}'","arguments":[{"value":"0x1","values":["0x1","1","0x1"],"tooltip":"storage value","truncatable":true}]},"status":"HAVOC","childrenList":[],"jumpToDefinition":{"file":"src/vault/Vault.sol","start":{"line":61,"col":1},"end":{"line":463,"col":2}},"changedSincePreviousPrint":false,"changedSinceStart":false},{"message":{"text":"yieldSource: '{0}'","arguments":[{"value":"Vault","values":["Vault","Vault","0xf"],"tooltip":"storage value","truncatable":false}]},"status":"HAVOC","childrenList":[],"jumpToDefinition":{"file":"src/vault/Vault.sol","start":{"line":61,"col":1},"end":{"line":463,"col":2}},"changedSincePreviousPrint":false,"changedSinceStart":false}],"jumpToDefinition":null,"storageId":null},{"message":{"text":"MockERC20","arguments":[]},"status":"","childrenList":[{"message":{"text":"balanceOf['{0}']: '{1}'","arguments":[{"value":"Vault","values":["Vault","Vault","0xf"],"tooltip":"key","truncatable":false},{"value":"0x5","values":["0x5","5","0x5"],"tooltip":"storage value","truncatable":true}]},"status":"HAVOC","childrenList":[],"jumpToDefinition":{"file":"test/mocks/Mocks.sol","start":{"line":9,"col":1},"end":{"line":52,"col":2}},"changedSincePreviousPrint":false,"changedSinceStart":false},{"message":{"text":"balanceOf['{0}']: '{1}'","arguments":[{"value":"0x4e21","values":["0x4e21","0x4e21","0x4e21"],"tooltip":"key","truncatable":true},{"value":"0x757a","values":["0x757a","30074","0x757a"],"tooltip":"storage value","truncatable":true}]},"status":"HAVOC","childrenList":[],"jumpToDefinition":{"file":"test/mocks/Mocks.sol","start":{"line":9,"col":1},"end":{"line":52,"col":2}},"changedSincePreviousPrint":false,"changedSinceStart":false}],"jumpToDefinition":null,"storageId":null}],"jumpToDefinition":null,"storageId":2},{"message":{"text":"Balances","arguments":[]},"status":"","childrenList":[{"message":{"text":"0x4e21.balance: '{0}'","arguments":[{"value":"0x1","values":["0x1","1","0x1"],"tooltip":"balance","truncatable":true}]},"status":"","childrenList":[],"jumpToDefinition":null},{"message":{"text":"MockERC20.balance: '{0}'","arguments":[{"value":"0x2","values":["0x2","2","0x2"],"tooltip":"balance","truncatable":true}]},"status":"","childrenList":[],"jumpToDefinition":null},{"message":{"text":"Vault.balance: '{0}'","arguments":[{"value":"0x0","values":["0x0","0","0x0"],"tooltip":"balance","truncatable":true}]},"status":"","childrenList":[],"jumpToDefinition":null}],"jumpToDefinition":null,"storageId":2}],"jumpToDefinition":null,"storageId":null},{"message":{"text":"Return","arguments":[]},"status":"","childrenList":[],"jumpToDefinition":{"file":"src/vault/Vault.sol","start":{"line":61,"col":1},"end":{"line":463,"col":2}}}],"jumpToDefinition":{"file":"src/vault/Vault.sol","start":{"line":212,"col":5},"end":{"line":214,"col":6}}},{"message":{"text":"Vault.getEffectiveDeposit(user=e.msg.sender) >= amount ↪ '{0}'","arguments":[{"value":"true","values":["true"],"tooltip":"value of expression","truncatable":false}]},"status":"","childrenList":[{"message":{"text":"Vault.getEffectiveDeposit(user=e.msg.sender) ↪ '{0}'","arguments":[{"value":"0x1","values":["0x1"],"tooltip":"value of expression","truncatable":true}]},"status":"","childrenList":[],"jumpToDefinition":{"file":"certora/specs/Vault.spec","start":{"line":217,"col":13},"end":{"line":217,"col":46}}},{"message":{"text":"amount ↪ '{0}'","arguments":[{"value":"0x1","values":["0x1","1","0x1"],"tooltip":"value of expression","truncatable":true}]},"status":"","childrenList":[],"jumpToDefinition":{"file":"certora/specs/Vault.spec","start":{"line":217,"col":50},"end":{"line":217,"col":56}}}],"jumpToDefinition":{"file":"certora/specs/Vault.spec","start":{"line":217,"col":13},"end":{"line":217,"col":56}}}],"jumpToDefinition":{"file":"certora/specs/Vault.spec","start":{"line":217,"col":5},"end":{"line":217,"col":57}}},{"message":{"text":"require Vault.canWithdraw()","arguments":[]},"status":"","childrenList":[{"message":{"text":"Vault.canWithdraw() ↪ '{0}'","arguments":[{"value":"true","values":["true"],"tooltip":"value","truncatable":false}]},"status":"","childrenList":[{"message":{"text":"Load from Vault.[raw storage address] '{0}' ↪ '{1}'","arguments":[{"value":"Vault","values":["Vault","Vault","0xf"],"tooltip":"address","truncatable":false},{"value":"0x1","values":["0x1","1","0x1"],"tooltip":"storage value","truncatable":true}]},"status":"","childrenList":[],"jumpToDefinition":null},{"message":{"text":"Evaluate branch condition","arguments":[]},"status":"","childrenList":[],"jumpToDefinition":{"file":"src/vault/Vault.sol","start":{"line":61,"col":1},"end":{"line":463,"col":2}}},{"message":{"text":"Evaluate branch condition","arguments":[]},"status":"","childrenList":[],"jumpToDefinition":{"file":"src/vault/Vault.sol","start":{"line":61,"col":1},"end":{"line":463,"col":2}}},{"message":{"text":"Vault.canWithdraw() ↪ '{0}'","arguments":[{"value":"true","values":["true"],"tooltip":"return value","truncatable":false}]},"status":"","childrenList":[],"jumpToDefinition":{"file":"src/vault/Vault.sol","start":{"line":61,"col":1},"end":{"line":463,"col":2}}},{"message":{"text":"Global State","arguments":[]},"status":"","childrenList":[{"message":{"text":"Storage State","arguments":[]},"status":"","childrenList":[{"message":{"text":"Vault","arguments":[]},"status":"","childrenList":[{"message":{"text":"_status: '{0}'","arguments":[{"value":"0x0","values":["0x0","0","0x0"],"tooltip":"storage value","truncatable":true}]},"status":"HAVOC","childrenList":[],"jumpToDefinition":{"file":"src/vault/Vault.sol","start":{"line":61,"col":1},"end":{"line":463,"col":2}},"changedSincePreviousPrint":false,"changedSinceStart":false},{"message":{"text":"originalDeposits['{0}']: '{1}'","arguments":[{"value":"0x4e21","values":["0x4e21","0x4e21","0x4e21"],"tooltip":"key","truncatable":true},{"value":"0x1","values":["0x1","1","0x1"],"tooltip":"storage value","truncatable":true}]},"status":"HAVOC","childrenList":[],"jumpToDefinition":{"file":"src/vault/Vault.sol","start":{"line":61,"col":1},"end":{"line":463,"col":2}},"changedSincePreviousPrint":false,"changedSinceStart":false},{"message":{"text":"rebaseMultiplier: '{0}'","arguments":[{"value":"0xde0b6b3a7640000","values":["0xde0b6b3a7640000","1000000000000000000","0xde0b6b3a7640000"],"tooltip":"storage value","truncatable":true}]},"status":"HAVOC","childrenList":[],"jumpToDefinition":{"file":"src/vault/Vault.sol","start":{"line":61,"col":1},"end":{"line":463,"col":2}},"changedSincePreviousPrint":false,"changedSinceStart":false},{"message":{"text":"surplusInputToken: '{0}'","arguments":[{"value":"0x0","values":["0x0","0","0x0"],"tooltip":"storage value","truncatable":true}]},"status":"HAVOC","childrenList":[],"jumpToDefinition":{"file":"src/vault/Vault.sol","start":{"line":61,"col":1},"end":{"line":463,"col":2}},"changedSincePreviousPrint":false,"changedSinceStart":false},{"message":{"text":"totalDeposits: '{0}'","arguments":[{"value":"0x1","values":["0x1","1","0x1"],"tooltip":"storage value","truncatable":true}]},"status":"HAVOC","childrenList":[],"jumpToDefinition":{"file":"src/vault/Vault.sol","start":{"line":61,"col":1},"end":{"line":463,"col":2}},"changedSincePreviousPrint":false,"changedSinceStart":false},{"message":{"text":"yieldSource: '{0}'","arguments":[{"value":"Vault","values":["Vault","Vault","0xf"],"tooltip":"storage value","truncatable":false}]},"status":"HAVOC","childrenList":[],"jumpToDefinition":{"file":"src/vault/Vault.sol","start":{"line":61,"col":1},"end":{"line":463,"col":2}},"changedSincePreviousPrint":false,"changedSinceStart":false}],"jumpToDefinition":null,"storageId":null},{"message":{"text":"MockERC20","arguments":[]},"status":"","childrenList":[{"message":{"text":"balanceOf['{0}']: '{1}'","arguments":[{"value":"Vault","values":["Vault","Vault","0xf"],"tooltip":"key","truncatable":false},{"value":"0x5","values":["0x5","5","0x5"],"tooltip":"storage value","truncatable":true}]},"status":"HAVOC","childrenList":[],"jumpToDefinition":{"file":"test/mocks/Mocks.sol","start":{"line":9,"col":1},"end":{"line":52,"col":2}},"changedSincePreviousPrint":false,"changedSinceStart":false},{"message":{"text":"balanceOf['{0}']: '{1}'","arguments":[{"value":"0x4e21","values":["0x4e21","0x4e21","0x4e21"],"tooltip":"key","truncatable":true},{"value":"0x757a","values":["0x757a","30074","0x757a"],"tooltip":"storage value","truncatable":true}]},"status":"HAVOC","childrenList":[],"jumpToDefinition":{"file":"test/mocks/Mocks.sol","start":{"line":9,"col":1},"end":{"line":52,"col":2}},"changedSincePreviousPrint":false,"changedSinceStart":false}],"jumpToDefinition":null,"storageId":null}],"jumpToDefinition":null,"storageId":3},{"message":{"text":"Balances","arguments":[]},"status":"","childrenList":[{"message":{"text":"0x4e21.balance: '{0}'","arguments":[{"value":"0x1","values":["0x1","1","0x1"],"tooltip":"balance","truncatable":true}]},"status":"","childrenList":[],"jumpToDefinition":null},{"message":{"text":"MockERC20.balance: '{0}'","arguments":[{"value":"0x2","values":["0x2","2","0x2"],"tooltip":"balance","truncatable":true}]},"status":"","childrenList":[],"jumpToDefinition":null},{"message":{"text":"Vault.balance: '{0}'","arguments":[{"value":"0x0","values":["0x0","0","0x0"],"tooltip":"balance","truncatable":true}]},"status":"","childrenList":[],"jumpToDefinition":null}],"jumpToDefinition":null,"storageId":3}],"jumpToDefinition":null,"storageId":null},{"message":{"text":"Return","arguments":[]},"status":"","childrenList":[],"jumpToDefinition":{"file":"src/vault/Vault.sol","start":{"line":61,"col":1},"end":{"line":463,"col":2}}}],"jumpToDefinition":{"file":"src/vault/Vault.sol","start":{"line":379,"col":5},"end":{"line":381,"col":6}}}],"jumpToDefinition":{"file":"certora/specs/Vault.spec","start":{"line":218,"col":5},"end":{"line":218,"col":27}}},{"message":{"text":"require amount > 0 && amount < 2^128","arguments":[]},"status":"","childrenList":[],"jumpToDefinition":{"file":"certora/specs/Vault.spec","start":{"line":219,"col":5},"end":{"line":219,"col":42}}},{"message":{"text":"require Vault.rebaseMultiplier() > 0","arguments":[]},"status":"","childrenList":[{"message":{"text":"Vault.rebaseMultiplier() ↪ '{0}'","arguments":[{"value":"0xde0b6b3a7640000","values":["0xde0b6b3a7640000","1000000000000000000","0xde0b6b3a7640000"],"tooltip":"value","truncatable":true}]},"status":"","childrenList":[{"message":{"text":"Load from Vault.[raw storage address] '{0}' ↪ '{1}'","arguments":[{"value":"Vault","values":["Vault","Vault","0xf"],"tooltip":"address","truncatable":false},{"value":"0x1","values":["0x1","1","0x1"],"tooltip":"storage value","truncatable":true}]},"status":"","childrenList":[],"jumpToDefinition":null},{"message":{"text":"Evaluate branch condition","arguments":[]},"status":"","childrenList":[],"jumpToDefinition":{"file":"src/vault/Vault.sol","start":{"line":61,"col":1},"end":{"line":463,"col":2}}},{"message":{"text":"Evaluate branch condition","arguments":[]},"status":"","childrenList":[],"jumpToDefinition":{"file":"src/vault/Vault.sol","start":{"line":61,"col":1},"end":{"line":463,"col":2}}},{"message":{"text":"Load from Vault.rebaseMultiplier ↪ '{0}'","arguments":[{"value":"0xde0b6b3a7640000","values":["0xde0b6b3a7640000","1000000000000000000","0xde0b6b3a7640000"],"tooltip":"storage value","truncatable":true}]},"status":"","childrenList":[],"jumpToDefinition":{"file":"src/vault/Vault.sol","start":{"line":61,"col":1},"end":{"line":463,"col":2}}},{"message":{"text":"Return","arguments":[]},"status":"","childrenList":[],"jumpToDefinition":{"file":"src/vault/Vault.sol","start":{"line":61,"col":1},"end":{"line":463,"col":2}}}],"jumpToDefinition":{"file":"src/vault/Vault.sol","start":{"line":97,"col":5},"end":{"line":97,"col":36}}}],"jumpToDefinition":{"file":"certora/specs/Vault.spec","start":{"line":220,"col":5},"end":{"line":220,"col":36}}},{"message":{"text":"userBalanceBefore = MockERC20.balanceOf(e, e.msg.sender)","arguments":[]},"status":"","childrenList":[{"message":{"text":"MockERC20.balanceOf('{0}') ↪ '{1}'","arguments":[{"value":"0x4e21","values":["0x4e21","0x4e21","0x4e21"],"tooltip":"value","truncatable":true},{"value":"0x757a","values":["0x757a","30074","0x757a"],"tooltip":"value","truncatable":true}]},"status":"","childrenList":[{"message":{"text":"sender: '{0}'; receiver: '{1}'; transferred amount: '{2}'","arguments":[{"value":"0x4e21","values":["0x4e21","0x4e21","0x4e21"],"tooltip":"address of sender","truncatable":true},{"value":"MockERC20","values":["MockERC20","MockERC20","0xd"],"tooltip":"address of receiver","truncatable":false},{"value":"0x0","values":["0x0","0","0x0"],"tooltip":"transferred amount","truncatable":true}]},"status":"TRANSFER","childrenList":[{"message":{"text":"Load from: sender.balance ↪ '{0}'","arguments":[{"value":"0x1","values":["0x1","1","0x1"],"tooltip":"balance","truncatable":true}]},"status":"","childrenList":[],"jumpToDefinition":null},{"message":{"text":"Store at: sender.balance ↪ '{0}'","arguments":[{"value":"0x1","values":["0x1","1","0x1"],"tooltip":"balance","truncatable":true}]},"status":"","childrenList":[],"jumpToDefinition":null},{"message":{"text":"Load from: receiver.balance ↪ '{0}'","arguments":[{"value":"0x2","values":["0x2","2","0x2"],"tooltip":"balance","truncatable":true}]},"status":"","childrenList":[],"jumpToDefinition":null},{"message":{"text":"Store at: receiver.balance ↪ '{0}'","arguments":[{"value":"0x2","values":["0x2","2","0x2"],"tooltip":"balance","truncatable":true}]},"status":"","childrenList":[],"jumpToDefinition":null}],"jumpToDefinition":null},{"message":{"text":"Load from MockERC20.[raw storage address] '{0}' ↪ '{1}'","arguments":[{"value":"MockERC20","values":["MockERC20","MockERC20","0xd"],"tooltip":"address","truncatable":false},{"value":"0x1","values":["0x1","1","0x1"],"tooltip":"storage value","truncatable":true}]},"status":"","childrenList":[],"jumpToDefinition":null},{"message":{"text":"Evaluate branch condition","arguments":[]},"status":"","childrenList":[],"jumpToDefinition":{"file":"test/mocks/Mocks.sol","start":{"line":9,"col":1},"end":{"line":52,"col":2}}},{"message":{"text":"Evaluate branch condition","arguments":[]},"status":"","childrenList":[],"jumpToDefinition":{"file":"test/mocks/Mocks.sol","start":{"line":9,"col":1},"end":{"line":52,"col":2}}},{"message":{"text":"Evaluate branch condition","arguments":[]},"status":"","childrenList":[],"jumpToDefinition":{"file":"test/mocks/Mocks.sol","start":{"line":9,"col":1},"end":{"line":52,"col":2}}},{"message":{"text":"Load from MockERC20.balanceOf['{0}'] ↪ '{1}'","arguments":[{"value":"0x4e21","values":["0x4e21","0x4e21","0x4e21"],"tooltip":"key","truncatable":true},{"value":"0x757a","values":["0x757a","30074","0x757a"],"tooltip":"storage value","truncatable":true}]},"status":"","childrenList":[],"jumpToDefinition":{"file":"test/mocks/Mocks.sol","start":{"line":9,"col":1},"end":{"line":52,"col":2}}},{"message":{"text":"Return","arguments":[]},"status":"","childrenList":[],"jumpToDefinition":{"file":"test/mocks/Mocks.sol","start":{"line":9,"col":1},"end":{"line":52,"col":2}}}],"jumpToDefinition":{"file":"test/mocks/Mocks.sol","start":{"line":16,"col":5},"end":{"line":16,"col":49}}}],"jumpToDefinition":{"file":"certora/specs/Vault.spec","start":{"line":222,"col":5},"end":{"line":222,"col":71}}},{"message":{"text":"Vault.withdraw@withrevert(e, amount, protectLoss, 0)","arguments":[]},"status":"","childrenList":[{"message":{"text":"Vault.withdraw(amount='{0}', protectLoss='{1}', sFlaxAmount='{2}')","arguments":[{"value":"0x1","values":["0x1","1","0x1"],"tooltip":"value","truncatable":true},{"value":"false","values":["false"],"tooltip":"value","truncatable":false},{"value":"0x0","values":["0x0","0","0x0"],"tooltip":"value","truncatable":true}]},"status":"","childrenList":[{"message":{"text":"sender: '{0}'; receiver: '{1}'; transferred amount: '{2}'","arguments":[{"value":"0x4e21","values":["0x4e21","0x4e21","0x4e21"],"tooltip":"address of sender","truncatable":true},{"value":"Vault","values":["Vault","Vault","0xf"],"tooltip":"address of receiver","truncatable":false},{"value":"0x0","values":["0x0","0","0x0"],"tooltip":"transferred amount","truncatable":true}]},"status":"TRANSFER","childrenList":[{"message":{"text":"Load from: sender.balance ↪ '{0}'","arguments":[{"value":"0x1","values":["0x1","1","0x1"],"tooltip":"balance","truncatable":true}]},"status":"","childrenList":[],"jumpToDefinition":null},{"message":{"text":"Store at: sender.balance ↪ '{0}'","arguments":[{"value":"0x1","values":["0x1","1","0x1"],"tooltip":"balance","truncatable":true}]},"status":"","childrenList":[],"jumpToDefinition":null},{"message":{"text":"Load from: receiver.balance ↪ '{0}'","arguments":[{"value":"0x0","values":["0x0","0","0x0"],"tooltip":"balance","truncatable":true}]},"status":"","childrenList":[],"jumpToDefinition":null},{"message":{"text":"Store at: receiver.balance ↪ '{0}'","arguments":[{"value":"0x0","values":["0x0","0","0x0"],"tooltip":"balance","truncatable":true}]},"status":"","childrenList":[],"jumpToDefinition":null}],"jumpToDefinition":null},{"message":{"text":"Load from Vault.[raw storage address] '{0}' ↪ '{1}'","arguments":[{"value":"Vault","values":["Vault","Vault","0xf"],"tooltip":"address","truncatable":false},{"value":"0x1","values":["0x1","1","0x1"],"tooltip":"storage value","truncatable":true}]},"status":"","childrenList":[],"jumpToDefinition":null},{"message":{"text":"Evaluate branch condition","arguments":[]},"status":"","childrenList":[],"jumpToDefinition":{"file":"src/vault/Vault.sol","start":{"line":61,"col":1},"end":{"line":463,"col":2}}},{"message":{"text":"Evaluate branch condition","arguments":[]},"status":"","childrenList":[],"jumpToDefinition":{"file":"src/vault/Vault.sol","start":{"line":61,"col":1},"end":{"line":463,"col":2}}},{"message":{"text":"Evaluate branch condition","arguments":[]},"status":"","childrenList":[],"jumpToDefinition":{"file":"src/vault/Vault.sol","start":{"line":61,"col":1},"end":{"line":463,"col":2}}},{"message":{"text":"ReentrancyGuard._nonReentrantBefore()","arguments":[]},"status":"","childrenList":[{"message":{"text":"Load from Vault._status ↪ '{0}'","arguments":[{"value":"0x0","values":["0x0","0","0x0"],"tooltip":"storage value","truncatable":true}]},"status":"","childrenList":[],"jumpToDefinition":{"file":"src/vault/Vault.sol","start":{"line":61,"col":1},"end":{"line":463,"col":2}}},{"message":{"text":"Evaluate branch condition","arguments":[]},"status":"","childrenList":[],"jumpToDefinition":{"file":"lib/oz_reflax/utils/ReentrancyGuard.sol","start":{"line":66,"col":9},"end":{"line":68,"col":10}}},{"message":{"text":"Store at Vault._status ↪ '{0}'","arguments":[{"value":"0x2","values":["0x2","2","0x2"],"tooltip":"storage value","truncatable":true}]},"status":"","childrenList":[],"jumpToDefinition":{"file":"src/vault/Vault.sol","start":{"line":61,"col":1},"end":{"line":463,"col":2}}}],"jumpToDefinition":{"file":"lib/oz_reflax/utils/ReentrancyGuard.sol","start":{"line":58,"col":5},"end":{"line":62,"col":6}}},{"message":{"text":"Global State","arguments":[]},"status":"","childrenList":[{"message":{"text":"Storage State","arguments":[]},"status":"","childrenList":[{"message":{"text":"Vault","arguments":[]},"status":"","childrenList":[{"message":{"text":"_status: '{0}' (changed)","arguments":[{"value":"0x2","values":["0x2","2","0x2"],"tooltip":"storage value","truncatable":true}]},"status":"CONCRETE","childrenList":[],"jumpToDefinition":{"file":"src/vault/Vault.sol","start":{"line":61,"col":1},"end":{"line":463,"col":2}},"changedSincePreviousPrint":true,"changedSinceStart":true},{"message":{"text":"originalDeposits['{0}']: '{1}'","arguments":[{"value":"0x4e21","values":["0x4e21","0x4e21","0x4e21"],"tooltip":"key","truncatable":true},{"value":"0x1","values":["0x1","1","0x1"],"tooltip":"storage value","truncatable":true}]},"status":"HAVOC","childrenList":[],"jumpToDefinition":{"file":"src/vault/Vault.sol","start":{"line":61,"col":1},"end":{"line":463,"col":2}},"changedSincePreviousPrint":false,"changedSinceStart":false},{"message":{"text":"rebaseMultiplier: '{0}'","arguments":[{"value":"0xde0b6b3a7640000","values":["0xde0b6b3a7640000","1000000000000000000","0xde0b6b3a7640000"],"tooltip":"storage value","truncatable":true}]},"status":"HAVOC","childrenList":[],"jumpToDefinition":{"file":"src/vault/Vault.sol","start":{"line":61,"col":1},"end":{"line":463,"col":2}},"changedSincePreviousPrint":false,"changedSinceStart":false},{"message":{"text":"surplusInputToken: '{0}'","arguments":[{"value":"0x0","values":["0x0","0","0x0"],"tooltip":"storage value","truncatable":true}]},"status":"HAVOC","childrenList":[],"jumpToDefinition":{"file":"src/vault/Vault.sol","start":{"line":61,"col":1},"end":{"line":463,"col":2}},"changedSincePreviousPrint":false,"changedSinceStart":false},{"message":{"text":"totalDeposits: '{0}'","arguments":[{"value":"0x1","values":["0x1","1","0x1"],"tooltip":"storage value","truncatable":true}]},"status":"HAVOC","childrenList":[],"jumpToDefinition":{"file":"src/vault/Vault.sol","start":{"line":61,"col":1},"end":{"line":463,"col":2}},"changedSincePreviousPrint":false,"changedSinceStart":false},{"message":{"text":"yieldSource: '{0}'","arguments":[{"value":"Vault","values":["Vault","Vault","0xf"],"tooltip":"storage value","truncatable":false}]},"status":"HAVOC","childrenList":[],"jumpToDefinition":{"file":"src/vault/Vault.sol","start":{"line":61,"col":1},"end":{"line":463,"col":2}},"changedSincePreviousPrint":false,"changedSinceStart":false}],"jumpToDefinition":null,"storageId":null},{"message":{"text":"MockERC20","arguments":[]},"status":"","childrenList":[{"message":{"text":"balanceOf['{0}']: '{1}'","arguments":[{"value":"Vault","values":["Vault","Vault","0xf"],"tooltip":"key","truncatable":false},{"value":"0x5","values":["0x5","5","0x5"],"tooltip":"storage value","truncatable":true}]},"status":"HAVOC","childrenList":[],"jumpToDefinition":{"file":"test/mocks/Mocks.sol","start":{"line":9,"col":1},"end":{"line":52,"col":2}},"changedSincePreviousPrint":false,"changedSinceStart":false},{"message":{"text":"balanceOf['{0}']: '{1}'","arguments":[{"value":"0x4e21","values":["0x4e21","0x4e21","0x4e21"],"tooltip":"key","truncatable":true},{"value":"0x757a","values":["0x757a","30074","0x757a"],"tooltip":"storage value","truncatable":true}]},"status":"HAVOC","childrenList":[],"jumpToDefinition":{"file":"test/mocks/Mocks.sol","start":{"line":9,"col":1},"end":{"line":52,"col":2}},"changedSincePreviousPrint":false,"changedSinceStart":false}],"jumpToDefinition":null,"storageId":null}],"jumpToDefinition":null,"storageId":4},{"message":{"text":"Balances","arguments":[]},"status":"","childrenList":[{"message":{"text":"0x4e21.balance: '{0}'","arguments":[{"value":"0x1","values":["0x1","1","0x1"],"tooltip":"balance","truncatable":true}]},"status":"","childrenList":[],"jumpToDefinition":null},{"message":{"text":"MockERC20.balance: '{0}'","arguments":[{"value":"0x2","values":["0x2","2","0x2"],"tooltip":"balance","truncatable":true}]},"status":"","childrenList":[],"jumpToDefinition":null},{"message":{"text":"Vault.balance: '{0}'","arguments":[{"value":"0x0","values":["0x0","0","0x0"],"tooltip":"balance","truncatable":true}]},"status":"","childrenList":[],"jumpToDefinition":null}],"jumpToDefinition":null,"storageId":4}],"jumpToDefinition":null,"storageId":null},{"message":{"text":"Load from Vault.rebaseMultiplier ↪ '{0}'","arguments":[{"value":"0xde0b6b3a7640000","values":["0xde0b6b3a7640000","1000000000000000000","0xde0b6b3a7640000"],"tooltip":"storage value","truncatable":true}]},"status":"","childrenList":[],"jumpToDefinition":{"file":"src/vault/Vault.sol","start":{"line":61,"col":1},"end":{"line":463,"col":2}}},{"message":{"text":"Evaluate branch condition","arguments":[]},"status":"","childrenList":[],"jumpToDefinition":{"file":"src/vault/Vault.sol","start":{"line":61,"col":1},"end":{"line":463,"col":2}}},{"message":{"text":"Vault.canWithdraw() ↪ '{0}'","arguments":[{"value":"true","values":["true"],"tooltip":"return value","truncatable":false}]},"status":"","childrenList":[],"jumpToDefinition":{"file":"src/vault/Vault.sol","start":{"line":247,"col":17},"end":{"line":247,"col":30}}},{"message":{"text":"Global State","arguments":[]},"status":"","childrenList":[{"message":{"text":"Storage State","arguments":[]},"status":"","childrenList":[{"message":{"text":"Vault","arguments":[]},"status":"","childrenList":[{"message":{"text":"_status: '{0}'","arguments":[{"value":"0x2","values":["0x2","2","0x2"],"tooltip":"storage value","truncatable":true}]},"status":"CONCRETE","childrenList":[],"jumpToDefinition":{"file":"src/vault/Vault.sol","start":{"line":61,"col":1},"end":{"line":463,"col":2}},"changedSincePreviousPrint":false,"changedSinceStart":true},{"message":{"text":"originalDeposits['{0}']: '{1}'","arguments":[{"value":"0x4e21","values":["0x4e21","0x4e21","0x4e21"],"tooltip":"key","truncatable":true},{"value":"0x1","values":["0x1","1","0x1"],"tooltip":"storage value","truncatable":true}]},"status":"HAVOC","childrenList":[],"jumpToDefinition":{"file":"src/vault/Vault.sol","start":{"line":61,"col":1},"end":{"line":463,"col":2}},"changedSincePreviousPrint":false,"changedSinceStart":false},{"message":{"text":"rebaseMultiplier: '{0}'","arguments":[{"value":"0xde0b6b3a7640000","values":["0xde0b6b3a7640000","1000000000000000000","0xde0b6b3a7640000"],"tooltip":"storage value","truncatable":true}]},"status":"HAVOC","childrenList":[],"jumpToDefinition":{"file":"src/vault/Vault.sol","start":{"line":61,"col":1},"end":{"line":463,"col":2}},"changedSincePreviousPrint":false,"changedSinceStart":false},{"message":{"text":"surplusInputToken: '{0}'","arguments":[{"value":"0x0","values":["0x0","0","0x0"],"tooltip":"storage value","truncatable":true}]},"status":"HAVOC","childrenList":[],"jumpToDefinition":{"file":"src/vault/Vault.sol","start":{"line":61,"col":1},"end":{"line":463,"col":2}},"changedSincePreviousPrint":false,"changedSinceStart":false},{"message":{"text":"totalDeposits: '{0}'","arguments":[{"value":"0x1","values":["0x1","1","0x1"],"tooltip":"storage value","truncatable":true}]},"status":"HAVOC","childrenList":[],"jumpToDefinition":{"file":"src/vault/Vault.sol","start":{"line":61,"col":1},"end":{"line":463,"col":2}},"changedSincePreviousPrint":false,"changedSinceStart":false},{"message":{"text":"yieldSource: '{0}'","arguments":[{"value":"Vault","values":["Vault","Vault","0xf"],"tooltip":"storage value","truncatable":false}]},"status":"HAVOC","childrenList":[],"jumpToDefinition":{"file":"src/vault/Vault.sol","start":{"line":61,"col":1},"end":{"line":463,"col":2}},"changedSincePreviousPrint":false,"changedSinceStart":false}],"jumpToDefinition":null,"storageId":null},{"message":{"text":"MockERC20","arguments":[]},"status":"","childrenList":[{"message":{"text":"balanceOf['{0}']: '{1}'","arguments":[{"value":"Vault","values":["Vault","Vault","0xf"],"tooltip":"key","truncatable":false},{"value":"0x5","values":["0x5","5","0x5"],"tooltip":"storage value","truncatable":true}]},"status":"HAVOC","childrenList":[],"jumpToDefinition":{"file":"test/mocks/Mocks.sol","start":{"line":9,"col":1},"end":{"line":52,"col":2}},"changedSincePreviousPrint":false,"changedSinceStart":false},{"message":{"text":"balanceOf['{0}']: '{1}'","arguments":[{"value":"0x4e21","values":["0x4e21","0x4e21","0x4e21"],"tooltip":"key","truncatable":true},{"value":"0x757a","values":["0x757a","30074","0x757a"],"tooltip":"storage value","truncatable":true}]},"status":"HAVOC","childrenList":[],"jumpToDefinition":{"file":"test/mocks/Mocks.sol","start":{"line":9,"col":1},"end":{"line":52,"col":2}},"changedSincePreviousPrint":false,"changedSinceStart":false}],"jumpToDefinition":null,"storageId":null}],"jumpToDefinition":null,"storageId":5},{"message":{"text":"Balances","arguments":[]},"status":"","childrenList":[{"message":{"text":"0x4e21.balance: '{0}'","arguments":[{"value":"0x1","values":["0x1","1","0x1"],"tooltip":"balance","truncatable":true}]},"status":"","childrenList":[],"jumpToDefinition":null},{"message":{"text":"MockERC20.balance: '{0}'","arguments":[{"value":"0x2","values":["0x2","2","0x2"],"tooltip":"balance","truncatable":true}]},"status":"","childrenList":[],"jumpToDefinition":null},{"message":{"text":"Vault.balance: '{0}'","arguments":[{"value":"0x0","values":["0x0","0","0x0"],"tooltip":"balance","truncatable":true}]},"status":"","childrenList":[],"jumpToDefinition":null}],"jumpToDefinition":null,"storageId":5}],"jumpToDefinition":null,"storageId":null},{"message":{"text":"Vault.getEffectiveDeposit(user='{0}') ↪ '{1}'","arguments":[{"value":"0x4e21","values":["0x4e21","0x4e21","0x4e21"],"tooltip":"parameter","truncatable":true},{"value":"0x1","values":["0x1","1","0x1"],"tooltip":"return value","truncatable":true}]},"status":"","childrenList":[{"message":{"text":"Load from Vault.originalDeposits['{0}'] ↪ '{1}'","arguments":[{"value":"0x4e21","values":["0x4e21","0x4e21","0x4e21"],"tooltip":"key","truncatable":true},{"value":"0x1","values":["0x1","1","0x1"],"tooltip":"storage value","truncatable":true}]},"status":"","childrenList":[],"jumpToDefinition":{"file":"src/vault/Vault.sol","start":{"line":61,"col":1},"end":{"line":463,"col":2}}},{"message":{"text":"Load from Vault.rebaseMultiplier ↪ '{0}'","arguments":[{"value":"0xde0b6b3a7640000","values":["0xde0b6b3a7640000","1000000000000000000","0xde0b6b3a7640000"],"tooltip":"storage value","truncatable":true}]},"status":"","childrenList":[],"jumpToDefinition":{"file":"src/vault/Vault.sol","start":{"line":61,"col":1},"end":{"line":463,"col":2}}},{"message":{"text":"Evaluate branch condition","arguments":[]},"status":"","childrenList":[],"jumpToDefinition":{"file":"src/vault/Vault.sol","start":{"line":61,"col":1},"end":{"line":463,"col":2}}}],"jumpToDefinition":{"file":"src/vault/Vault.sol","start":{"line":248,"col":17},"end":{"line":248,"col":48}}},{"message":{"text":"Global State","arguments":[]},"status":"","childrenList":[{"message":{"text":"Storage State","arguments":[]},"status":"","childrenList":[{"message":{"text":"Vault","arguments":[]},"status":"","childrenList":[{"message":{"text":"_status: '{0}'","arguments":[{"value":"0x2","values":["0x2","2","0x2"],"tooltip":"storage value","truncatable":true}]},"status":"CONCRETE","childrenList":[],"jumpToDefinition":{"file":"src/vault/Vault.sol","start":{"line":61,"col":1},"end":{"line":463,"col":2}},"changedSincePreviousPrint":false,"changedSinceStart":true},{"message":{"text":"originalDeposits['{0}']: '{1}'","arguments":[{"value":"0x4e21","values":["0x4e21","0x4e21","0x4e21"],"tooltip":"key","truncatable":true},{"value":"0x1","values":["0x1","1","0x1"],"tooltip":"storage value","truncatable":true}]},"status":"HAVOC","childrenList":[],"jumpToDefinition":{"file":"src/vault/Vault.sol","start":{"line":61,"col":1},"end":{"line":463,"col":2}},"changedSincePreviousPrint":false,"changedSinceStart":false},{"message":{"text":"rebaseMultiplier: '{0}'","arguments":[{"value":"0xde0b6b3a7640000","values":["0xde0b6b3a7640000","1000000000000000000","0xde0b6b3a7640000"],"tooltip":"storage value","truncatable":true}]},"status":"HAVOC","childrenList":[],"jumpToDefinition":{"file":"src/vault/Vault.sol","start":{"line":61,"col":1},"end":{"line":463,"col":2}},"changedSincePreviousPrint":false,"changedSinceStart":false},{"message":{"text":"surplusInputToken: '{0}'","arguments":[{"value":"0x0","values":["0x0","0","0x0"],"tooltip":"storage value","truncatable":true}]},"status":"HAVOC","childrenList":[],"jumpToDefinition":{"file":"src/vault/Vault.sol","start":{"line":61,"col":1},"end":{"line":463,"col":2}},"changedSincePreviousPrint":false,"changedSinceStart":false},{"message":{"text":"totalDeposits: '{0}'","arguments":[{"value":"0x1","values":["0x1","1","0x1"],"tooltip":"storage value","truncatable":true}]},"status":"HAVOC","childrenList":[],"jumpToDefinition":{"file":"src/vault/Vault.sol","start":{"line":61,"col":1},"end":{"line":463,"col":2}},"changedSincePreviousPrint":false,"changedSinceStart":false},{"message":{"text":"yieldSource: '{0}'","arguments":[{"value":"Vault","values":["Vault","Vault","0xf"],"tooltip":"storage value","truncatable":false}]},"status":"HAVOC","childrenList":[],"jumpToDefinition":{"file":"src/vault/Vault.sol","start":{"line":61,"col":1},"end":{"line":463,"col":2}},"changedSincePreviousPrint":false,"changedSinceStart":false}],"jumpToDefinition":null,"storageId":null},{"message":{"text":"MockERC20","arguments":[]},"status":"","childrenList":[{"message":{"text":"balanceOf['{0}']: '{1}'","arguments":[{"value":"Vault","values":["Vault","Vault","0xf"],"tooltip":"key","truncatable":false},{"value":"0x5","values":["0x5","5","0x5"],"tooltip":"storage value","truncatable":true}]},"status":"HAVOC","childrenList":[],"jumpToDefinition":{"file":"test/mocks/Mocks.sol","start":{"line":9,"col":1},"end":{"line":52,"col":2}},"changedSincePreviousPrint":false,"changedSinceStart":false},{"message":{"text":"balanceOf['{0}']: '{1}'","arguments":[{"value":"0x4e21","values":["0x4e21","0x4e21","0x4e21"],"tooltip":"key","truncatable":true},{"value":"0x757a","values":["0x757a","30074","0x757a"],"tooltip":"storage value","truncatable":true}]},"status":"HAVOC","childrenList":[],"jumpToDefinition":{"file":"test/mocks/Mocks.sol","start":{"line":9,"col":1},"end":{"line":52,"col":2}},"changedSincePreviousPrint":false,"changedSinceStart":false}],"jumpToDefinition":null,"storageId":null}],"jumpToDefinition":null,"storageId":6},{"message":{"text":"Balances","arguments":[]},"status":"","childrenList":[{"message":{"text":"0x4e21.balance: '{0}'","arguments":[{"value":"0x1","values":["0x1","1","0x1"],"tooltip":"balance","truncatable":true}]},"status":"","childrenList":[],"jumpToDefinition":null},{"message":{"text":"MockERC20.balance: '{0}'","arguments":[{"value":"0x2","values":["0x2","2","0x2"],"tooltip":"balance","truncatable":true}]},"status":"","childrenList":[],"jumpToDefinition":null},{"message":{"text":"Vault.balance: '{0}'","arguments":[{"value":"0x0","values":["0x0","0","0x0"],"tooltip":"balance","truncatable":true}]},"status":"","childrenList":[],"jumpToDefinition":null}],"jumpToDefinition":null,"storageId":6}],"jumpToDefinition":null,"storageId":null},{"message":{"text":"Evaluate branch condition","arguments":[]},"status":"","childrenList":[],"jumpToDefinition":{"file":"src/vault/Vault.sol","start":{"line":61,"col":1},"end":{"line":463,"col":2}}},{"message":{"text":"Evaluate branch condition","arguments":[]},"status":"","childrenList":[],"jumpToDefinition":{"file":"src/vault/Vault.sol","start":{"line":61,"col":1},"end":{"line":463,"col":2}}},{"message":{"text":"Load from Vault.rebaseMultiplier ↪ '{0}'","arguments":[{"value":"0xde0b6b3a7640000","values":["0xde0b6b3a7640000","1000000000000000000","0xde0b6b3a7640000"],"tooltip":"storage value","truncatable":true}]},"status":"","childrenList":[],"jumpToDefinition":{"file":"src/vault/Vault.sol","start":{"line":61,"col":1},"end":{"line":463,"col":2}}},{"message":{"text":"Evaluate branch condition","arguments":[]},"status":"","childrenList":[],"jumpToDefinition":{"file":"src/vault/Vault.sol","start":{"line":61,"col":1},"end":{"line":463,"col":2}}},{"message":{"text":"rawAmountToWithdraw  ↪  '{0}'","arguments":[{"value":"0x1","values":["0x1","1","0x1"],"tooltip":"value","truncatable":true}]},"status":"","childrenList":[],"jumpToDefinition":{"file":"src/vault/Vault.sol","start":{"line":253,"col":9},"end":{"line":253,"col":73}}},{"message":{"text":"Load from Vault.originalDeposits['{0}'] ↪ '{1}'","arguments":[{"value":"0x4e21","values":["0x4e21","0x4e21","0x4e21"],"tooltip":"key","truncatable":true},{"value":"0x1","values":["0x1","1","0x1"],"tooltip":"storage value","truncatable":true}]},"status":"","childrenList":[],"jumpToDefinition":{"file":"src/vault/Vault.sol","start":{"line":61,"col":1},"end":{"line":463,"col":2}}},{"message":{"text":"Evaluate branch condition","arguments":[]},"status":"","childrenList":[],"jumpToDefinition":{"file":"src/vault/Vault.sol","start":{"line":61,"col":1},"end":{"line":463,"col":2}}},{"message":{"text":"balanceOf(address): DISPATCHER(optimistic = true) summary @ Vault.spec:27:47()","arguments":[]},"status":"DISPATCHER","childrenList":[{"message":{"text":"MockERC20.balanceOf('{0}') ↪ '{1}'","arguments":[{"value":"Vault","values":["Vault","Vault","0xf"],"tooltip":"value","truncatable":false},{"value":"0x5","values":["0x5","5","0x5"],"tooltip":"value","truncatable":true}]},"status":"","childrenList":[{"message":{"text":"Load from MockERC20.[raw storage address] '{0}' ↪ '{1}'","arguments":[{"value":"MockERC20","values":["MockERC20","MockERC20","0xd"],"tooltip":"address","truncatable":false},{"value":"0x1","values":["0x1","1","0x1"],"tooltip":"storage value","truncatable":true}]},"status":"","childrenList":[],"jumpToDefinition":null},{"message":{"text":"Evaluate branch condition","arguments":[]},"status":"","childrenList":[],"jumpToDefinition":{"file":"test/mocks/Mocks.sol","start":{"line":9,"col":1},"end":{"line":52,"col":2}}},{"message":{"text":"Evaluate branch condition","arguments":[]},"status":"","childrenList":[],"jumpToDefinition":{"file":"test/mocks/Mocks.sol","start":{"line":9,"col":1},"end":{"line":52,"col":2}}},{"message":{"text":"Evaluate branch condition","arguments":[]},"status":"","childrenList":[],"jumpToDefinition":{"file":"test/mocks/Mocks.sol","start":{"line":9,"col":1},"end":{"line":52,"col":2}}},{"message":{"text":"Load from MockERC20.balanceOf['{0}'] ↪ '{1}'","arguments":[{"value":"Vault","values":["Vault","Vault","0xf"],"tooltip":"key","truncatable":false},{"value":"0x5","values":["0x5","5","0x5"],"tooltip":"storage value","truncatable":true}]},"status":"","childrenList":[],"jumpToDefinition":{"file":"test/mocks/Mocks.sol","start":{"line":9,"col":1},"end":{"line":52,"col":2}}},{"message":{"text":"Return","arguments":[]},"status":"","childrenList":[],"jumpToDefinition":{"file":"test/mocks/Mocks.sol","start":{"line":9,"col":1},"end":{"line":52,"col":2}}}],"jumpToDefinition":{"file":"test/mocks/Mocks.sol","start":{"line":16,"col":5},"end":{"line":16,"col":49}}}],"jumpToDefinition":{"file":"certora/specs/Vault.spec","start":{"line":27,"col":47},"end":{"line":27,"col":63}}},{"message":{"text":"Evaluate branch condition","arguments":[]},"status":"","childrenList":[],"jumpToDefinition":{"file":"src/vault/Vault.sol","start":{"line":256,"col":33},"end":{"line":256,"col":68}}},{"message":{"text":"Evaluate branch condition","arguments":[]},"status":"","childrenList":[],"jumpToDefinition":{"file":"src/vault/Vault.sol","start":{"line":256,"col":33},"end":{"line":256,"col":68}}},{"message":{"text":"Evaluate branch condition","arguments":[]},"status":"","childrenList":[],"jumpToDefinition":{"file":"src/vault/Vault.sol","start":{"line":61,"col":1},"end":{"line":463,"col":2}}},{"message":{"text":"Evaluate branch condition","arguments":[]},"status":"","childrenList":[],"jumpToDefinition":{"file":"src/vault/Vault.sol","start":{"line":61,"col":1},"end":{"line":463,"col":2}}},{"message":{"text":"balanceBefore  ↪  '{0}'","arguments":[{"value":"0x5","values":["0x5","5","0x5"],"tooltip":"value","truncatable":true}]},"status":"","childrenList":[],"jumpToDefinition":{"file":"src/vault/Vault.sol","start":{"line":256,"col":9},"end":{"line":256,"col":68}}},{"message":{"text":"Load from Vault.yieldSource ↪ '{0}'","arguments":[{"value":"Vault","values":["Vault","Vault","0xf"],"tooltip":"storage value","truncatable":false}]},"status":"","childrenList":[],"jumpToDefinition":{"file":"src/vault/Vault.sol","start":{"line":61,"col":1},"end":{"line":463,"col":2}}},{"message":{"text":"withdraw(uint256): AUTO summary @ [internally generated]()","arguments":[]},"status":"DEFAULT HAVOC","childrenList":[{"message":{"text":"All non-persistent ghosts were havoc'd","arguments":[]},"status":"","childrenList":[],"jumpToDefinition":null}],"jumpToDefinition":null},{"message":{"text":"Evaluate branch condition","arguments":[]},"status":"","childrenList":[],"jumpToDefinition":{"file":"src/vault/Vault.sol","start":{"line":257,"col":49},"end":{"line":257,"col":105}}},{"message":{"text":"Evaluate branch condition","arguments":[]},"status":"","childrenList":[],"jumpToDefinition":{"file":"src/vault/Vault.sol","start":{"line":257,"col":49},"end":{"line":257,"col":105}}},{"message":{"text":"Evaluate branch condition","arguments":[]},"status":"","childrenList":[],"jumpToDefinition":{"file":"src/vault/Vault.sol","start":{"line":61,"col":1},"end":{"line":463,"col":2}}},{"message":{"text":"Declare received,flaxValue","arguments":[]},"status":"","childrenList":[],"jumpToDefinition":{"file":"src/vault/Vault.sol","start":{"line":257,"col":9},"end":{"line":257,"col":105}}},{"message":{"text":"balanceOf(address): DISPATCHER(optimistic = true) summary @ Vault.spec:27:47()","arguments":[]},"status":"DISPATCHER","childrenList":[{"message":{"text":"MockERC20.balanceOf('{0}') ↪ '{1}'","arguments":[{"value":"Vault","values":["Vault","Vault","0xf"],"tooltip":"value","truncatable":false},{"value":"0x5","values":["0x5","5","0x5"],"tooltip":"value","truncatable":true}]},"status":"","childrenList":[{"message":{"text":"Load from MockERC20.[raw storage address] '{0}' ↪ '{1}'","arguments":[{"value":"MockERC20","values":["MockERC20","MockERC20","0xd"],"tooltip":"address","truncatable":false},{"value":"0x1","values":["0x1","1","0x1"],"tooltip":"storage value","truncatable":true}]},"status":"","childrenList":[],"jumpToDefinition":null},{"message":{"text":"Evaluate branch condition","arguments":[]},"status":"","childrenList":[],"jumpToDefinition":{"file":"test/mocks/Mocks.sol","start":{"line":9,"col":1},"end":{"line":52,"col":2}}},{"message":{"text":"Evaluate branch condition","arguments":[]},"status":"","childrenList":[],"jumpToDefinition":{"file":"test/mocks/Mocks.sol","start":{"line":9,"col":1},"end":{"line":52,"col":2}}},{"message":{"text":"Evaluate branch condition","arguments":[]},"status":"","childrenList":[],"jumpToDefinition":{"file":"test/mocks/Mocks.sol","start":{"line":9,"col":1},"end":{"line":52,"col":2}}},{"message":{"text":"Load from MockERC20.balanceOf['{0}'] ↪ '{1}'","arguments":[{"value":"Vault","values":["Vault","Vault","0xf"],"tooltip":"key","truncatable":false},{"value":"0x5","values":["0x5","5","0x5"],"tooltip":"storage value","truncatable":true}]},"status":"","childrenList":[],"jumpToDefinition":{"file":"test/mocks/Mocks.sol","start":{"line":9,"col":1},"end":{"line":52,"col":2}}},{"message":{"text":"Return","arguments":[]},"status":"","childrenList":[],"jumpToDefinition":{"file":"test/mocks/Mocks.sol","start":{"line":9,"col":1},"end":{"line":52,"col":2}}}],"jumpToDefinition":{"file":"test/mocks/Mocks.sol","start":{"line":16,"col":5},"end":{"line":16,"col":49}}}],"jumpToDefinition":{"file":"certora/specs/Vault.spec","start":{"line":27,"col":47},"end":{"line":27,"col":63}}},{"message":{"text":"Evaluate branch condition","arguments":[]},"status":"","childrenList":[],"jumpToDefinition":{"file":"src/vault/Vault.sol","start":{"line":258,"col":32},"end":{"line":258,"col":67}}},{"message":{"text":"Evaluate branch condition","arguments":[]},"status":"","childrenList":[],"jumpToDefinition":{"file":"src/vault/Vault.sol","start":{"line":258,"col":32},"end":{"line":258,"col":67}}},{"message":{"text":"Evaluate branch condition","arguments":[]},"status":"","childrenList":[],"jumpToDefinition":{"file":"src/vault/Vault.sol","start":{"line":61,"col":1},"end":{"line":463,"col":2}}},{"message":{"text":"balanceAfter  ↪  '{0}'","arguments":[{"value":"0x5","values":["0x5","5","0x5"],"tooltip":"value","truncatable":true}]},"status":"","childrenList":[],"jumpToDefinition":{"file":"src/vault/Vault.sol","start":{"line":258,"col":9},"end":{"line":258,"col":67}}},{"message":{"text":"Evaluate branch condition","arguments":[]},"status":"","childrenList":[],"jumpToDefinition":{"file":"src/vault/Vault.sol","start":{"line":61,"col":1},"end":{"line":463,"col":2}}},{"message":{"text":"Evaluate branch condition","arguments":[]},"status":"","childrenList":[],"jumpToDefinition":{"file":"src/vault/Vault.sol","start":{"line":61,"col":1},"end":{"line":463,"col":2}}},{"message":{"text":"totalFlax  ↪  '{0}'","arguments":[{"value":"0x0","values":["0x0","0","0x0"],"tooltip":"value","truncatable":true}]},"status":"","childrenList":[],"jumpToDefinition":{"file":"src/vault/Vault.sol","start":{"line":261,"col":9},"end":{"line":261,"col":38}}},{"message":{"text":"Evaluate branch condition","arguments":[]},"status":"","childrenList":[],"jumpToDefinition":{"file":"src/vault/Vault.sol","start":{"line":263,"col":13},"end":{"line":263,"col":48}}},{"message":{"text":"Evaluate branch condition","arguments":[]},"status":"","childrenList":[],"jumpToDefinition":{"file":"src/vault/Vault.sol","start":{"line":263,"col":9},"end":{"line":269,"col":10}}},{"message":{"text":"Evaluate branch condition","arguments":[]},"status":"","childrenList":[],"jumpToDefinition":{"file":"src/vault/Vault.sol","start":{"line":271,"col":9},"end":{"line":274,"col":10}}},{"message":{"text":"Load from Vault.originalDeposits['{0}'] ↪ '{1}'","arguments":[{"value":"0x4e21","values":["0x4e21","0x4e21","0x4e21"],"tooltip":"key","truncatable":true},{"value":"0x1","values":["0x1","1","0x1"],"tooltip":"storage value","truncatable":true}]},"status":"","childrenList":[],"jumpToDefinition":{"file":"src/vault/Vault.sol","start":{"line":61,"col":1},"end":{"line":463,"col":2}}},{"message":{"text":"Evaluate branch condition","arguments":[]},"status":"","childrenList":[],"jumpToDefinition":{"file":"src/vault/Vault.sol","start":{"line":61,"col":1},"end":{"line":463,"col":2}}},{"message":{"text":"Store at Vault.originalDeposits['{0}'] ↪ '{1}'","arguments":[{"value":"0x4e21","values":["0x4e21","0x4e21","0x4e21"],"tooltip":"key","truncatable":true},{"value":"0x0","values":["0x0","0","0x0"],"tooltip":"storage value","truncatable":true}]},"status":"","childrenList":[],"jumpToDefinition":{"file":"src/vault/Vault.sol","start":{"line":61,"col":1},"end":{"line":463,"col":2}}},{"message":{"text":"Load from Vault.totalDeposits ↪ '{0}'","arguments":[{"value":"0x1","values":["0x1","1","0x1"],"tooltip":"storage value","truncatable":true}]},"status":"","childrenList":[],"jumpToDefinition":{"file":"src/vault/Vault.sol","start":{"line":61,"col":1},"end":{"line":463,"col":2}}},{"message":{"text":"Evaluate branch condition","arguments":[]},"status":"","childrenList":[],"jumpToDefinition":{"file":"src/vault/Vault.sol","start":{"line":61,"col":1},"end":{"line":463,"col":2}}},{"message":{"text":"Store at Vault.totalDeposits ↪ '{0}'","arguments":[{"value":"0x0","values":["0x0","0","0x0"],"tooltip":"storage value","truncatable":true}]},"status":"","childrenList":[],"jumpToDefinition":{"file":"src/vault/Vault.sol","start":{"line":61,"col":1},"end":{"line":463,"col":2}}},{"message":{"text":"actualWithdrawn  ↪  '{0}'","arguments":[{"value":"0x0","values":["0x0","0","0x0"],"tooltip":"value","truncatable":true}]},"status":"","childrenList":[],"jumpToDefinition":{"file":"src/vault/Vault.sol","start":{"line":280,"col":9},"end":{"line":280,"col":32}}},{"message":{"text":"Evaluate branch condition","arguments":[]},"status":"","childrenList":[],"jumpToDefinition":{"file":"src/vault/Vault.sol","start":{"line":281,"col":13},"end":{"line":281,"col":30}}},{"message":{"text":"Evaluate branch condition","arguments":[]},"status":"","childrenList":[],"jumpToDefinition":{"file":"src/vault/Vault.sol","start":{"line":285,"col":20},"end":{"line":285,"col":37}}},{"message":{"text":"Evaluate branch condition","arguments":[]},"status":"","childrenList":[],"jumpToDefinition":{"file":"src/vault/Vault.sol","start":{"line":61,"col":1},"end":{"line":463,"col":2}}},{"message":{"text":"Load from Vault.surplusInputToken ↪ '{0}'","arguments":[{"value":"0x0","values":["0x0","0","0x0"],"tooltip":"storage value","truncatable":true}]},"status":"","childrenList":[],"jumpToDefinition":{"file":"src/vault/Vault.sol","start":{"line":61,"col":1},"end":{"line":463,"col":2}}},{"message":{"text":"Evaluate branch condition","arguments":[]},"status":"","childrenList":[],"jumpToDefinition":{"file":"src/vault/Vault.sol","start":{"line":287,"col":17},"end":{"line":287,"col":47}}},{"message":{"text":"Evaluate branch condition","arguments":[]},"status":"","childrenList":[],"jumpToDefinition":{"file":"src/vault/Vault.sol","start":{"line":291,"col":20},"end":{"line":296,"col":14}}},{"message":{"text":"SafeERC20.safeTransfer(token='{0}', to='{1}', value='{2}')","arguments":[{"value":"MockERC20","values":["MockERC20","MockERC20","0xd"],"tooltip":"1st parameter","truncatable":false},{"value":"0x4e21","values":["0x4e21","0x4e21","0x4e21"],"tooltip":"2nd parameter","truncatable":true},{"value":"0x0","values":["0x0","0","0x0"],"tooltip":"3rd parameter","truncatable":true}]},"status":"","childrenList":[{"message":{"text":"Evaluate branch condition","arguments":[]},"status":"","childrenList":[],"jumpToDefinition":{"file":"src/vault/Vault.sol","start":{"line":61,"col":1},"end":{"line":463,"col":2}}},{"message":{"text":"SafeERC20._callOptionalReturn(token='{0}', data=bytes)","arguments":[{"value":"MockERC20","values":["MockERC20","MockERC20","0xd"],"tooltip":"1st parameter","truncatable":false}]},"status":"","childrenList":[{"message":{"text":"returnSize  ↪  '{0}'","arguments":[{"value":"0x0","values":["0x0","0","0x0"],"tooltip":"value","truncatable":true}]},"status":"","childrenList":[],"jumpToDefinition":{"file":"lib/oz_reflax/token/ERC20/utils/SafeERC20.sol","start":{"line":48,"col":9},"end":{"line":48,"col":27}}},{"message":{"text":"returnValue  ↪  '{0}'","arguments":[{"value":"0x0","values":["0x0","0","0x0"],"tooltip":"value","truncatable":true}]},"status":"","childrenList":[],"jumpToDefinition":{"file":"lib/oz_reflax/token/ERC20/utils/SafeERC20.sol","start":{"line":49,"col":9},"end":{"line":49,"col":28}}},{"message":{"text":"transfer(address,uint256): DISPATCHER(optimistic = true) summary @ Vault.spec:31:55()","arguments":[]},"status":"DISPATCHER","childrenList":[{"message":{"text":"MockERC20.transfer(to='{0}', amount='{1}') ↪ '{2}'","arguments":[{"value":"0x4e21","values":["0x4e21","0x4e21","0x4e21"],"tooltip":"value","truncatable":true},{"value":"0x0","values":["0x0","0","0x0"],"tooltip":"value","truncatable":true},{"value":"true","values":["true"],"tooltip":"value","truncatable":false}]},"status":"","childrenList":[{"message":{"text":"Load from MockERC20.[raw storage address] '{0}' ↪ '{1}'","arguments":[{"value":"MockERC20","values":["MockERC20","MockERC20","0xd"],"tooltip":"address","truncatable":false},{"value":"0x1","values":["0x1","1","0x1"],"tooltip":"storage value","truncatable":true}]},"status":"","childrenList":[],"jumpToDefinition":null},{"message":{"text":"Evaluate branch condition","arguments":[]},"status":"","childrenList":[],"jumpToDefinition":{"file":"test/mocks/Mocks.sol","start":{"line":9,"col":1},"end":{"line":52,"col":2}}},{"message":{"text":"Evaluate branch condition","arguments":[]},"status":"","childrenList":[],"jumpToDefinition":{"file":"test/mocks/Mocks.sol","start":{"line":9,"col":1},"end":{"line":52,"col":2}}},{"message":{"text":"Evaluate branch condition","arguments":[]},"status":"","childrenList":[],"jumpToDefinition":{"file":"test/mocks/Mocks.sol","start":{"line":9,"col":1},"end":{"line":52,"col":2}}},{"message":{"text":"Load from MockERC20.balanceOf['{0}'] ↪ '{1}'","arguments":[{"value":"Vault","values":["Vault","Vault","0xf"],"tooltip":"key","truncatable":false},{"value":"0x5","values":["0x5","5","0x5"],"tooltip":"storage value","truncatable":true}]},"status":"","childrenList":[],"jumpToDefinition":{"file":"test/mocks/Mocks.sol","start":{"line":9,"col":1},"end":{"line":52,"col":2}}},{"message":{"text":"Evaluate branch condition","arguments":[]},"status":"","childrenList":[],"jumpToDefinition":{"file":"test/mocks/Mocks.sol","start":{"line":9,"col":1},"end":{"line":52,"col":2}}},{"message":{"text":"Store at MockERC20.balanceOf['{0}'] ↪ '{1}'","arguments":[{"value":"Vault","values":["Vault","Vault","0xf"],"tooltip":"key","truncatable":false},{"value":"0x5","values":["0x5","5","0x5"],"tooltip":"storage value","truncatable":true}]},"status":"","childrenList":[],"jumpToDefinition":{"file":"test/mocks/Mocks.sol","start":{"line":9,"col":1},"end":{"line":52,"col":2}}},{"message":{"text":"Load from MockERC20.balanceOf['{0}'] ↪ '{1}'","arguments":[{"value":"0x4e21","values":["0x4e21","0x4e21","0x4e21"],"tooltip":"key","truncatable":true},{"value":"0x0","values":["0x0","0","0x0"],"tooltip":"storage value","truncatable":true}]},"status":"","childrenList":[],"jumpToDefinition":{"file":"test/mocks/Mocks.sol","start":{"line":9,"col":1},"end":{"line":52,"col":2}}},{"message":{"text":"Evaluate branch condition","arguments":[]},"status":"","childrenList":[],"jumpToDefinition":{"file":"test/mocks/Mocks.sol","start":{"line":9,"col":1},"end":{"line":52,"col":2}}},{"message":{"text":"Store at MockERC20.balanceOf['{0}'] ↪ '{1}'","arguments":[{"value":"0x4e21","values":["0x4e21","0x4e21","0x4e21"],"tooltip":"key","truncatable":true},{"value":"0x0","values":["0x0","0","0x0"],"tooltip":"storage value","truncatable":true}]},"status":"","childrenList":[],"jumpToDefinition":{"file":"test/mocks/Mocks.sol","start":{"line":9,"col":1},"end":{"line":52,"col":2}}},{"message":{"text":"Return","arguments":[]},"status":"","childrenList":[],"jumpToDefinition":{"file":"test/mocks/Mocks.sol","start":{"line":9,"col":1},"end":{"line":52,"col":2}}}],"jumpToDefinition":{"file":"test/mocks/Mocks.sol","start":{"line":37,"col":5},"end":{"line":42,"col":6}}}],"jumpToDefinition":{"file":"certora/specs/Vault.spec","start":{"line":31,"col":55},"end":{"line":31,"col":71}}},{"message":{"text":"Evaluate branch condition","arguments":[]},"status":"","childrenList":[],"jumpToDefinition":{"file":"lib/oz_reflax/token/ERC20/utils/SafeERC20.sol","start":{"line":50,"col":9},"end":{"line":60,"col":10}}},{"message":{"text":"Evaluate branch condition","arguments":[]},"status":"","childrenList":[],"jumpToDefinition":{"file":"lib/oz_reflax/token/ERC20/utils/SafeERC20.sol","start":{"line":62,"col":13},"end":{"line":62,"col":28}}},{"message":{"text":"Evaluate branch condition","arguments":[]},"status":"","childrenList":[],"jumpToDefinition":{"file":"lib/oz_reflax/token/ERC20/utils/SafeERC20.sol","start":{"line":62,"col":9},"end":{"line":64,"col":10}}}],"jumpToDefinition":{"file":"lib/oz_reflax/token/ERC20/utils/SafeERC20.sol","start":{"line":28,"col":36},"end":{"line":28,"col":79}}},{"message":{"text":"Global State","arguments":[]},"status":"","childrenList":[{"message":{"text":"Storage State","arguments":[]},"status":"","childrenList":[{"message":{"text":"Vault","arguments":[]},"status":"","childrenList":[{"message":{"text":"_status: '{0}'","arguments":[{"value":"0x2","values":["0x2","2","0x2"],"tooltip":"storage value","truncatable":true}]},"status":"CONCRETE","childrenList":[],"jumpToDefinition":{"file":"src/vault/Vault.sol","start":{"line":61,"col":1},"end":{"line":463,"col":2}},"changedSincePreviousPrint":false,"changedSinceStart":true},{"message":{"text":"originalDeposits['{0}']: '{1}' (changed)","arguments":[{"value":"0x4e21","values":["0x4e21","0x4e21","0x4e21"],"tooltip":"key","truncatable":true},{"value":"0x0","values":["0x0","0","0x0"],"tooltip":"storage value","truncatable":true}]},"status":"HAVOC DEPENDENT","childrenList":[],"jumpToDefinition":{"file":"src/vault/Vault.sol","start":{"line":61,"col":1},"end":{"line":463,"col":2}},"changedSincePreviousPrint":true,"changedSinceStart":true},{"message":{"text":"rebaseMultiplier: '{0}'","arguments":[{"value":"0xde0b6b3a7640000","values":["0xde0b6b3a7640000","1000000000000000000","0xde0b6b3a7640000"],"tooltip":"storage value","truncatable":true}]},"status":"HAVOC","childrenList":[],"jumpToDefinition":{"file":"src/vault/Vault.sol","start":{"line":61,"col":1},"end":{"line":463,"col":2}},"changedSincePreviousPrint":false,"changedSinceStart":false},{"message":{"text":"surplusInputToken: '{0}'","arguments":[{"value":"0x0","values":["0x0","0","0x0"],"tooltip":"storage value","truncatable":true}]},"status":"HAVOC","childrenList":[],"jumpToDefinition":{"file":"src/vault/Vault.sol","start":{"line":61,"col":1},"end":{"line":463,"col":2}},"changedSincePreviousPrint":false,"changedSinceStart":false},{"message":{"text":"totalDeposits: '{0}' (changed)","arguments":[{"value":"0x0","values":["0x0","0","0x0"],"tooltip":"storage value","truncatable":true}]},"status":"HAVOC DEPENDENT","childrenList":[],"jumpToDefinition":{"file":"src/vault/Vault.sol","start":{"line":61,"col":1},"end":{"line":463,"col":2}},"changedSincePreviousPrint":true,"changedSinceStart":true},{"message":{"text":"yieldSource: '{0}'","arguments":[{"value":"Vault","values":["Vault","Vault","0xf"],"tooltip":"storage value","truncatable":false}]},"status":"HAVOC","childrenList":[],"jumpToDefinition":{"file":"src/vault/Vault.sol","start":{"line":61,"col":1},"end":{"line":463,"col":2}},"changedSincePreviousPrint":false,"changedSinceStart":false}],"jumpToDefinition":null,"storageId":null},{"message":{"text":"MockERC20","arguments":[]},"status":"","childrenList":[{"message":{"text":"balanceOf['{0}']: '{1}' (changed)","arguments":[{"value":"Vault","values":["Vault","Vault","0xf"],"tooltip":"key","truncatable":false},{"value":"0x5","values":["0x5","5","0x5"],"tooltip":"storage value","truncatable":true}]},"status":"UNKNOWN","childrenList":[],"jumpToDefinition":{"file":"test/mocks/Mocks.sol","start":{"line":9,"col":1},"end":{"line":52,"col":2}},"changedSincePreviousPrint":true,"changedSinceStart":true},{"message":{"text":"balanceOf['{0}']: '{1}' (changed)","arguments":[{"value":"0x4e21","values":["0x4e21","0x4e21","0x4e21"],"tooltip":"key","truncatable":true},{"value":"0x0","values":["0x0","0","0x0"],"tooltip":"storage value","truncatable":true}]},"status":"UNKNOWN","childrenList":[],"jumpToDefinition":{"file":"test/mocks/Mocks.sol","start":{"line":9,"col":1},"end":{"line":52,"col":2}},"changedSincePreviousPrint":true,"changedSinceStart":true}],"jumpToDefinition":null,"storageId":null}],"jumpToDefinition":null,"storageId":7},{"message":{"text":"Balances","arguments":[]},"status":"","childrenList":[{"message":{"text":"0x4e21.balance: '{0}'","arguments":[{"value":"0x0","values":["0x0","0","0x0"],"tooltip":"balance","truncatable":true}]},"status":"","childrenList":[],"jumpToDefinition":null},{"message":{"text":"MockERC20.balance: '{0}'","arguments":[{"value":"0x0","values":["0x0","0","0x0"],"tooltip":"balance","truncatable":true}]},"status":"","childrenList":[],"jumpToDefinition":null},{"message":{"text":"Vault.balance: '{0}'","arguments":[{"value":"*","values":["*"],"tooltip":"unused value","truncatable":false}]},"status":"","childrenList":[],"jumpToDefinition":null}],"jumpToDefinition":null,"storageId":7}],"jumpToDefinition":null,"storageId":null}],"jumpToDefinition":{"file":"src/vault/Vault.sol","start":{"line":294,"col":53},"end":{"line":294,"col":61}}},{"message":{"text":"Global State","arguments":[]},"status":"","childrenList":[{"message":{"text":"Storage State","arguments":[]},"status":"","childrenList":[{"message":{"text":"Vault","arguments":[]},"status":"","childrenList":[{"message":{"text":"_status: '{0}'","arguments":[{"value":"0x2","values":["0x2","2","0x2"],"tooltip":"storage value","truncatable":true}]},"status":"CONCRETE","childrenList":[],"jumpToDefinition":{"file":"src/vault/Vault.sol","start":{"line":61,"col":1},"end":{"line":463,"col":2}},"changedSincePreviousPrint":false,"changedSinceStart":true},{"message":{"text":"originalDeposits['{0}']: '{1}'","arguments":[{"value":"0x4e21","values":["0x4e21","0x4e21","0x4e21"],"tooltip":"key","truncatable":true},{"value":"0x0","values":["0x0","0","0x0"],"tooltip":"storage value","truncatable":true}]},"status":"HAVOC DEPENDENT","childrenList":[],"jumpToDefinition":{"file":"src/vault/Vault.sol","start":{"line":61,"col":1},"end":{"line":463,"col":2}},"changedSincePreviousPrint":false,"changedSinceStart":true},{"message":{"text":"rebaseMultiplier: '{0}'","arguments":[{"value":"0xde0b6b3a7640000","values":["0xde0b6b3a7640000","1000000000000000000","0xde0b6b3a7640000"],"tooltip":"storage value","truncatable":true}]},"status":"HAVOC","childrenList":[],"jumpToDefinition":{"file":"src/vault/Vault.sol","start":{"line":61,"col":1},"end":{"line":463,"col":2}},"changedSincePreviousPrint":false,"changedSinceStart":false},{"message":{"text":"surplusInputToken: '{0}'","arguments":[{"value":"0x0","values":["0x0","0","0x0"],"tooltip":"storage value","truncatable":true}]},"status":"HAVOC","childrenList":[],"jumpToDefinition":{"file":"src/vault/Vault.sol","start":{"line":61,"col":1},"end":{"line":463,"col":2}},"changedSincePreviousPrint":false,"changedSinceStart":false},{"message":{"text":"totalDeposits: '{0}'","arguments":[{"value":"0x0","values":["0x0","0","0x0"],"tooltip":"storage value","truncatable":true}]},"status":"HAVOC DEPENDENT","childrenList":[],"jumpToDefinition":{"file":"src/vault/Vault.sol","start":{"line":61,"col":1},"end":{"line":463,"col":2}},"changedSincePreviousPrint":false,"changedSinceStart":true},{"message":{"text":"yieldSource: '{0}'","arguments":[{"value":"Vault","values":["Vault","Vault","0xf"],"tooltip":"storage value","truncatable":false}]},"status":"HAVOC","childrenList":[],"jumpToDefinition":{"file":"src/vault/Vault.sol","start":{"line":61,"col":1},"end":{"line":463,"col":2}},"changedSincePreviousPrint":false,"changedSinceStart":false}],"jumpToDefinition":null,"storageId":null},{"message":{"text":"MockERC20","arguments":[]},"status":"","childrenList":[{"message":{"text":"balanceOf['{0}']: '{1}'","arguments":[{"value":"Vault","values":["Vault","Vault","0xf"],"tooltip":"key","truncatable":false},{"value":"0x5","values":["0x5","5","0x5"],"tooltip":"storage value","truncatable":true}]},"status":"UNKNOWN","childrenList":[],"jumpToDefinition":{"file":"test/mocks/Mocks.sol","start":{"line":9,"col":1},"end":{"line":52,"col":2}},"changedSincePreviousPrint":false,"changedSinceStart":true},{"message":{"text":"balanceOf['{0}']: '{1}'","arguments":[{"value":"0x4e21","values":["0x4e21","0x4e21","0x4e21"],"tooltip":"key","truncatable":true},{"value":"0x0","values":["0x0","0","0x0"],"tooltip":"storage value","truncatable":true}]},"status":"UNKNOWN","childrenList":[],"jumpToDefinition":{"file":"test/mocks/Mocks.sol","start":{"line":9,"col":1},"end":{"line":52,"col":2}},"changedSincePreviousPrint":false,"changedSinceStart":true}],"jumpToDefinition":null,"storageId":null}],"jumpToDefinition":null,"storageId":8},{"message":{"text":"Balances","arguments":[]},"status":"","childrenList":[{"message":{"text":"0x4e21.balance: '{0}'","arguments":[{"value":"0x0","values":["0x0","0","0x0"],"tooltip":"balance","truncatable":true}]},"status":"","childrenList":[],"jumpToDefinition":null},{"message":{"text":"MockERC20.balance: '{0}'","arguments":[{"value":"0x0","values":["0x0","0","0x0"],"tooltip":"balance","truncatable":true}]},"status":"","childrenList":[],"jumpToDefinition":null},{"message":{"text":"Vault.balance: '{0}'","arguments":[{"value":"*","values":["*"],"tooltip":"unused value","truncatable":false}]},"status":"","childrenList":[],"jumpToDefinition":null}],"jumpToDefinition":null,"storageId":8}],"jumpToDefinition":null,"storageId":null},{"message":{"text":"actualWithdrawn  ↪  '{0}'","arguments":[{"value":"0x0","values":["0x0","0","0x0"],"tooltip":"value","truncatable":true}]},"status":"","childrenList":[],"jumpToDefinition":{"file":"src/vault/Vault.sol","start":{"line":295,"col":17},"end":{"line":295,"col":43}}},{"message":{"text":"ReentrancyGuard._nonReentrantAfter()","arguments":[]},"status":"","childrenList":[{"message":{"text":"Store at Vault._status ↪ '{0}'","arguments":[{"value":"0x1","values":["0x1","1","0x1"],"tooltip":"storage value","truncatable":true}]},"status":"","childrenList":[],"jumpToDefinition":{"file":"src/vault/Vault.sol","start":{"line":61,"col":1},"end":{"line":463,"col":2}}}],"jumpToDefinition":{"file":"lib/oz_reflax/utils/ReentrancyGuard.sol","start":{"line":60,"col":9},"end":{"line":60,"col":10}}},{"message":{"text":"Global State","arguments":[]},"status":"","childrenList":[{"message":{"text":"Storage State","arguments":[]},"status":"","childrenList":[{"message":{"text":"Vault","arguments":[]},"status":"","childrenList":[{"message":{"text":"_status: '{0}' (changed)","arguments":[{"value":"0x1","values":["0x1","1","0x1"],"tooltip":"storage value","truncatable":true}]},"status":"CONCRETE","childrenList":[],"jumpToDefinition":{"file":"src/vault/Vault.sol","start":{"line":61,"col":1},"end":{"line":463,"col":2}},"changedSincePreviousPrint":true,"changedSinceStart":true},{"message":{"text":"originalDeposits['{0}']: '{1}'","arguments":[{"value":"0x4e21","values":["0x4e21","0x4e21","0x4e21"],"tooltip":"key","truncatable":true},{"value":"0x0","values":["0x0","0","0x0"],"tooltip":"storage value","truncatable":true}]},"status":"HAVOC DEPENDENT","childrenList":[],"jumpToDefinition":{"file":"src/vault/Vault.sol","start":{"line":61,"col":1},"end":{"line":463,"col":2}},"changedSincePreviousPrint":false,"changedSinceStart":true},{"message":{"text":"rebaseMultiplier: '{0}'","arguments":[{"value":"0xde0b6b3a7640000","values":["0xde0b6b3a7640000","1000000000000000000","0xde0b6b3a7640000"],"tooltip":"storage value","truncatable":true}]},"status":"HAVOC","childrenList":[],"jumpToDefinition":{"file":"src/vault/Vault.sol","start":{"line":61,"col":1},"end":{"line":463,"col":2}},"changedSincePreviousPrint":false,"changedSinceStart":false},{"message":{"text":"surplusInputToken: '{0}'","arguments":[{"value":"0x0","values":["0x0","0","0x0"],"tooltip":"storage value","truncatable":true}]},"status":"HAVOC","childrenList":[],"jumpToDefinition":{"file":"src/vault/Vault.sol","start":{"line":61,"col":1},"end":{"line":463,"col":2}},"changedSincePreviousPrint":false,"changedSinceStart":false},{"message":{"text":"totalDeposits: '{0}'","arguments":[{"value":"0x0","values":["0x0","0","0x0"],"tooltip":"storage value","truncatable":true}]},"status":"HAVOC DEPENDENT","childrenList":[],"jumpToDefinition":{"file":"src/vault/Vault.sol","start":{"line":61,"col":1},"end":{"line":463,"col":2}},"changedSincePreviousPrint":false,"changedSinceStart":true},{"message":{"text":"yieldSource: '{0}'","arguments":[{"value":"Vault","values":["Vault","Vault","0xf"],"tooltip":"storage value","truncatable":false}]},"status":"HAVOC","childrenList":[],"jumpToDefinition":{"file":"src/vault/Vault.sol","start":{"line":61,"col":1},"end":{"line":463,"col":2}},"changedSincePreviousPrint":false,"changedSinceStart":false}],"jumpToDefinition":null,"storageId":null},{"message":{"text":"MockERC20","arguments":[]},"status":"","childrenList":[{"message":{"text":"balanceOf['{0}']: '{1}'","arguments":[{"value":"Vault","values":["Vault","Vault","0xf"],"tooltip":"key","truncatable":false},{"value":"0x5","values":["0x5","5","0x5"],"tooltip":"storage value","truncatable":true}]},"status":"UNKNOWN","childrenList":[],"jumpToDefinition":{"file":"test/mocks/Mocks.sol","start":{"line":9,"col":1},"end":{"line":52,"col":2}},"changedSincePreviousPrint":false,"changedSinceStart":true},{"message":{"text":"balanceOf['{0}']: '{1}'","arguments":[{"value":"0x4e21","values":["0x4e21","0x4e21","0x4e21"],"tooltip":"key","truncatable":true},{"value":"0x0","values":["0x0","0","0x0"],"tooltip":"storage value","truncatable":true}]},"status":"UNKNOWN","childrenList":[],"jumpToDefinition":{"file":"test/mocks/Mocks.sol","start":{"line":9,"col":1},"end":{"line":52,"col":2}},"changedSincePreviousPrint":false,"changedSinceStart":true}],"jumpToDefinition":null,"storageId":null}],"jumpToDefinition":null,"storageId":9},{"message":{"text":"Balances","arguments":[]},"status":"","childrenList":[{"message":{"text":"0x4e21.balance: '{0}'","arguments":[{"value":"0x0","values":["0x0","0","0x0"],"tooltip":"balance","truncatable":true}]},"status":"","childrenList":[],"jumpToDefinition":null},{"message":{"text":"MockERC20.balance: '{0}'","arguments":[{"value":"0x0","values":["0x0","0","0x0"],"tooltip":"balance","truncatable":true}]},"status":"","childrenList":[],"jumpToDefinition":null},{"message":{"text":"Vault.balance: '{0}'","arguments":[{"value":"*","values":["*"],"tooltip":"unused value","truncatable":false}]},"status":"","childrenList":[],"jumpToDefinition":null}],"jumpToDefinition":null,"storageId":9}],"jumpToDefinition":null,"storageId":null},{"message":{"text":"Return","arguments":[]},"status":"","childrenList":[],"jumpToDefinition":{"file":"src/vault/Vault.sol","start":{"line":61,"col":1},"end":{"line":463,"col":2}}}],"jumpToDefinition":{"file":"src/vault/Vault.sol","start":{"line":246,"col":5},"end":{"line":303,"col":6}}}],"jumpToDefinition":{"file":"certora/specs/Vault.spec","start":{"line":224,"col":5},"end":{"line":224,"col":52}}},{"message":{"text":"if (!(lastReverted))","arguments":[]},"status":"","childrenList":[{"message":{"text":"!(lastReverted) ↪ '{0}'","arguments":[{"value":"true","values":["true"],"tooltip":"value of expression","truncatable":false}]},"status":"","childrenList":[{"message":{"text":"lastReverted ↪ '{0}'","arguments":[{"value":"false","values":["false"],"tooltip":"value of expression","truncatable":false}]},"status":"","childrenList":[],"jumpToDefinition":{"file":"certora/specs/Vault.spec","start":{"line":226,"col":10},"end":{"line":226,"col":22}}}],"jumpToDefinition":{"file":"certora/specs/Vault.spec","start":{"line":226,"col":9},"end":{"line":226,"col":22}}},{"message":{"text":"THEN branch","arguments":[]},"status":"","childrenList":[{"message":{"text":"assert MockERC20.balanceOf(e, e.msg.sender) > userBalanceBefore","arguments":[]},"status":"","childrenList":[{"message":{"text":"MockERC20.balanceOf('{0}') ↪ '{1}'","arguments":[{"value":"0x4e21","values":["0x4e21","0x4e21","0x4e21"],"tooltip":"value","truncatable":true},{"value":"0x0","values":["0x0","0","0x0"],"tooltip":"value","truncatable":true}]},"status":"","childrenList":[{"message":{"text":"sender: '{0}'; receiver: '{1}'; transferred amount: '{2}'","arguments":[{"value":"0x4e21","values":["0x4e21","0x4e21","0x4e21"],"tooltip":"address of sender","truncatable":true},{"value":"MockERC20","values":["MockERC20","MockERC20","0xd"],"tooltip":"address of receiver","truncatable":false},{"value":"0x0","values":["0x0","0","0x0"],"tooltip":"transferred amount","truncatable":true}]},"status":"TRANSFER","childrenList":[{"message":{"text":"Load from: sender.balance ↪ '{0}'","arguments":[{"value":"0x0","values":["0x0","0","0x0"],"tooltip":"balance","truncatable":true}]},"status":"","childrenList":[],"jumpToDefinition":null},{"message":{"text":"Store at: sender.balance ↪ '{0}'","arguments":[{"value":"0x0","values":["0x0","0","0x0"],"tooltip":"balance","truncatable":true}]},"status":"","childrenList":[],"jumpToDefinition":null},{"message":{"text":"Load from: receiver.balance ↪ '{0}'","arguments":[{"value":"0x0","values":["0x0","0","0x0"],"tooltip":"balance","truncatable":true}]},"status":"","childrenList":[],"jumpToDefinition":null},{"message":{"text":"Store at: receiver.balance ↪ '{0}'","arguments":[{"value":"0x0","values":["0x0","0","0x0"],"tooltip":"balance","truncatable":true}]},"status":"","childrenList":[],"jumpToDefinition":null}],"jumpToDefinition":null},{"message":{"text":"Load from MockERC20.[raw storage address] '{0}' ↪ '{1}'","arguments":[{"value":"MockERC20","values":["MockERC20","MockERC20","0xd"],"tooltip":"address","truncatable":false},{"value":"0x1","values":["0x1","1","0x1"],"tooltip":"storage value","truncatable":true}]},"status":"","childrenList":[],"jumpToDefinition":null},{"message":{"text":"Evaluate branch condition","arguments":[]},"status":"","childrenList":[],"jumpToDefinition":{"file":"test/mocks/Mocks.sol","start":{"line":9,"col":1},"end":{"line":52,"col":2}}},{"message":{"text":"Evaluate branch condition","arguments":[]},"status":"","childrenList":[],"jumpToDefinition":{"file":"test/mocks/Mocks.sol","start":{"line":9,"col":1},"end":{"line":52,"col":2}}},{"message":{"text":"Evaluate branch condition","arguments":[]},"status":"","childrenList":[],"jumpToDefinition":{"file":"test/mocks/Mocks.sol","start":{"line":9,"col":1},"end":{"line":52,"col":2}}},{"message":{"text":"Load from MockERC20.balanceOf['{0}'] ↪ '{1}'","arguments":[{"value":"0x4e21","values":["0x4e21","0x4e21","0x4e21"],"tooltip":"key","truncatable":true},{"value":"0x0","values":["0x0","0","0x0"],"tooltip":"storage value","truncatable":true}]},"status":"","childrenList":[],"jumpToDefinition":{"file":"test/mocks/Mocks.sol","start":{"line":9,"col":1},"end":{"line":52,"col":2}}},{"message":{"text":"Return","arguments":[]},"status":"","childrenList":[],"jumpToDefinition":{"file":"test/mocks/Mocks.sol","start":{"line":9,"col":1},"end":{"line":52,"col":2}}}],"jumpToDefinition":{"file":"test/mocks/Mocks.sol","start":{"line":16,"col":5},"end":{"line":16,"col":49}}},{"message":{"text":"MockERC20.balanceOf(e, e.msg.sender) > userBalanceBefore ↪ '{0}'","arguments":[{"value":"false","values":["false"],"tooltip":"value of expression","truncatable":false}]},"status":"","childrenList":[{"message":{"text":"MockERC20.balanceOf(e, e.msg.sender) ↪ '{0}'","arguments":[{"value":"0x0","values":["0x0"],"tooltip":"value of expression","truncatable":true}]},"status":"","childrenList":[],"jumpToDefinition":{"file":"certora/specs/Vault.spec","start":{"line":228,"col":16},"end":{"line":228,"col":53}}},{"message":{"text":"userBalanceBefore ↪ '{0}'","arguments":[{"value":"0x757a","values":["0x757a","30074","0x757a"],"tooltip":"value of expression","truncatable":true}]},"status":"","childrenList":[],"jumpToDefinition":{"file":"certora/specs/Vault.spec","start":{"line":228,"col":56},"end":{"line":228,"col":73}}}],"jumpToDefinition":{"file":"certora/specs/Vault.spec","start":{"line":228,"col":16},"end":{"line":228,"col":73}}},{"message":{"text":"Global State","arguments":[]},"status":"","childrenList":[{"message":{"text":"Storage State","arguments":[]},"status":"","childrenList":[{"message":{"text":"Vault","arguments":[]},"status":"","childrenList":[{"message":{"text":"_status: '{0}'","arguments":[{"value":"0x1","values":["0x1","1","0x1"],"tooltip":"storage value","truncatable":true}]},"status":"CONCRETE","childrenList":[],"jumpToDefinition":{"file":"src/vault/Vault.sol","start":{"line":61,"col":1},"end":{"line":463,"col":2}},"changedSincePreviousPrint":false,"changedSinceStart":true},{"message":{"text":"originalDeposits['{0}']: '{1}'","arguments":[{"value":"0x4e21","values":["0x4e21","0x4e21","0x4e21"],"tooltip":"key","truncatable":true},{"value":"0x0","values":["0x0","0","0x0"],"tooltip":"storage value","truncatable":true}]},"status":"HAVOC DEPENDENT","childrenList":[],"jumpToDefinition":{"file":"src/vault/Vault.sol","start":{"line":61,"col":1},"end":{"line":463,"col":2}},"changedSincePreviousPrint":false,"changedSinceStart":true},{"message":{"text":"rebaseMultiplier: '{0}'","arguments":[{"value":"0xde0b6b3a7640000","values":["0xde0b6b3a7640000","1000000000000000000","0xde0b6b3a7640000"],"tooltip":"storage value","truncatable":true}]},"status":"HAVOC","childrenList":[],"jumpToDefinition":{"file":"src/vault/Vault.sol","start":{"line":61,"col":1},"end":{"line":463,"col":2}},"changedSincePreviousPrint":false,"changedSinceStart":false},{"message":{"text":"surplusInputToken: '{0}'","arguments":[{"value":"0x0","values":["0x0","0","0x0"],"tooltip":"storage value","truncatable":true}]},"status":"HAVOC","childrenList":[],"jumpToDefinition":{"file":"src/vault/Vault.sol","start":{"line":61,"col":1},"end":{"line":463,"col":2}},"changedSincePreviousPrint":false,"changedSinceStart":false},{"message":{"text":"totalDeposits: '{0}'","arguments":[{"value":"0x0","values":["0x0","0","0x0"],"tooltip":"storage value","truncatable":true}]},"status":"HAVOC DEPENDENT","childrenList":[],"jumpToDefinition":{"file":"src/vault/Vault.sol","start":{"line":61,"col":1},"end":{"line":463,"col":2}},"changedSincePreviousPrint":false,"changedSinceStart":true},{"message":{"text":"yieldSource: '{0}'","arguments":[{"value":"Vault","values":["Vault","Vault","0xf"],"tooltip":"storage value","truncatable":false}]},"status":"HAVOC","childrenList":[],"jumpToDefinition":{"file":"src/vault/Vault.sol","start":{"line":61,"col":1},"end":{"line":463,"col":2}},"changedSincePreviousPrint":false,"changedSinceStart":false}],"jumpToDefinition":null,"storageId":null},{"message":{"text":"MockERC20","arguments":[]},"status":"","childrenList":[{"message":{"text":"balanceOf['{0}']: '{1}'","arguments":[{"value":"Vault","values":["Vault","Vault","0xf"],"tooltip":"key","truncatable":false},{"value":"0x5","values":["0x5","5","0x5"],"tooltip":"storage value","truncatable":true}]},"status":"UNKNOWN","childrenList":[],"jumpToDefinition":{"file":"test/mocks/Mocks.sol","start":{"line":9,"col":1},"end":{"line":52,"col":2}},"changedSincePreviousPrint":false,"changedSinceStart":true},{"message":{"text":"balanceOf['{0}']: '{1}'","arguments":[{"value":"0x4e21","values":["0x4e21","0x4e21","0x4e21"],"tooltip":"key","truncatable":true},{"value":"0x0","values":["0x0","0","0x0"],"tooltip":"storage value","truncatable":true}]},"status":"UNKNOWN","childrenList":[],"jumpToDefinition":{"file":"test/mocks/Mocks.sol","start":{"line":9,"col":1},"end":{"line":52,"col":2}},"changedSincePreviousPrint":false,"changedSinceStart":true}],"jumpToDefinition":null,"storageId":null}],"jumpToDefinition":null,"storageId":10},{"message":{"text":"Balances","arguments":[]},"status":"","childrenList":[{"message":{"text":"0x4e21.balance: '{0}'","arguments":[{"value":"0x0","values":["0x0","0","0x0"],"tooltip":"balance","truncatable":true}]},"status":"","childrenList":[],"jumpToDefinition":null},{"message":{"text":"MockERC20.balance: '{0}'","arguments":[{"value":"0x0","values":["0x0","0","0x0"],"tooltip":"balance","truncatable":true}]},"status":"","childrenList":[],"jumpToDefinition":null},{"message":{"text":"Vault.balance: '{0}'","arguments":[{"value":"*","values":["*"],"tooltip":"unused value","truncatable":false}]},"status":"","childrenList":[],"jumpToDefinition":null}],"jumpToDefinition":null,"storageId":10}],"jumpToDefinition":null,"storageId":null}],"jumpToDefinition":{"file":"certora/specs/Vault.spec","start":{"line":228,"col":9},"end":{"line":228,"col":74}}}],"jumpToDefinition":{"file":"certora/specs/Vault.spec","start":{"line":226,"col":24},"end":{"line":229,"col":6}}}],"jumpToDefinition":{"file":"certora/specs/Vault.spec","start":{"line":226,"col":5},"end":{"line":231,"col":6}}}],"jumpToDefinition":null},"variables":[{"variableName":"e","childrenList":[{"variableName":"msg","childrenList":[{"variableName":"sender","value":"0x4e21","values":["0x4e21","0x4e21","0x4e21"],"tooltip":"copy value","truncatable":true,"jumpToDefinition":{"file":"certora/specs/Vault.spec","start":{"line":216,"col":32},"end":{"line":216,"col":37}},"childrenList":[],"uiId":14},{"variableName":"value","value":"0x0","values":["0x0","0","0x0"],"tooltip":"copy value","truncatable":true,"jumpToDefinition":{"file":"certora/specs/Vault.spec","start":{"line":216,"col":32},"end":{"line":216,"col":37}},"childrenList":[],"uiId":15}],"uiId":11},{"variableName":"tx","childrenList":[{"variableName":"origin","value":"0x402","values":["0x402","0x402","0x402"],"tooltip":"copy value","truncatable":true,"jumpToDefinition":{"file":"certora/specs/Vault.spec","start":{"line":216,"col":32},"end":{"line":216,"col":37}},"childrenList":[],"uiId":16}],"uiId":12},{"variableName":"block","childrenList":[{"variableName":"basefee","value":"0xe","values":["0xe","14","0xe"],"tooltip":"copy value","truncatable":true,"jumpToDefinition":{"file":"certora/specs/Vault.spec","start":{"line":216,"col":32},"end":{"line":216,"col":37}},"childrenList":[],"uiId":17},{"variableName":"blobbasefee","value":"0xb","values":["0xb","11","0xb"],"tooltip":"copy value","truncatable":true,"jumpToDefinition":{"file":"certora/specs/Vault.spec","start":{"line":216,"col":32},"end":{"line":216,"col":37}},"childrenList":[],"uiId":18},{"variableName":"coinbase","value":"0x401","values":["0x401","0x401","0x401"],"tooltip":"copy value","truncatable":true,"jumpToDefinition":{"file":"certora/specs/Vault.spec","start":{"line":216,"col":32},"end":{"line":216,"col":37}},"childrenList":[],"uiId":19},{"variableName":"difficulty","value":"0xa","values":["0xa","10","0xa"],"tooltip":"copy value","truncatable":true,"jumpToDefinition":{"file":"certora/specs/Vault.spec","start":{"line":216,"col":32},"end":{"line":216,"col":37}},"childrenList":[],"uiId":20},{"variableName":"gaslimit","value":"0x9","values":["0x9","9","0x9"],"tooltip":"copy value","truncatable":true,"jumpToDefinition":{"file":"certora/specs/Vault.spec","start":{"line":216,"col":32},"end":{"line":216,"col":37}},"childrenList":[],"uiId":21},{"variableName":"number","value":"0x8","values":["0x8","8","0x8"],"tooltip":"copy value","truncatable":true,"jumpToDefinition":{"file":"certora/specs/Vault.spec","start":{"line":216,"col":32},"end":{"line":216,"col":37}},"childrenList":[],"uiId":22},{"variableName":"timestamp","value":"0x7","values":["0x7","7","0x7"],"tooltip":"copy value","truncatable":true,"jumpToDefinition":{"file":"certora/specs/Vault.spec","start":{"line":216,"col":32},"end":{"line":216,"col":37}},"childrenList":[],"uiId":23}],"uiId":13}],"uiId":1},{"variableName":"amount","value":"0x1","values":["0x1","1","0x1"],"tooltip":"copy value","truncatable":true,"jumpToDefinition":{"file":"certora/specs/Vault.spec","start":{"line":216,"col":39},"end":{"line":216,"col":53}},"childrenList":[],"uiId":2},{"variableName":"protectLoss","value":"false","values":["false"],"tooltip":"copy value","truncatable":false,"jumpToDefinition":{"file":"certora/specs/Vault.spec","start":{"line":216,"col":55},"end":{"line":216,"col":71}},"childrenList":[],"uiId":3},{"variableName":"userBalanceBefore","value":"0x757a","values":["0x757a","30074","0x757a"],"tooltip":"copy value","truncatable":true,"jumpToDefinition":{"file":"certora/specs/Vault.spec","start":{"line":222,"col":5},"end":{"line":222,"col":30}},"childrenList":[],"uiId":4},{"variableName":"CVX_CRV_YieldSource","value":"0xc","values":["0xc","0xc","0xc"],"tooltip":"copy value","truncatable":true,"jumpToDefinition":{"file":"src/yieldSource/CVX_CRV_YieldSource.sol","start":{"line":72,"col":1},"end":{"line":536,"col":2}},"childrenList":[],"uiId":5},{"variableName":"MockERC20","value":"0xd","values":["0xd","0xd","0xd"],"tooltip":"copy value","truncatable":true,"jumpToDefinition":{"file":"test/mocks/Mocks.sol","start":{"line":9,"col":1},"end":{"line":52,"col":2}},"childrenList":[],"uiId":6},{"variableName":"ecrecover","value":"0x1","values":["0x1","0x1","0x1"],"tooltip":"copy value","truncatable":true,"jumpToDefinition":null,"childrenList":[],"uiId":7},{"variableName":"sha256","value":"0x2","values":["0x2","0x2","0x2"],"tooltip":"copy value","truncatable":true,"jumpToDefinition":null,"childrenList":[],"uiId":8},{"variableName":"identity","value":"0x4","values":["0x4","0x4","0x4"],"tooltip":"copy value","truncatable":true,"jumpToDefinition":null,"childrenList":[],"uiId":9},{"variableName":"Vault","value":"0xf","values":["0xf","0xf","0xf"],"tooltip":"copy value","truncatable":true,"jumpToDefinition":{"file":"src/vault/Vault.sol","start":{"line":61,"col":1},"end":{"line":463,"col":2}},"childrenList":[],"uiId":10}]}