{"treeViewPath":"noUnauthorizedTokenOutflows-Vault-Vault.deposit(uint256)","graph_link":"PresolverRule-noUnauthorizedTokenOutflows-Vault-Vault.depositLPU256RP.html","jumpToDefinition":{"file":"src/vault/Vault.sol","start":{"line":229,"col":5},"end":{"line":237,"col":6}},"assertMessage":null,"valueRepresentations":[{"name":"PRETTY","example":"MAX_UINT8"},{"name":"DEC","example":"255"},{"name":"HEX","example":"0xff"}],"callResolution":[{"caller":{"name":"Vault.deposit(uint256)","jumpToDefinition":null},"callSite":{"snippet":"assembly (\"memory-safe\") {let success := call(gas(), token, 0, add(data, 0x20), mload(data), 0, 0x20)// bubble errorsif iszero(success) {let ptr := mload(0x40)returndatacopy(ptr, 0, returndatasize())revert(ptr, returndatasize())}returnSize := returndatasize()returnValue := mload(0)}","jumpToDefinition":{"file":"lib/oz_reflax/token/ERC20/utils/SafeERC20.sol","start":{"line":50,"col":9},"end":{"line":60,"col":10}}},"summary":"DISPATCHER(optimistic = true)","comments":[{"callee resolution":"callee contract unresolved; callee sighash resolved"},{"resolved callees":"[MockERC20.transferFrom(address,address,uint256)]"},{"summary application reason":"declared at Vault.spec:30:68; applied to calls where no callee could be resolved"}],"callee":{"name":"[?].transferFrom(address, address, uint256)","jumpToDefinition":null},"isInCounterExample":false},{"caller":{"name":"Vault.deposit(uint256)","jumpToDefinition":null},"callSite":{"snippet":"inputToken.approve(yieldSource, amount)","jumpToDefinition":{"file":"src/vault/Vault.sol","start":{"line":232,"col":9},"end":{"line":232,"col":48}}},"summary":"DISPATCHER(optimistic = true)","comments":[{"callee resolution":"callee contract unresolved; callee sighash resolved"},{"resolved callees":"[MockERC20.approve(address,uint256)]"},{"summary application reason":"declared at Vault.spec:32:54; applied to calls where no callee could be resolved"}],"callee":{"name":"[?].approve(address, uint256)","jumpToDefinition":null},"isInCounterExample":false}],"callResolutionWarnings":[{"caller":{"name":"Vault.deposit(uint256)","jumpToDefinition":null},"callSite":{"snippet":"IYieldsSource(yieldSource).deposit(amount)","jumpToDefinition":{"file":"src/vault/Vault.sol","start":{"line":233,"col":28},"end":{"line":233,"col":70}}},"summary":"AUTO havoc","comments":[{"callee resolution":"callee contract unresolved; callee sighash resolved"},{"callee resolution hint (1)":"To resolve the call, try '--link Vault:yieldSource=[CVX_CRV_YieldSource | Vault]'"},{"havoc cause":"The Prover could not resolve the callee, thus, havoc'd the call"},{"havoc scope":"a havoc that havocs all contracts except Vault (ce4604a0000000000000000000000009)"},{"summary application reason":"chosen automatically by the Prover"}],"callee":{"name":"[?].deposit(uint256)","jumpToDefinition":null},"isInCounterExample":false}]}