{"treeViewPath":"emergencyWithdrawalDisablesVault-Vault.rebaseMultiplier() == 0","graph_link":"Report-emergencyWithdrawalDisablesVault-example1.html","jumpToDefinition":{"file":"certora/specs/Vault.spec","start":{"line":281,"col":1},"end":{"line":295,"col":2}},"assertMessage":"Vault.rebaseMultiplier() == 0","valueRepresentations":[{"name":"PRETTY","example":"MAX_UINT8"},{"name":"DEC","example":"255"},{"name":"HEX","example":"0xff"}],"callResolution":[{"caller":{"name":"Vault.emergencyWithdrawFromYieldSource(address,address)","jumpToDefinition":null},"callSite":{"snippet":"tokenContract.balanceOf(address(this))","jumpToDefinition":{"file":"src/vault/Vault.sol","start":{"line":451,"col":27},"end":{"line":451,"col":65}}},"summary":"DISPATCHER(optimistic = true)","comments":[{"callee resolution":"callee contract unresolved; callee sighash resolved"},{"resolved callees":"[MockERC20.balanceOf(address)]"},{"summary application reason":"declared at Vault.spec:27:47; applied to calls where no callee could be resolved"}],"callee":{"name":"[?].balanceOf(address)","jumpToDefinition":null},"isInCounterExample":true},{"caller":{"name":"Vault.emergencyWithdrawFromYieldSource(address,address)","jumpToDefinition":null},"callSite":{"snippet":"assembly (\"memory-safe\") {let success := call(gas(), token, 0, add(data, 0x20), mload(data), 0, 0x20)// bubble errorsif iszero(success) {let ptr := mload(0x40)returndatacopy(ptr, 0, returndatasize())revert(ptr, returndatasize())}returnSize := returndatasize()returnValue := mload(0)}","jumpToDefinition":{"file":"lib/oz_reflax/token/ERC20/utils/SafeERC20.sol","start":{"line":50,"col":9},"end":{"line":60,"col":10}}},"summary":"DISPATCHER(optimistic = true)","comments":[{"callee resolution":"callee contract unresolved; callee sighash resolved"},{"resolved callees":"[MockERC20.transfer(address,uint256)]"},{"summary application reason":"declared at Vault.spec:31:55; applied to calls where no callee could be resolved"}],"callee":{"name":"[?].transfer(address, uint256)","jumpToDefinition":null},"isInCounterExample":false}],"callResolutionWarnings":[{"caller":{"name":"Vault.emergencyWithdrawFromYieldSource(address,address)","jumpToDefinition":null},"callSite":{"snippet":"IYieldsSource(yieldSource).withdraw(totalDeposits)","jumpToDefinition":{"file":"src/vault/Vault.sol","start":{"line":437,"col":36},"end":{"line":437,"col":86}}},"summary":"AUTO havoc","comments":[{"callee resolution":"callee contract unresolved; callee sighash resolved"},{"callee resolution hint (1)":"To resolve the call, try '--link Vault:yieldSource=[CVX_CRV_YieldSource]'"},{"havoc cause":"The Prover could not resolve the callee, thus, havoc'd the call"},{"havoc scope":"a havoc that havocs all contracts except Vault (ce4604a0000000000000000000000009)"},{"summary application reason":"chosen automatically by the Prover"}],"callee":{"name":"[?].withdraw(uint256)","jumpToDefinition":null},"isInCounterExample":false}],"callTrace":{"message":{"text":"emergencyWithdrawalDisablesVault()","arguments":[]},"status":"","childrenList":[{"message":{"text":"Global State","arguments":[]},"status":"","childrenList":[{"message":{"text":"Storage State","arguments":[]},"status":"","childrenList":[{"message":{"text":"Vault","arguments":[]},"status":"","childrenList":[{"message":{"text":"_owner: '{0}'","arguments":[{"value":"0x2713","values":["0x2713","0x2713","0x2713"],"tooltip":"storage value","truncatable":true}]},"status":"HAVOC","childrenList":[],"jumpToDefinition":{"file":"src/vault/Vault.sol","start":{"line":61,"col":1},"end":{"line":463,"col":2}},"changedSincePreviousPrint":false,"changedSinceStart":false},{"message":{"text":"emergencyState: '{0}'","arguments":[{"value":"true","values":["true"],"tooltip":"storage value","truncatable":false}]},"status":"HAVOC","childrenList":[],"jumpToDefinition":{"file":"src/vault/Vault.sol","start":{"line":61,"col":1},"end":{"line":463,"col":2}},"changedSincePreviousPrint":false,"changedSinceStart":false},{"message":{"text":"rebaseMultiplier: '{0}'","arguments":[{"value":"0xde0b6b3a7640000","values":["0xde0b6b3a7640000","1000000000000000000","0xde0b6b3a7640000"],"tooltip":"storage value","truncatable":true}]},"status":"HAVOC","childrenList":[],"jumpToDefinition":{"file":"src/vault/Vault.sol","start":{"line":61,"col":1},"end":{"line":463,"col":2}},"changedSincePreviousPrint":false,"changedSinceStart":false},{"message":{"text":"totalDeposits: '{0}'","arguments":[{"value":"0x1","values":["0x1","1","0x1"],"tooltip":"storage value","truncatable":true}]},"status":"HAVOC","childrenList":[],"jumpToDefinition":{"file":"src/vault/Vault.sol","start":{"line":61,"col":1},"end":{"line":463,"col":2}},"changedSincePreviousPrint":false,"changedSinceStart":false}],"jumpToDefinition":null,"storageId":null},{"message":{"text":"MockERC20","arguments":[]},"status":"","childrenList":[{"message":{"text":"balanceOf['{0}']: '{1}'","arguments":[{"value":"Vault","values":["Vault","Vault","0x3"],"tooltip":"key","truncatable":false},{"value":"0x0","values":["0x0","0","0x0"],"tooltip":"storage value","truncatable":true}]},"status":"HAVOC","childrenList":[],"jumpToDefinition":{"file":"test/mocks/Mocks.sol","start":{"line":9,"col":1},"end":{"line":52,"col":2}},"changedSincePreviousPrint":false,"changedSinceStart":false}],"jumpToDefinition":null,"storageId":null}],"jumpToDefinition":null,"storageId":1},{"message":{"text":"Balances","arguments":[]},"status":"","childrenList":[{"message":{"text":"0x2713.balance: '{0}'","arguments":[{"value":"0x0","values":["0x0","0","0x0"],"tooltip":"balance","truncatable":true}]},"status":"","childrenList":[],"jumpToDefinition":null},{"message":{"text":"Vault.balance: '{0}'","arguments":[{"value":"0x0","values":["0x0","0","0x0"],"tooltip":"balance","truncatable":true}]},"status":"","childrenList":[],"jumpToDefinition":null}],"jumpToDefinition":null,"storageId":1}],"jumpToDefinition":null,"storageId":null},{"message":{"text":"rule parameters setup","arguments":[]},"status":"","childrenList":[],"jumpToDefinition":null},{"message":{"text":"Setup","arguments":[]},"status":"","childrenList":[{"message":{"text":"multi contract setup","arguments":[]},"status":"","childrenList":[],"jumpToDefinition":null},{"message":{"text":"contract address vars initialized","arguments":[]},"status":"","childrenList":[],"jumpToDefinition":null},{"message":{"text":"setup read tracking instrumentation","arguments":[]},"status":"","childrenList":[],"jumpToDefinition":null},{"message":{"text":"last storage initialize","arguments":[]},"status":"","childrenList":[],"jumpToDefinition":null},{"message":{"text":"assuming contracts in scene with non-empty bytecode have EXTCODESIZE larger than zero","arguments":[]},"status":"","childrenList":[],"jumpToDefinition":null},{"message":{"text":"assuming address(0).code has no code deployed","arguments":[]},"status":"","childrenList":[],"jumpToDefinition":null},{"message":{"text":"assumptions about contracts' addresses","arguments":[]},"status":"","childrenList":[],"jumpToDefinition":null},{"message":{"text":"assumptions about static addresses","arguments":[]},"status":"","childrenList":[],"jumpToDefinition":null},{"message":{"text":"establish addresses of precompiled contracts","arguments":[]},"status":"","childrenList":[],"jumpToDefinition":null},{"message":{"text":"assumptions about uniqueness of contracts' addresses","arguments":[]},"status":"","childrenList":[],"jumpToDefinition":null},{"message":{"text":"static links","arguments":[]},"status":"","childrenList":[],"jumpToDefinition":null},{"message":{"text":"record starting nonces","arguments":[]},"status":"","childrenList":[],"jumpToDefinition":null},{"message":{"text":"cloned contracts have no balances","arguments":[]},"status":"","childrenList":[],"jumpToDefinition":null},{"message":{"text":"Linked immutable setup","arguments":[]},"status":"","childrenList":[],"jumpToDefinition":null},{"message":{"text":"Constrain immutables","arguments":[]},"status":"","childrenList":[],"jumpToDefinition":null},{"message":{"text":"establish equivalence of extension and base contract immutables","arguments":[]},"status":"","childrenList":[],"jumpToDefinition":null}],"jumpToDefinition":null},{"message":{"text":"require e.msg.sender == Vault.owner()","arguments":[]},"status":"","childrenList":[{"message":{"text":"Vault.owner() ↪ '{0}'","arguments":[{"value":"0x2713","values":["0x2713","0x2713","0x2713"],"tooltip":"value","truncatable":true}]},"status":"","childrenList":[{"message":{"text":"Load from Vault.[raw storage address] '{0}' ↪ '{1}'","arguments":[{"value":"Vault","values":["Vault","Vault","0x3"],"tooltip":"address","truncatable":false},{"value":"0x1","values":["0x1","1","0x1"],"tooltip":"storage value","truncatable":true}]},"status":"","childrenList":[],"jumpToDefinition":null},{"message":{"text":"Evaluate branch condition","arguments":[]},"status":"","childrenList":[],"jumpToDefinition":{"file":"src/vault/Vault.sol","start":{"line":61,"col":1},"end":{"line":463,"col":2}}},{"message":{"text":"Evaluate branch condition","arguments":[]},"status":"","childrenList":[],"jumpToDefinition":{"file":"src/vault/Vault.sol","start":{"line":61,"col":1},"end":{"line":463,"col":2}}},{"message":{"text":"Vault.owner() ↪ '{0}'","arguments":[{"value":"0x2713","values":["0x2713","0x2713","0x2713"],"tooltip":"return value","truncatable":true}]},"status":"","childrenList":[{"message":{"text":"Load from Vault._owner ↪ '{0}'","arguments":[{"value":"0x2713","values":["0x2713","0x2713","0x2713"],"tooltip":"storage value","truncatable":true}]},"status":"","childrenList":[],"jumpToDefinition":{"file":"src/vault/Vault.sol","start":{"line":61,"col":1},"end":{"line":463,"col":2}}}],"jumpToDefinition":{"file":"src/vault/Vault.sol","start":{"line":61,"col":1},"end":{"line":463,"col":2}}},{"message":{"text":"Global State","arguments":[]},"status":"","childrenList":[{"message":{"text":"Storage State","arguments":[]},"status":"","childrenList":[{"message":{"text":"Vault","arguments":[]},"status":"","childrenList":[{"message":{"text":"_owner: '{0}'","arguments":[{"value":"0x2713","values":["0x2713","0x2713","0x2713"],"tooltip":"storage value","truncatable":true}]},"status":"HAVOC","childrenList":[],"jumpToDefinition":{"file":"src/vault/Vault.sol","start":{"line":61,"col":1},"end":{"line":463,"col":2}},"changedSincePreviousPrint":false,"changedSinceStart":false},{"message":{"text":"emergencyState: '{0}'","arguments":[{"value":"true","values":["true"],"tooltip":"storage value","truncatable":false}]},"status":"HAVOC","childrenList":[],"jumpToDefinition":{"file":"src/vault/Vault.sol","start":{"line":61,"col":1},"end":{"line":463,"col":2}},"changedSincePreviousPrint":false,"changedSinceStart":false},{"message":{"text":"rebaseMultiplier: '{0}'","arguments":[{"value":"0xde0b6b3a7640000","values":["0xde0b6b3a7640000","1000000000000000000","0xde0b6b3a7640000"],"tooltip":"storage value","truncatable":true}]},"status":"HAVOC","childrenList":[],"jumpToDefinition":{"file":"src/vault/Vault.sol","start":{"line":61,"col":1},"end":{"line":463,"col":2}},"changedSincePreviousPrint":false,"changedSinceStart":false},{"message":{"text":"totalDeposits: '{0}'","arguments":[{"value":"0x1","values":["0x1","1","0x1"],"tooltip":"storage value","truncatable":true}]},"status":"HAVOC","childrenList":[],"jumpToDefinition":{"file":"src/vault/Vault.sol","start":{"line":61,"col":1},"end":{"line":463,"col":2}},"changedSincePreviousPrint":false,"changedSinceStart":false}],"jumpToDefinition":null,"storageId":null},{"message":{"text":"MockERC20","arguments":[]},"status":"","childrenList":[{"message":{"text":"balanceOf['{0}']: '{1}'","arguments":[{"value":"Vault","values":["Vault","Vault","0x3"],"tooltip":"key","truncatable":false},{"value":"0x0","values":["0x0","0","0x0"],"tooltip":"storage value","truncatable":true}]},"status":"HAVOC","childrenList":[],"jumpToDefinition":{"file":"test/mocks/Mocks.sol","start":{"line":9,"col":1},"end":{"line":52,"col":2}},"changedSincePreviousPrint":false,"changedSinceStart":false}],"jumpToDefinition":null,"storageId":null}],"jumpToDefinition":null,"storageId":2},{"message":{"text":"Balances","arguments":[]},"status":"","childrenList":[{"message":{"text":"0x2713.balance: '{0}'","arguments":[{"value":"0x0","values":["0x0","0","0x0"],"tooltip":"balance","truncatable":true}]},"status":"","childrenList":[],"jumpToDefinition":null},{"message":{"text":"Vault.balance: '{0}'","arguments":[{"value":"0x0","values":["0x0","0","0x0"],"tooltip":"balance","truncatable":true}]},"status":"","childrenList":[],"jumpToDefinition":null}],"jumpToDefinition":null,"storageId":2}],"jumpToDefinition":null,"storageId":null},{"message":{"text":"Return","arguments":[]},"status":"","childrenList":[],"jumpToDefinition":{"file":"src/vault/Vault.sol","start":{"line":61,"col":1},"end":{"line":463,"col":2}}}],"jumpToDefinition":{"file":"lib/oz_reflax/access/Ownable.sol","start":{"line":54,"col":5},"end":{"line":56,"col":6}}},{"message":{"text":"e.msg.sender == Vault.owner() ↪ '{0}'","arguments":[{"value":"true","values":["true"],"tooltip":"value of expression","truncatable":false}]},"status":"","childrenList":[{"message":{"text":"e.msg.sender ↪ '{0}'","arguments":[{"value":"0x2713","values":["0x2713","0x2713","0x2713"],"tooltip":"value of expression","truncatable":true}]},"status":"","childrenList":[],"jumpToDefinition":{"file":"certora/specs/Vault.spec","start":{"line":282,"col":13},"end":{"line":282,"col":25}}},{"message":{"text":"Vault.owner() ↪ '{0}'","arguments":[{"value":"0x2713","values":["0x2713"],"tooltip":"value of expression","truncatable":true}]},"status":"","childrenList":[],"jumpToDefinition":{"file":"certora/specs/Vault.spec","start":{"line":282,"col":29},"end":{"line":282,"col":36}}}],"jumpToDefinition":{"file":"certora/specs/Vault.spec","start":{"line":282,"col":13},"end":{"line":282,"col":36}}}],"jumpToDefinition":{"file":"certora/specs/Vault.spec","start":{"line":282,"col":5},"end":{"line":282,"col":37}}},{"message":{"text":"require Vault.emergencyState()","arguments":[]},"status":"","childrenList":[{"message":{"text":"Vault.emergencyState() ↪ '{0}'","arguments":[{"value":"true","values":["true"],"tooltip":"value","truncatable":false}]},"status":"","childrenList":[{"message":{"text":"Load from Vault.[raw storage address] '{0}' ↪ '{1}'","arguments":[{"value":"Vault","values":["Vault","Vault","0x3"],"tooltip":"address","truncatable":false},{"value":"0x1","values":["0x1","1","0x1"],"tooltip":"storage value","truncatable":true}]},"status":"","childrenList":[],"jumpToDefinition":null},{"message":{"text":"Evaluate branch condition","arguments":[]},"status":"","childrenList":[],"jumpToDefinition":{"file":"src/vault/Vault.sol","start":{"line":61,"col":1},"end":{"line":463,"col":2}}},{"message":{"text":"Evaluate branch condition","arguments":[]},"status":"","childrenList":[],"jumpToDefinition":{"file":"src/vault/Vault.sol","start":{"line":61,"col":1},"end":{"line":463,"col":2}}},{"message":{"text":"Load from Vault.emergencyState ↪ '{0}'","arguments":[{"value":"true","values":["true"],"tooltip":"storage value","truncatable":false}]},"status":"","childrenList":[],"jumpToDefinition":{"file":"src/vault/Vault.sol","start":{"line":61,"col":1},"end":{"line":463,"col":2}}},{"message":{"text":"Return","arguments":[]},"status":"","childrenList":[],"jumpToDefinition":{"file":"src/vault/Vault.sol","start":{"line":61,"col":1},"end":{"line":463,"col":2}}}],"jumpToDefinition":{"file":"src/vault/Vault.sol","start":{"line":93,"col":5},"end":{"line":93,"col":31}}}],"jumpToDefinition":{"file":"certora/specs/Vault.spec","start":{"line":283,"col":5},"end":{"line":283,"col":30}}},{"message":{"text":"require token == inputToken","arguments":[]},"status":"","childrenList":[{"message":{"text":"token == inputToken ↪ '{0}'","arguments":[{"value":"true","values":["true"],"tooltip":"value of expression","truncatable":false}]},"status":"","childrenList":[{"message":{"text":"token ↪ '{0}'","arguments":[{"value":"MockERC20","values":["MockERC20","MockERC20","0x2712"],"tooltip":"value of expression","truncatable":false}]},"status":"","childrenList":[],"jumpToDefinition":{"file":"certora/specs/Vault.spec","start":{"line":284,"col":13},"end":{"line":284,"col":18}}},{"message":{"text":"inputToken ↪ '{0}'","arguments":[{"value":"0x2712","values":["0x2712","10002","0x2712"],"tooltip":"value of expression","truncatable":true}]},"status":"","childrenList":[],"jumpToDefinition":{"file":"certora/specs/Vault.spec","start":{"line":284,"col":22},"end":{"line":284,"col":32}}}],"jumpToDefinition":{"file":"certora/specs/Vault.spec","start":{"line":284,"col":13},"end":{"line":284,"col":32}}}],"jumpToDefinition":{"file":"certora/specs/Vault.spec","start":{"line":284,"col":5},"end":{"line":284,"col":33}}},{"message":{"text":"require Vault.totalDeposits() > 0","arguments":[]},"status":"","childrenList":[{"message":{"text":"Vault.totalDeposits() ↪ '{0}'","arguments":[{"value":"0x1","values":["0x1","1","0x1"],"tooltip":"value","truncatable":true}]},"status":"","childrenList":[{"message":{"text":"Load from Vault.[raw storage address] '{0}' ↪ '{1}'","arguments":[{"value":"Vault","values":["Vault","Vault","0x3"],"tooltip":"address","truncatable":false},{"value":"0x1","values":["0x1","1","0x1"],"tooltip":"storage value","truncatable":true}]},"status":"","childrenList":[],"jumpToDefinition":null},{"message":{"text":"Evaluate branch condition","arguments":[]},"status":"","childrenList":[],"jumpToDefinition":{"file":"src/vault/Vault.sol","start":{"line":61,"col":1},"end":{"line":463,"col":2}}},{"message":{"text":"Evaluate branch condition","arguments":[]},"status":"","childrenList":[],"jumpToDefinition":{"file":"src/vault/Vault.sol","start":{"line":61,"col":1},"end":{"line":463,"col":2}}},{"message":{"text":"Load from Vault.totalDeposits ↪ '{0}'","arguments":[{"value":"0x1","values":["0x1","1","0x1"],"tooltip":"storage value","truncatable":true}]},"status":"","childrenList":[],"jumpToDefinition":{"file":"src/vault/Vault.sol","start":{"line":61,"col":1},"end":{"line":463,"col":2}}},{"message":{"text":"Return","arguments":[]},"status":"","childrenList":[],"jumpToDefinition":{"file":"src/vault/Vault.sol","start":{"line":61,"col":1},"end":{"line":463,"col":2}}}],"jumpToDefinition":{"file":"src/vault/Vault.sol","start":{"line":83,"col":5},"end":{"line":83,"col":33}}}],"jumpToDefinition":{"file":"certora/specs/Vault.spec","start":{"line":285,"col":5},"end":{"line":285,"col":33}}},{"message":{"text":"require Vault.rebaseMultiplier() == 1000000000000000000","arguments":[]},"status":"","childrenList":[{"message":{"text":"Vault.rebaseMultiplier() ↪ '{0}'","arguments":[{"value":"0xde0b6b3a7640000","values":["0xde0b6b3a7640000","1000000000000000000","0xde0b6b3a7640000"],"tooltip":"value","truncatable":true}]},"status":"","childrenList":[{"message":{"text":"Load from Vault.[raw storage address] '{0}' ↪ '{1}'","arguments":[{"value":"Vault","values":["Vault","Vault","0x3"],"tooltip":"address","truncatable":false},{"value":"0x1","values":["0x1","1","0x1"],"tooltip":"storage value","truncatable":true}]},"status":"","childrenList":[],"jumpToDefinition":null},{"message":{"text":"Evaluate branch condition","arguments":[]},"status":"","childrenList":[],"jumpToDefinition":{"file":"src/vault/Vault.sol","start":{"line":61,"col":1},"end":{"line":463,"col":2}}},{"message":{"text":"Evaluate branch condition","arguments":[]},"status":"","childrenList":[],"jumpToDefinition":{"file":"src/vault/Vault.sol","start":{"line":61,"col":1},"end":{"line":463,"col":2}}},{"message":{"text":"Load from Vault.rebaseMultiplier ↪ '{0}'","arguments":[{"value":"0xde0b6b3a7640000","values":["0xde0b6b3a7640000","1000000000000000000","0xde0b6b3a7640000"],"tooltip":"storage value","truncatable":true}]},"status":"","childrenList":[],"jumpToDefinition":{"file":"src/vault/Vault.sol","start":{"line":61,"col":1},"end":{"line":463,"col":2}}},{"message":{"text":"Return","arguments":[]},"status":"","childrenList":[],"jumpToDefinition":{"file":"src/vault/Vault.sol","start":{"line":61,"col":1},"end":{"line":463,"col":2}}}],"jumpToDefinition":{"file":"src/vault/Vault.sol","start":{"line":97,"col":5},"end":{"line":97,"col":36}}}],"jumpToDefinition":{"file":"certora/specs/Vault.spec","start":{"line":286,"col":5},"end":{"line":286,"col":55}}},{"message":{"text":"Vault.emergencyWithdrawFromYieldSource@withrevert(e, token, recipient)","arguments":[]},"status":"","childrenList":[{"message":{"text":"Vault.emergencyWithdrawFromYieldSource(token='{0}', recipient='{1}')","arguments":[{"value":"MockERC20","values":["MockERC20","MockERC20","0x2712"],"tooltip":"value","truncatable":false},{"value":"0x2711","values":["0x2711","0x2711","0x2711"],"tooltip":"value","truncatable":true}]},"status":"","childrenList":[{"message":{"text":"sender: '{0}'; receiver: '{1}'; transferred amount: '{2}'","arguments":[{"value":"0x2713","values":["0x2713","0x2713","0x2713"],"tooltip":"address of sender","truncatable":true},{"value":"Vault","values":["Vault","Vault","0x3"],"tooltip":"address of receiver","truncatable":false},{"value":"0x0","values":["0x0","0","0x0"],"tooltip":"transferred amount","truncatable":true}]},"status":"TRANSFER","childrenList":[{"message":{"text":"Load from: sender.balance ↪ '{0}'","arguments":[{"value":"0x0","values":["0x0","0","0x0"],"tooltip":"balance","truncatable":true}]},"status":"","childrenList":[],"jumpToDefinition":null},{"message":{"text":"Store at: sender.balance ↪ '{0}'","arguments":[{"value":"0x0","values":["0x0","0","0x0"],"tooltip":"balance","truncatable":true}]},"status":"","childrenList":[],"jumpToDefinition":null},{"message":{"text":"Load from: receiver.balance ↪ '{0}'","arguments":[{"value":"0x0","values":["0x0","0","0x0"],"tooltip":"balance","truncatable":true}]},"status":"","childrenList":[],"jumpToDefinition":null},{"message":{"text":"Store at: receiver.balance ↪ '{0}'","arguments":[{"value":"0x0","values":["0x0","0","0x0"],"tooltip":"balance","truncatable":true}]},"status":"","childrenList":[],"jumpToDefinition":null}],"jumpToDefinition":null},{"message":{"text":"Load from Vault.[raw storage address] '{0}' ↪ '{1}'","arguments":[{"value":"Vault","values":["Vault","Vault","0x3"],"tooltip":"address","truncatable":false},{"value":"0x1","values":["0x1","1","0x1"],"tooltip":"storage value","truncatable":true}]},"status":"","childrenList":[],"jumpToDefinition":null},{"message":{"text":"Evaluate branch condition","arguments":[]},"status":"","childrenList":[],"jumpToDefinition":{"file":"src/vault/Vault.sol","start":{"line":61,"col":1},"end":{"line":463,"col":2}}},{"message":{"text":"Evaluate branch condition","arguments":[]},"status":"","childrenList":[],"jumpToDefinition":{"file":"src/vault/Vault.sol","start":{"line":61,"col":1},"end":{"line":463,"col":2}}},{"message":{"text":"Evaluate branch condition","arguments":[]},"status":"","childrenList":[],"jumpToDefinition":{"file":"src/vault/Vault.sol","start":{"line":61,"col":1},"end":{"line":463,"col":2}}},{"message":{"text":"Evaluate branch condition","arguments":[]},"status":"","childrenList":[],"jumpToDefinition":{"file":"src/vault/Vault.sol","start":{"line":61,"col":1},"end":{"line":463,"col":2}}},{"message":{"text":"Ownable._checkOwner()","arguments":[]},"status":"","childrenList":[{"message":{"text":"Vault.owner() ↪ '{0}'","arguments":[{"value":"0x2713","values":["0x2713","0x2713","0x2713"],"tooltip":"return value","truncatable":true}]},"status":"","childrenList":[{"message":{"text":"Load from Vault._owner ↪ '{0}'","arguments":[{"value":"0x2713","values":["0x2713","0x2713","0x2713"],"tooltip":"storage value","truncatable":true}]},"status":"","childrenList":[],"jumpToDefinition":{"file":"src/vault/Vault.sol","start":{"line":61,"col":1},"end":{"line":463,"col":2}}}],"jumpToDefinition":{"file":"lib/oz_reflax/access/Ownable.sol","start":{"line":62,"col":13},"end":{"line":62,"col":20}}},{"message":{"text":"Global State","arguments":[]},"status":"","childrenList":[{"message":{"text":"Storage State","arguments":[]},"status":"","childrenList":[{"message":{"text":"Vault","arguments":[]},"status":"","childrenList":[{"message":{"text":"_owner: '{0}'","arguments":[{"value":"0x2713","values":["0x2713","0x2713","0x2713"],"tooltip":"storage value","truncatable":true}]},"status":"HAVOC","childrenList":[],"jumpToDefinition":{"file":"src/vault/Vault.sol","start":{"line":61,"col":1},"end":{"line":463,"col":2}},"changedSincePreviousPrint":false,"changedSinceStart":false},{"message":{"text":"emergencyState: '{0}'","arguments":[{"value":"true","values":["true"],"tooltip":"storage value","truncatable":false}]},"status":"HAVOC","childrenList":[],"jumpToDefinition":{"file":"src/vault/Vault.sol","start":{"line":61,"col":1},"end":{"line":463,"col":2}},"changedSincePreviousPrint":false,"changedSinceStart":false},{"message":{"text":"rebaseMultiplier: '{0}'","arguments":[{"value":"0xde0b6b3a7640000","values":["0xde0b6b3a7640000","1000000000000000000","0xde0b6b3a7640000"],"tooltip":"storage value","truncatable":true}]},"status":"HAVOC","childrenList":[],"jumpToDefinition":{"file":"src/vault/Vault.sol","start":{"line":61,"col":1},"end":{"line":463,"col":2}},"changedSincePreviousPrint":false,"changedSinceStart":false},{"message":{"text":"totalDeposits: '{0}'","arguments":[{"value":"0x1","values":["0x1","1","0x1"],"tooltip":"storage value","truncatable":true}]},"status":"HAVOC","childrenList":[],"jumpToDefinition":{"file":"src/vault/Vault.sol","start":{"line":61,"col":1},"end":{"line":463,"col":2}},"changedSincePreviousPrint":false,"changedSinceStart":false}],"jumpToDefinition":null,"storageId":null},{"message":{"text":"MockERC20","arguments":[]},"status":"","childrenList":[{"message":{"text":"balanceOf['{0}']: '{1}'","arguments":[{"value":"Vault","values":["Vault","Vault","0x3"],"tooltip":"key","truncatable":false},{"value":"0x0","values":["0x0","0","0x0"],"tooltip":"storage value","truncatable":true}]},"status":"HAVOC","childrenList":[],"jumpToDefinition":{"file":"test/mocks/Mocks.sol","start":{"line":9,"col":1},"end":{"line":52,"col":2}},"changedSincePreviousPrint":false,"changedSinceStart":false}],"jumpToDefinition":null,"storageId":null}],"jumpToDefinition":null,"storageId":3},{"message":{"text":"Balances","arguments":[]},"status":"","childrenList":[{"message":{"text":"0x2713.balance: '{0}'","arguments":[{"value":"0x0","values":["0x0","0","0x0"],"tooltip":"balance","truncatable":true}]},"status":"","childrenList":[],"jumpToDefinition":null},{"message":{"text":"Vault.balance: '{0}'","arguments":[{"value":"0x0","values":["0x0","0","0x0"],"tooltip":"balance","truncatable":true}]},"status":"","childrenList":[],"jumpToDefinition":null}],"jumpToDefinition":null,"storageId":3}],"jumpToDefinition":null,"storageId":null},{"message":{"text":"Evaluate branch condition","arguments":[]},"status":"","childrenList":[],"jumpToDefinition":{"file":"lib/oz_reflax/access/Ownable.sol","start":{"line":62,"col":9},"end":{"line":64,"col":10}}}],"jumpToDefinition":{"file":"lib/oz_reflax/access/Ownable.sol","start":{"line":46,"col":5},"end":{"line":49,"col":6}}},{"message":{"text":"Global State","arguments":[]},"status":"","childrenList":[{"message":{"text":"Storage State","arguments":[]},"status":"","childrenList":[{"message":{"text":"Vault","arguments":[]},"status":"","childrenList":[{"message":{"text":"_owner: '{0}'","arguments":[{"value":"0x2713","values":["0x2713","0x2713","0x2713"],"tooltip":"storage value","truncatable":true}]},"status":"HAVOC","childrenList":[],"jumpToDefinition":{"file":"src/vault/Vault.sol","start":{"line":61,"col":1},"end":{"line":463,"col":2}},"changedSincePreviousPrint":false,"changedSinceStart":false},{"message":{"text":"emergencyState: '{0}'","arguments":[{"value":"true","values":["true"],"tooltip":"storage value","truncatable":false}]},"status":"HAVOC","childrenList":[],"jumpToDefinition":{"file":"src/vault/Vault.sol","start":{"line":61,"col":1},"end":{"line":463,"col":2}},"changedSincePreviousPrint":false,"changedSinceStart":false},{"message":{"text":"rebaseMultiplier: '{0}'","arguments":[{"value":"0xde0b6b3a7640000","values":["0xde0b6b3a7640000","1000000000000000000","0xde0b6b3a7640000"],"tooltip":"storage value","truncatable":true}]},"status":"HAVOC","childrenList":[],"jumpToDefinition":{"file":"src/vault/Vault.sol","start":{"line":61,"col":1},"end":{"line":463,"col":2}},"changedSincePreviousPrint":false,"changedSinceStart":false},{"message":{"text":"totalDeposits: '{0}'","arguments":[{"value":"0x1","values":["0x1","1","0x1"],"tooltip":"storage value","truncatable":true}]},"status":"HAVOC","childrenList":[],"jumpToDefinition":{"file":"src/vault/Vault.sol","start":{"line":61,"col":1},"end":{"line":463,"col":2}},"changedSincePreviousPrint":false,"changedSinceStart":false}],"jumpToDefinition":null,"storageId":null},{"message":{"text":"MockERC20","arguments":[]},"status":"","childrenList":[{"message":{"text":"balanceOf['{0}']: '{1}'","arguments":[{"value":"Vault","values":["Vault","Vault","0x3"],"tooltip":"key","truncatable":false},{"value":"0x0","values":["0x0","0","0x0"],"tooltip":"storage value","truncatable":true}]},"status":"HAVOC","childrenList":[],"jumpToDefinition":{"file":"test/mocks/Mocks.sol","start":{"line":9,"col":1},"end":{"line":52,"col":2}},"changedSincePreviousPrint":false,"changedSinceStart":false}],"jumpToDefinition":null,"storageId":null}],"jumpToDefinition":null,"storageId":4},{"message":{"text":"Balances","arguments":[]},"status":"","childrenList":[{"message":{"text":"0x2713.balance: '{0}'","arguments":[{"value":"0x0","values":["0x0","0","0x0"],"tooltip":"balance","truncatable":true}]},"status":"","childrenList":[],"jumpToDefinition":null},{"message":{"text":"Vault.balance: '{0}'","arguments":[{"value":"0x0","values":["0x0","0","0x0"],"tooltip":"balance","truncatable":true}]},"status":"","childrenList":[],"jumpToDefinition":null}],"jumpToDefinition":null,"storageId":4}],"jumpToDefinition":null,"storageId":null},{"message":{"text":"Load from Vault.emergencyState ↪ '{0}'","arguments":[{"value":"true","values":["true"],"tooltip":"storage value","truncatable":false}]},"status":"","childrenList":[],"jumpToDefinition":{"file":"src/vault/Vault.sol","start":{"line":61,"col":1},"end":{"line":463,"col":2}}},{"message":{"text":"Evaluate branch condition","arguments":[]},"status":"","childrenList":[],"jumpToDefinition":{"file":"src/vault/Vault.sol","start":{"line":61,"col":1},"end":{"line":463,"col":2}}},{"message":{"text":"Evaluate branch condition","arguments":[]},"status":"","childrenList":[],"jumpToDefinition":{"file":"src/vault/Vault.sol","start":{"line":436,"col":13},"end":{"line":436,"col":62}}},{"message":{"text":"Evaluate branch condition","arguments":[]},"status":"","childrenList":[],"jumpToDefinition":{"file":"src/vault/Vault.sol","start":{"line":436,"col":9},"end":{"line":447,"col":10}}},{"message":{"text":"Declare tokenContract","arguments":[]},"status":"","childrenList":[],"jumpToDefinition":{"file":"src/vault/Vault.sol","start":{"line":450,"col":9},"end":{"line":450,"col":45}}},{"message":{"text":"balanceOf(address): DISPATCHER(optimistic = true) summary @ Vault.spec:27:47()","arguments":[]},"status":"DISPATCHER","childrenList":[{"message":{"text":"MockERC20.balanceOf('{0}') ↪ '{1}'","arguments":[{"value":"Vault","values":["Vault","Vault","0x3"],"tooltip":"value","truncatable":false},{"value":"0x0","values":["0x0","0","0x0"],"tooltip":"value","truncatable":true}]},"status":"","childrenList":[{"message":{"text":"Load from MockERC20.[raw storage address] '{0}' ↪ '{1}'","arguments":[{"value":"MockERC20","values":["MockERC20","MockERC20","0x2712"],"tooltip":"address","truncatable":false},{"value":"0x1","values":["0x1","1","0x1"],"tooltip":"storage value","truncatable":true}]},"status":"","childrenList":[],"jumpToDefinition":null},{"message":{"text":"Evaluate branch condition","arguments":[]},"status":"","childrenList":[],"jumpToDefinition":{"file":"test/mocks/Mocks.sol","start":{"line":9,"col":1},"end":{"line":52,"col":2}}},{"message":{"text":"Evaluate branch condition","arguments":[]},"status":"","childrenList":[],"jumpToDefinition":{"file":"test/mocks/Mocks.sol","start":{"line":9,"col":1},"end":{"line":52,"col":2}}},{"message":{"text":"Evaluate branch condition","arguments":[]},"status":"","childrenList":[],"jumpToDefinition":{"file":"test/mocks/Mocks.sol","start":{"line":9,"col":1},"end":{"line":52,"col":2}}},{"message":{"text":"Load from MockERC20.balanceOf['{0}'] ↪ '{1}'","arguments":[{"value":"Vault","values":["Vault","Vault","0x3"],"tooltip":"key","truncatable":false},{"value":"0x0","values":["0x0","0","0x0"],"tooltip":"storage value","truncatable":true}]},"status":"","childrenList":[],"jumpToDefinition":{"file":"test/mocks/Mocks.sol","start":{"line":9,"col":1},"end":{"line":52,"col":2}}},{"message":{"text":"Return","arguments":[]},"status":"","childrenList":[],"jumpToDefinition":{"file":"test/mocks/Mocks.sol","start":{"line":9,"col":1},"end":{"line":52,"col":2}}}],"jumpToDefinition":{"file":"test/mocks/Mocks.sol","start":{"line":16,"col":5},"end":{"line":16,"col":49}}}],"jumpToDefinition":{"file":"certora/specs/Vault.spec","start":{"line":27,"col":47},"end":{"line":27,"col":63}}},{"message":{"text":"Evaluate branch condition","arguments":[]},"status":"","childrenList":[],"jumpToDefinition":{"file":"src/vault/Vault.sol","start":{"line":451,"col":27},"end":{"line":451,"col":65}}},{"message":{"text":"Evaluate branch condition","arguments":[]},"status":"","childrenList":[],"jumpToDefinition":{"file":"src/vault/Vault.sol","start":{"line":451,"col":27},"end":{"line":451,"col":65}}},{"message":{"text":"Evaluate branch condition","arguments":[]},"status":"","childrenList":[],"jumpToDefinition":{"file":"src/vault/Vault.sol","start":{"line":61,"col":1},"end":{"line":463,"col":2}}},{"message":{"text":"Evaluate branch condition","arguments":[]},"status":"","childrenList":[],"jumpToDefinition":{"file":"src/vault/Vault.sol","start":{"line":61,"col":1},"end":{"line":463,"col":2}}},{"message":{"text":"balance  ↪  '{0}'","arguments":[{"value":"0x0","values":["0x0","0","0x0"],"tooltip":"value","truncatable":true}]},"status":"","childrenList":[],"jumpToDefinition":{"file":"src/vault/Vault.sol","start":{"line":451,"col":9},"end":{"line":451,"col":65}}},{"message":{"text":"Evaluate branch condition","arguments":[]},"status":"","childrenList":[],"jumpToDefinition":{"file":"src/vault/Vault.sol","start":{"line":453,"col":9},"end":{"line":456,"col":10}}},{"message":{"text":"Return","arguments":[]},"status":"","childrenList":[],"jumpToDefinition":{"file":"src/vault/Vault.sol","start":{"line":61,"col":1},"end":{"line":463,"col":2}}}],"jumpToDefinition":{"file":"src/vault/Vault.sol","start":{"line":432,"col":5},"end":{"line":457,"col":6}}}],"jumpToDefinition":{"file":"certora/specs/Vault.spec","start":{"line":288,"col":5},"end":{"line":288,"col":70}}},{"message":{"text":"if (!(lastReverted))","arguments":[]},"status":"","childrenList":[{"message":{"text":"!(lastReverted) ↪ '{0}'","arguments":[{"value":"true","values":["true"],"tooltip":"value of expression","truncatable":false}]},"status":"","childrenList":[{"message":{"text":"lastReverted ↪ '{0}'","arguments":[{"value":"false","values":["false"],"tooltip":"value of expression","truncatable":false}]},"status":"","childrenList":[],"jumpToDefinition":{"file":"certora/specs/Vault.spec","start":{"line":290,"col":10},"end":{"line":290,"col":22}}}],"jumpToDefinition":{"file":"certora/specs/Vault.spec","start":{"line":290,"col":9},"end":{"line":290,"col":22}}},{"message":{"text":"THEN branch","arguments":[]},"status":"","childrenList":[{"message":{"text":"assert Vault.rebaseMultiplier() == 0","arguments":[]},"status":"","childrenList":[{"message":{"text":"Vault.rebaseMultiplier() ↪ '{0}'","arguments":[{"value":"0xde0b6b3a7640000","values":["0xde0b6b3a7640000","1000000000000000000","0xde0b6b3a7640000"],"tooltip":"value","truncatable":true}]},"status":"","childrenList":[{"message":{"text":"Load from Vault.[raw storage address] '{0}' ↪ '{1}'","arguments":[{"value":"Vault","values":["Vault","Vault","0x3"],"tooltip":"address","truncatable":false},{"value":"0x1","values":["0x1","1","0x1"],"tooltip":"storage value","truncatable":true}]},"status":"","childrenList":[],"jumpToDefinition":null},{"message":{"text":"Evaluate branch condition","arguments":[]},"status":"","childrenList":[],"jumpToDefinition":{"file":"src/vault/Vault.sol","start":{"line":61,"col":1},"end":{"line":463,"col":2}}},{"message":{"text":"Evaluate branch condition","arguments":[]},"status":"","childrenList":[],"jumpToDefinition":{"file":"src/vault/Vault.sol","start":{"line":61,"col":1},"end":{"line":463,"col":2}}},{"message":{"text":"Load from Vault.rebaseMultiplier ↪ '{0}'","arguments":[{"value":"0xde0b6b3a7640000","values":["0xde0b6b3a7640000","1000000000000000000","0xde0b6b3a7640000"],"tooltip":"storage value","truncatable":true}]},"status":"","childrenList":[],"jumpToDefinition":{"file":"src/vault/Vault.sol","start":{"line":61,"col":1},"end":{"line":463,"col":2}}},{"message":{"text":"Return","arguments":[]},"status":"","childrenList":[],"jumpToDefinition":{"file":"src/vault/Vault.sol","start":{"line":61,"col":1},"end":{"line":463,"col":2}}}],"jumpToDefinition":{"file":"src/vault/Vault.sol","start":{"line":97,"col":5},"end":{"line":97,"col":36}}},{"message":{"text":"Vault.rebaseMultiplier() == 0 ↪ '{0}'","arguments":[{"value":"false","values":["false"],"tooltip":"value of expression","truncatable":false}]},"status":"","childrenList":[{"message":{"text":"Vault.rebaseMultiplier() ↪ '{0}'","arguments":[{"value":"0xde0b6b3a7640000","values":["0xde0b6b3a7640000"],"tooltip":"value of expression","truncatable":true}]},"status":"","childrenList":[],"jumpToDefinition":{"file":"certora/specs/Vault.spec","start":{"line":291,"col":16},"end":{"line":291,"col":34}}},{"message":{"text":"0","arguments":[]},"status":"","childrenList":[],"jumpToDefinition":{"file":"certora/specs/Vault.spec","start":{"line":291,"col":38},"end":{"line":291,"col":39}}}],"jumpToDefinition":{"file":"certora/specs/Vault.spec","start":{"line":291,"col":16},"end":{"line":291,"col":39}}},{"message":{"text":"Global State","arguments":[]},"status":"","childrenList":[{"message":{"text":"Storage State","arguments":[]},"status":"","childrenList":[{"message":{"text":"Vault","arguments":[]},"status":"","childrenList":[{"message":{"text":"_owner: '{0}'","arguments":[{"value":"0x2713","values":["0x2713","0x2713","0x2713"],"tooltip":"storage value","truncatable":true}]},"status":"HAVOC","childrenList":[],"jumpToDefinition":{"file":"src/vault/Vault.sol","start":{"line":61,"col":1},"end":{"line":463,"col":2}},"changedSincePreviousPrint":false,"changedSinceStart":false},{"message":{"text":"emergencyState: '{0}'","arguments":[{"value":"true","values":["true"],"tooltip":"storage value","truncatable":false}]},"status":"HAVOC","childrenList":[],"jumpToDefinition":{"file":"src/vault/Vault.sol","start":{"line":61,"col":1},"end":{"line":463,"col":2}},"changedSincePreviousPrint":false,"changedSinceStart":false},{"message":{"text":"rebaseMultiplier: '{0}'","arguments":[{"value":"0xde0b6b3a7640000","values":["0xde0b6b3a7640000","1000000000000000000","0xde0b6b3a7640000"],"tooltip":"storage value","truncatable":true}]},"status":"HAVOC","childrenList":[],"jumpToDefinition":{"file":"src/vault/Vault.sol","start":{"line":61,"col":1},"end":{"line":463,"col":2}},"changedSincePreviousPrint":false,"changedSinceStart":false},{"message":{"text":"totalDeposits: '{0}'","arguments":[{"value":"0x1","values":["0x1","1","0x1"],"tooltip":"storage value","truncatable":true}]},"status":"HAVOC","childrenList":[],"jumpToDefinition":{"file":"src/vault/Vault.sol","start":{"line":61,"col":1},"end":{"line":463,"col":2}},"changedSincePreviousPrint":false,"changedSinceStart":false}],"jumpToDefinition":null,"storageId":null},{"message":{"text":"MockERC20","arguments":[]},"status":"","childrenList":[{"message":{"text":"balanceOf['{0}']: '{1}'","arguments":[{"value":"Vault","values":["Vault","Vault","0x3"],"tooltip":"key","truncatable":false},{"value":"0x0","values":["0x0","0","0x0"],"tooltip":"storage value","truncatable":true}]},"status":"HAVOC","childrenList":[],"jumpToDefinition":{"file":"test/mocks/Mocks.sol","start":{"line":9,"col":1},"end":{"line":52,"col":2}},"changedSincePreviousPrint":false,"changedSinceStart":false}],"jumpToDefinition":null,"storageId":null}],"jumpToDefinition":null,"storageId":5},{"message":{"text":"Balances","arguments":[]},"status":"","childrenList":[{"message":{"text":"0x2713.balance: '{0}'","arguments":[{"value":"0x0","values":["0x0","0","0x0"],"tooltip":"balance","truncatable":true}]},"status":"","childrenList":[],"jumpToDefinition":null},{"message":{"text":"Vault.balance: '{0}'","arguments":[{"value":"0x0","values":["0x0","0","0x0"],"tooltip":"balance","truncatable":true}]},"status":"","childrenList":[],"jumpToDefinition":null}],"jumpToDefinition":null,"storageId":5}],"jumpToDefinition":null,"storageId":null}],"jumpToDefinition":{"file":"certora/specs/Vault.spec","start":{"line":291,"col":9},"end":{"line":291,"col":40}}}],"jumpToDefinition":{"file":"certora/specs/Vault.spec","start":{"line":290,"col":24},"end":{"line":292,"col":6}}}],"jumpToDefinition":{"file":"certora/specs/Vault.spec","start":{"line":290,"col":5},"end":{"line":294,"col":6}}}],"jumpToDefinition":null},"variables":[{"variableName":"e","childrenList":[{"variableName":"msg","childrenList":[{"variableName":"sender","value":"0x2713","values":["0x2713","0x2713","0x2713"],"tooltip":"copy value","truncatable":true,"jumpToDefinition":{"file":"certora/specs/Vault.spec","start":{"line":281,"col":39},"end":{"line":281,"col":44}},"childrenList":[],"uiId":13},{"variableName":"value","value":"0x0","values":["0x0","0","0x0"],"tooltip":"copy value","truncatable":true,"jumpToDefinition":{"file":"certora/specs/Vault.spec","start":{"line":281,"col":39},"end":{"line":281,"col":44}},"childrenList":[],"uiId":14}],"uiId":10},{"variableName":"tx","childrenList":[{"variableName":"origin","value":"0x402","values":["0x402","0x402","0x402"],"tooltip":"copy value","truncatable":true,"jumpToDefinition":{"file":"certora/specs/Vault.spec","start":{"line":281,"col":39},"end":{"line":281,"col":44}},"childrenList":[],"uiId":15}],"uiId":11},{"variableName":"block","childrenList":[{"variableName":"basefee","value":"0xa","values":["0xa","10","0xa"],"tooltip":"copy value","truncatable":true,"jumpToDefinition":{"file":"certora/specs/Vault.spec","start":{"line":281,"col":39},"end":{"line":281,"col":44}},"childrenList":[],"uiId":16},{"variableName":"blobbasefee","value":"0x9","values":["0x9","9","0x9"],"tooltip":"copy value","truncatable":true,"jumpToDefinition":{"file":"certora/specs/Vault.spec","start":{"line":281,"col":39},"end":{"line":281,"col":44}},"childrenList":[],"uiId":17},{"variableName":"coinbase","value":"0x401","values":["0x401","0x401","0x401"],"tooltip":"copy value","truncatable":true,"jumpToDefinition":{"file":"certora/specs/Vault.spec","start":{"line":281,"col":39},"end":{"line":281,"col":44}},"childrenList":[],"uiId":18},{"variableName":"difficulty","value":"0x8","values":["0x8","8","0x8"],"tooltip":"copy value","truncatable":true,"jumpToDefinition":{"file":"certora/specs/Vault.spec","start":{"line":281,"col":39},"end":{"line":281,"col":44}},"childrenList":[],"uiId":19},{"variableName":"gaslimit","value":"0x7","values":["0x7","7","0x7"],"tooltip":"copy value","truncatable":true,"jumpToDefinition":{"file":"certora/specs/Vault.spec","start":{"line":281,"col":39},"end":{"line":281,"col":44}},"childrenList":[],"uiId":20},{"variableName":"number","value":"0x6","values":["0x6","6","0x6"],"tooltip":"copy value","truncatable":true,"jumpToDefinition":{"file":"certora/specs/Vault.spec","start":{"line":281,"col":39},"end":{"line":281,"col":44}},"childrenList":[],"uiId":21},{"variableName":"timestamp","value":"0x5","values":["0x5","5","0x5"],"tooltip":"copy value","truncatable":true,"jumpToDefinition":{"file":"certora/specs/Vault.spec","start":{"line":281,"col":39},"end":{"line":281,"col":44}},"childrenList":[],"uiId":22}],"uiId":12}],"uiId":1},{"variableName":"token","value":"MockERC20","values":["MockERC20","MockERC20","0x2712"],"tooltip":"copy value","truncatable":false,"jumpToDefinition":{"file":"certora/specs/Vault.spec","start":{"line":281,"col":46},"end":{"line":281,"col":59}},"childrenList":[],"uiId":2},{"variableName":"recipient","value":"0x2711","values":["0x2711","0x2711","0x2711"],"tooltip":"copy value","truncatable":true,"jumpToDefinition":{"file":"certora/specs/Vault.spec","start":{"line":281,"col":61},"end":{"line":281,"col":78}},"childrenList":[],"uiId":3},{"variableName":"CVX_CRV_YieldSource","value":"0xf","values":["0xf","0xf","0xf"],"tooltip":"copy value","truncatable":true,"jumpToDefinition":{"file":"src/yieldSource/CVX_CRV_YieldSource.sol","start":{"line":72,"col":1},"end":{"line":536,"col":2}},"childrenList":[],"uiId":4},{"variableName":"MockERC20","value":"0x2712","values":["0x2712","0x2712","0x2712"],"tooltip":"copy value","truncatable":true,"jumpToDefinition":{"file":"test/mocks/Mocks.sol","start":{"line":9,"col":1},"end":{"line":52,"col":2}},"childrenList":[],"uiId":5},{"variableName":"ecrecover","value":"0x1","values":["0x1","0x1","0x1"],"tooltip":"copy value","truncatable":true,"jumpToDefinition":null,"childrenList":[],"uiId":6},{"variableName":"sha256","value":"0x2","values":["0x2","0x2","0x2"],"tooltip":"copy value","truncatable":true,"jumpToDefinition":null,"childrenList":[],"uiId":7},{"variableName":"identity","value":"0x4","values":["0x4","0x4","0x4"],"tooltip":"copy value","truncatable":true,"jumpToDefinition":null,"childrenList":[],"uiId":8},{"variableName":"Vault","value":"0x3","values":["0x3","0x3","0x3"],"tooltip":"copy value","truncatable":true,"jumpToDefinition":{"file":"src/vault/Vault.sol","start":{"line":61,"col":1},"end":{"line":463,"col":2}},"childrenList":[],"uiId":9}]}