[{"uiId":0,"label":"verification phase: finished checking rule (attempted 1 splits, proved a total weighing 100 %)","value":null,"children":[],"jumpToDefinition":null,"severity":0,"hSev":0},{"uiId":1,"label":"path count","value":"8","children":[],"jumpToDefinition":null,"severity":1,"hSev":0},{"uiId":2,"label":"nonlinearity","value":"nonlinear ops: 1\nmax polyn. degree: 2","children":[],"jumpToDefinition":null,"severity":1,"hSev":0},{"uiId":3,"label":"memory complexity","value":"memory updates: 70\nlongest update sequence: 7","children":[],"jumpToDefinition":null,"severity":2,"hSev":0,"link":"https://docs.certora.com/en/latest/docs/user-guide/out-of-resources/timeout.html#high-memory-complexity"},{"uiId":4,"label":"path count hotspots","value":null,"children":[{"uiId":5,"label":"function: Vault.claimRewards","value":"contrib. to branching: 25 %","children":[],"jumpToDefinition":{"file":"src/vault/Vault.sol","start":{"line":310,"col":5},"end":{"line":326,"col":6}},"severity":0,"hSev":0}],"jumpToDefinition":null,"severity":0,"hSev":0},{"uiId":6,"label":"nonlinearity hotspots","value":null,"children":[{"uiId":7,"label":"function: Vault.claimRewards","value":"contrib. to nonlinear ops: 100 % \ncontrib. to max polyn. degree: 50 %","children":[],"jumpToDefinition":{"file":"src/vault/Vault.sol","start":{"line":310,"col":5},"end":{"line":326,"col":6}},"severity":0,"hSev":0}],"jumpToDefinition":null,"severity":0,"hSev":0},{"uiId":8,"label":"per call stats","value":null,"children":[{"uiId":9,"label":"call #1: MockERC20.balanceOf","value":null,"children":[{"uiId":10,"label":"path count","value":"1","children":[],"jumpToDefinition":null,"severity":0,"hSev":0},{"uiId":11,"label":"#nonlinear operations","value":"0","children":[],"jumpToDefinition":null,"severity":0,"hSev":0},{"uiId":12,"label":"longest loop","value":"0","children":[],"jumpToDefinition":null,"severity":0,"hSev":0},{"uiId":13,"label":"#loops","value":"0","children":[],"jumpToDefinition":null,"severity":0,"hSev":0}],"jumpToDefinition":{"file":"test/mocks/Mocks.sol","start":{"line":16,"col":5},"end":{"line":16,"col":49}},"severity":0,"hSev":0},{"uiId":14,"label":"call #2: Vault.surplusInputToken","value":null,"children":[{"uiId":15,"label":"path count","value":"1","children":[],"jumpToDefinition":null,"severity":0,"hSev":0},{"uiId":16,"label":"#nonlinear operations","value":"0","children":[],"jumpToDefinition":null,"severity":0,"hSev":0},{"uiId":17,"label":"longest loop","value":"0","children":[],"jumpToDefinition":null,"severity":0,"hSev":0},{"uiId":18,"label":"#loops","value":"0","children":[],"jumpToDefinition":null,"severity":0,"hSev":0}],"jumpToDefinition":{"file":"src/vault/Vault.sol","start":{"line":87,"col":5},"end":{"line":87,"col":37}},"severity":0,"hSev":0},{"uiId":19,"label":"call #3: Vault.claimRewards","value":null,"children":[{"uiId":20,"label":"path count","value":"8","children":[],"jumpToDefinition":null,"severity":0,"hSev":0},{"uiId":21,"label":"#nonlinear operations","value":"1","children":[],"jumpToDefinition":null,"severity":0,"hSev":0},{"uiId":22,"label":"longest loop","value":"0","children":[],"jumpToDefinition":null,"severity":0,"hSev":0},{"uiId":23,"label":"#loops","value":"0","children":[],"jumpToDefinition":null,"severity":0,"hSev":0},{"uiId":24,"label":"callees","value":null,"children":[{"uiId":25,"label":"call #477: (internal) Vault._nonReentrantBefore","value":null,"children":[{"uiId":26,"label":"path count","value":"1","children":[],"jumpToDefinition":null,"severity":0,"hSev":0},{"uiId":27,"label":"#nonlinear operations","value":"0","children":[],"jumpToDefinition":null,"severity":0,"hSev":0},{"uiId":28,"label":"longest loop","value":"0","children":[],"jumpToDefinition":null,"severity":0,"hSev":0},{"uiId":29,"label":"#loops","value":"0","children":[],"jumpToDefinition":null,"severity":0,"hSev":0}],"jumpToDefinition":{"file":"src/vault/Vault.sol","start":{"line":61,"col":1},"end":{"line":463,"col":2}},"severity":0,"hSev":0},{"uiId":30,"label":"call #482: (internal) Vault._nonReentrantAfter","value":null,"children":[{"uiId":31,"label":"path count","value":"1","children":[],"jumpToDefinition":null,"severity":0,"hSev":0},{"uiId":32,"label":"#nonlinear operations","value":"0","children":[],"jumpToDefinition":null,"severity":0,"hSev":0},{"uiId":33,"label":"longest loop","value":"0","children":[],"jumpToDefinition":null,"severity":0,"hSev":0},{"uiId":34,"label":"#loops","value":"0","children":[],"jumpToDefinition":null,"severity":0,"hSev":0}],"jumpToDefinition":{"file":"src/vault/Vault.sol","start":{"line":61,"col":1},"end":{"line":463,"col":2}},"severity":0,"hSev":0},{"uiId":35,"label":"call #480: (internal) Vault.safeTransfer","value":null,"children":[{"uiId":36,"label":"path count","value":"1","children":[],"jumpToDefinition":null,"severity":0,"hSev":0},{"uiId":37,"label":"#nonlinear operations","value":"0","children":[],"jumpToDefinition":null,"severity":0,"hSev":0},{"uiId":38,"label":"longest loop","value":"0","children":[],"jumpToDefinition":null,"severity":0,"hSev":0},{"uiId":39,"label":"#loops","value":"0","children":[],"jumpToDefinition":null,"severity":0,"hSev":0},{"uiId":40,"label":"callees","value":null,"children":[{"uiId":41,"label":"call #481: (internal) Vault._callOptionalReturn","value":null,"children":[{"uiId":42,"label":"path count","value":"1","children":[],"jumpToDefinition":null,"severity":0,"hSev":0},{"uiId":43,"label":"#nonlinear operations","value":"0","children":[],"jumpToDefinition":null,"severity":0,"hSev":0},{"uiId":44,"label":"longest loop","value":"0","children":[],"jumpToDefinition":null,"severity":0,"hSev":0},{"uiId":45,"label":"#loops","value":"0","children":[],"jumpToDefinition":null,"severity":0,"hSev":0},{"uiId":46,"label":"callees","value":null,"children":[{"uiId":47,"label":"call #5: MockERC20.transfer","value":null,"children":[{"uiId":48,"label":"path count","value":"1","children":[],"jumpToDefinition":null,"severity":0,"hSev":0},{"uiId":49,"label":"#nonlinear operations","value":"0","children":[],"jumpToDefinition":null,"severity":0,"hSev":0},{"uiId":50,"label":"longest loop","value":"0","children":[],"jumpToDefinition":null,"severity":0,"hSev":0},{"uiId":51,"label":"#loops","value":"0","children":[],"jumpToDefinition":null,"severity":0,"hSev":0}],"jumpToDefinition":{"file":"test/mocks/Mocks.sol","start":{"line":37,"col":5},"end":{"line":42,"col":6}},"severity":0,"hSev":0}],"jumpToDefinition":null,"severity":0,"hSev":0}],"jumpToDefinition":{"file":"lib/oz_reflax/token/ERC20/utils/SafeERC20.sol","start":{"line":47,"col":5},"end":{"line":65,"col":6}},"severity":0,"hSev":0}],"jumpToDefinition":null,"severity":0,"hSev":0}],"jumpToDefinition":{"file":"src/vault/Vault.sol","start":{"line":61,"col":1},"end":{"line":463,"col":2}},"severity":0,"hSev":0},{"uiId":52,"label":"call #478: (internal) Vault.safeTransferFrom","value":null,"children":[{"uiId":53,"label":"path count","value":"1","children":[],"jumpToDefinition":null,"severity":0,"hSev":0},{"uiId":54,"label":"#nonlinear operations","value":"0","children":[],"jumpToDefinition":null,"severity":0,"hSev":0},{"uiId":55,"label":"longest loop","value":"0","children":[],"jumpToDefinition":null,"severity":0,"hSev":0},{"uiId":56,"label":"#loops","value":"0","children":[],"jumpToDefinition":null,"severity":0,"hSev":0},{"uiId":57,"label":"callees","value":null,"children":[{"uiId":58,"label":"call #479: (internal) Vault._callOptionalReturn","value":null,"children":[{"uiId":59,"label":"path count","value":"1","children":[],"jumpToDefinition":null,"severity":0,"hSev":0},{"uiId":60,"label":"#nonlinear operations","value":"0","children":[],"jumpToDefinition":null,"severity":0,"hSev":0},{"uiId":61,"label":"longest loop","value":"0","children":[],"jumpToDefinition":null,"severity":0,"hSev":0},{"uiId":62,"label":"#loops","value":"0","children":[],"jumpToDefinition":null,"severity":0,"hSev":0},{"uiId":63,"label":"callees","value":null,"children":[{"uiId":64,"label":"call #4: MockERC20.transferFrom","value":null,"children":[{"uiId":65,"label":"path count","value":"1","children":[],"jumpToDefinition":null,"severity":0,"hSev":0},{"uiId":66,"label":"#nonlinear operations","value":"0","children":[],"jumpToDefinition":null,"severity":0,"hSev":0},{"uiId":67,"label":"longest loop","value":"0","children":[],"jumpToDefinition":null,"severity":0,"hSev":0},{"uiId":68,"label":"#loops","value":"0","children":[],"jumpToDefinition":null,"severity":0,"hSev":0}],"jumpToDefinition":{"file":"test/mocks/Mocks.sol","start":{"line":44,"col":5},"end":{"line":51,"col":6}},"severity":0,"hSev":0}],"jumpToDefinition":null,"severity":0,"hSev":0}],"jumpToDefinition":{"file":"lib/oz_reflax/token/ERC20/utils/SafeERC20.sol","start":{"line":47,"col":5},"end":{"line":65,"col":6}},"severity":0,"hSev":0}],"jumpToDefinition":null,"severity":0,"hSev":0}],"jumpToDefinition":{"file":"src/vault/Vault.sol","start":{"line":61,"col":1},"end":{"line":463,"col":2}},"severity":0,"hSev":0}],"jumpToDefinition":null,"severity":0,"hSev":0}],"jumpToDefinition":{"file":"src/vault/Vault.sol","start":{"line":310,"col":5},"end":{"line":326,"col":6}},"severity":0,"hSev":0},{"uiId":69,"label":"call #6: MockERC20.balanceOf","value":null,"children":[{"uiId":70,"label":"path count","value":"1","children":[],"jumpToDefinition":null,"severity":0,"hSev":0},{"uiId":71,"label":"#nonlinear operations","value":"0","children":[],"jumpToDefinition":null,"severity":0,"hSev":0},{"uiId":72,"label":"longest loop","value":"0","children":[],"jumpToDefinition":null,"severity":0,"hSev":0},{"uiId":73,"label":"#loops","value":"0","children":[],"jumpToDefinition":null,"severity":0,"hSev":0}],"jumpToDefinition":{"file":"test/mocks/Mocks.sol","start":{"line":16,"col":5},"end":{"line":16,"col":49}},"severity":0,"hSev":0},{"uiId":74,"label":"call #7: Vault.surplusInputToken","value":null,"children":[{"uiId":75,"label":"path count","value":"1","children":[],"jumpToDefinition":null,"severity":0,"hSev":0},{"uiId":76,"label":"#nonlinear operations","value":"0","children":[],"jumpToDefinition":null,"severity":0,"hSev":0},{"uiId":77,"label":"longest loop","value":"0","children":[],"jumpToDefinition":null,"severity":0,"hSev":0},{"uiId":78,"label":"#loops","value":"0","children":[],"jumpToDefinition":null,"severity":0,"hSev":0}],"jumpToDefinition":{"file":"src/vault/Vault.sol","start":{"line":87,"col":5},"end":{"line":87,"col":37}},"severity":0,"hSev":0}],"jumpToDefinition":null,"severity":0,"hSev":0}]