{"treeViewPath":"rebaseMultiplierIsValid-emergencyWithdrawETH(address)","graph_link":"PresolverRule-rebaseMultiplierIsValid-emergencyWithdrawETHLPADRRP.html","jumpToDefinition":{"file":"src/vault/Vault.sol","start":{"line":416,"col":5},"end":{"line":423,"col":6}},"assertMessage":null,"valueRepresentations":[{"name":"PRETTY","example":"MAX_UINT8"},{"name":"DEC","example":"255"},{"name":"HEX","example":"0xff"}],"callResolution":[],"callResolutionWarnings":[{"caller":{"name":"Vault.emergencyWithdrawETH(address)","jumpToDefinition":null},"callSite":{"snippet":"recipient.transfer(balance)","jumpToDefinition":{"file":"src/vault/Vault.sol","start":{"line":420,"col":13},"end":{"line":420,"col":40}}},"summary":"AUTO havoc","comments":[{"callee resolution":"callee contract unresolved; callee sighash resolved"},{"havoc cause":"The Prover could not resolve the callee, thus, havoc'd the call"},{"havoc scope":"a havoc that havocs all contracts except Vault (ce4604a0000000000000000000000009)"},{"summary application reason":"chosen automatically by the Prover"}],"callee":{"name":"[?].fallback","jumpToDefinition":null},"isInCounterExample":false}]}