[{"uiId":0,"label":"verification phase: finished checking rule (attempted 1 splits, proved a total weighing 0 %)","value":null,"children":[],"jumpToDefinition":null,"severity":0,"hSev":0},{"uiId":1,"label":"path count","value":"8","children":[],"jumpToDefinition":null,"severity":1,"hSev":0},{"uiId":2,"label":"nonlinearity","value":"nonlinear ops: 5\nmax polyn. degree: 2","children":[],"jumpToDefinition":null,"severity":2,"hSev":0,"link":"https://docs.certora.com/en/latest/docs/user-guide/out-of-resources/timeout.html#high-nonlinear-op-count"},{"uiId":3,"label":"memory complexity","value":"memory updates: 123\nlongest update sequence: 9","children":[],"jumpToDefinition":null,"severity":2,"hSev":0,"link":"https://docs.certora.com/en/latest/docs/user-guide/out-of-resources/timeout.html#high-memory-complexity"},{"uiId":4,"label":"path count hotspots","value":null,"children":[],"jumpToDefinition":null,"severity":0,"hSev":0},{"uiId":5,"label":"nonlinearity hotspots","value":null,"children":[{"uiId":6,"label":"function: Vault.getEffectiveDeposit","value":"contrib. to nonlinear ops: 60 % \ncontrib. to max polyn. degree: 0 %","children":[],"jumpToDefinition":{"file":"src/vault/Vault.sol","start":{"line":212,"col":5},"end":{"line":214,"col":6}},"severity":0,"hSev":0},{"uiId":7,"label":"function: Vault.withdraw","value":"contrib. to nonlinear ops: 40 % \ncontrib. to max polyn. degree: 0 %","children":[],"jumpToDefinition":{"file":"src/vault/Vault.sol","start":{"line":246,"col":5},"end":{"line":303,"col":6}},"severity":0,"hSev":0}],"jumpToDefinition":null,"severity":0,"hSev":0},{"uiId":8,"label":"per call stats","value":null,"children":[{"uiId":9,"label":"call #1: Vault.canWithdraw","value":null,"children":[{"uiId":10,"label":"path count","value":"1","children":[],"jumpToDefinition":null,"severity":0,"hSev":0},{"uiId":11,"label":"#nonlinear operations","value":"0","children":[],"jumpToDefinition":null,"severity":0,"hSev":0},{"uiId":12,"label":"longest loop","value":"0","children":[],"jumpToDefinition":null,"severity":0,"hSev":0},{"uiId":13,"label":"#loops","value":"0","children":[],"jumpToDefinition":null,"severity":0,"hSev":0}],"jumpToDefinition":{"file":"src/vault/Vault.sol","start":{"line":379,"col":5},"end":{"line":381,"col":6}},"severity":0,"hSev":0},{"uiId":14,"label":"call #2: Vault.getEffectiveDeposit","value":null,"children":[{"uiId":15,"label":"path count","value":"1","children":[],"jumpToDefinition":null,"severity":0,"hSev":0},{"uiId":16,"label":"#nonlinear operations","value":"1","children":[],"jumpToDefinition":null,"severity":0,"hSev":0},{"uiId":17,"label":"longest loop","value":"0","children":[],"jumpToDefinition":null,"severity":0,"hSev":0},{"uiId":18,"label":"#loops","value":"0","children":[],"jumpToDefinition":null,"severity":0,"hSev":0}],"jumpToDefinition":{"file":"src/vault/Vault.sol","start":{"line":212,"col":5},"end":{"line":214,"col":6}},"severity":0,"hSev":0},{"uiId":19,"label":"call #3: Vault.rebaseMultiplier","value":null,"children":[{"uiId":20,"label":"path count","value":"1","children":[],"jumpToDefinition":null,"severity":0,"hSev":0},{"uiId":21,"label":"#nonlinear operations","value":"0","children":[],"jumpToDefinition":null,"severity":0,"hSev":0},{"uiId":22,"label":"longest loop","value":"0","children":[],"jumpToDefinition":null,"severity":0,"hSev":0},{"uiId":23,"label":"#loops","value":"0","children":[],"jumpToDefinition":null,"severity":0,"hSev":0}],"jumpToDefinition":{"file":"src/vault/Vault.sol","start":{"line":97,"col":5},"end":{"line":97,"col":36}},"severity":0,"hSev":0},{"uiId":24,"label":"call #4: Vault.originalDeposits","value":null,"children":[{"uiId":25,"label":"path count","value":"1","children":[],"jumpToDefinition":null,"severity":0,"hSev":0},{"uiId":26,"label":"#nonlinear operations","value":"0","children":[],"jumpToDefinition":null,"severity":0,"hSev":0},{"uiId":27,"label":"longest loop","value":"0","children":[],"jumpToDefinition":null,"severity":0,"hSev":0},{"uiId":28,"label":"#loops","value":"0","children":[],"jumpToDefinition":null,"severity":0,"hSev":0}],"jumpToDefinition":{"file":"src/vault/Vault.sol","start":{"line":90,"col":5},"end":{"line":90,"col":56}},"severity":0,"hSev":0},{"uiId":29,"label":"call #5: Vault.getEffectiveDeposit","value":null,"children":[{"uiId":30,"label":"path count","value":"1","children":[],"jumpToDefinition":null,"severity":0,"hSev":0},{"uiId":31,"label":"#nonlinear operations","value":"1","children":[],"jumpToDefinition":null,"severity":0,"hSev":0},{"uiId":32,"label":"longest loop","value":"0","children":[],"jumpToDefinition":null,"severity":0,"hSev":0},{"uiId":33,"label":"#loops","value":"0","children":[],"jumpToDefinition":null,"severity":0,"hSev":0}],"jumpToDefinition":{"file":"src/vault/Vault.sol","start":{"line":212,"col":5},"end":{"line":214,"col":6}},"severity":0,"hSev":0},{"uiId":34,"label":"call #6: MockERC20.balanceOf","value":null,"children":[{"uiId":35,"label":"path count","value":"1","children":[],"jumpToDefinition":null,"severity":0,"hSev":0},{"uiId":36,"label":"#nonlinear operations","value":"0","children":[],"jumpToDefinition":null,"severity":0,"hSev":0},{"uiId":37,"label":"longest loop","value":"0","children":[],"jumpToDefinition":null,"severity":0,"hSev":0},{"uiId":38,"label":"#loops","value":"0","children":[],"jumpToDefinition":null,"severity":0,"hSev":0}],"jumpToDefinition":{"file":"test/mocks/Mocks.sol","start":{"line":16,"col":5},"end":{"line":16,"col":49}},"severity":0,"hSev":0},{"uiId":39,"label":"call #7: Vault.withdraw","value":null,"children":[{"uiId":40,"label":"path count","value":"8","children":[],"jumpToDefinition":null,"severity":0,"hSev":0},{"uiId":41,"label":"#nonlinear operations","value":"2","children":[],"jumpToDefinition":null,"severity":0,"hSev":0},{"uiId":42,"label":"longest loop","value":"0","children":[],"jumpToDefinition":null,"severity":0,"hSev":0},{"uiId":43,"label":"#loops","value":"0","children":[],"jumpToDefinition":null,"severity":0,"hSev":0},{"uiId":44,"label":"callees","value":null,"children":[{"uiId":45,"label":"call #8: MockERC20.balanceOf","value":null,"children":[{"uiId":46,"label":"path count","value":"1","children":[],"jumpToDefinition":null,"severity":0,"hSev":0},{"uiId":47,"label":"#nonlinear operations","value":"0","children":[],"jumpToDefinition":null,"severity":0,"hSev":0},{"uiId":48,"label":"longest loop","value":"0","children":[],"jumpToDefinition":null,"severity":0,"hSev":0},{"uiId":49,"label":"#loops","value":"0","children":[],"jumpToDefinition":null,"severity":0,"hSev":0}],"jumpToDefinition":{"file":"test/mocks/Mocks.sol","start":{"line":16,"col":5},"end":{"line":16,"col":49}},"severity":0,"hSev":0},{"uiId":50,"label":"call #9: MockERC20.balanceOf","value":null,"children":[{"uiId":51,"label":"path count","value":"1","children":[],"jumpToDefinition":null,"severity":0,"hSev":0},{"uiId":52,"label":"#nonlinear operations","value":"0","children":[],"jumpToDefinition":null,"severity":0,"hSev":0},{"uiId":53,"label":"longest loop","value":"0","children":[],"jumpToDefinition":null,"severity":0,"hSev":0},{"uiId":54,"label":"#loops","value":"0","children":[],"jumpToDefinition":null,"severity":0,"hSev":0}],"jumpToDefinition":{"file":"test/mocks/Mocks.sol","start":{"line":16,"col":5},"end":{"line":16,"col":49}},"severity":0,"hSev":0},{"uiId":55,"label":"call #17: MockERC20.transfer","value":null,"children":[{"uiId":56,"label":"path count","value":"1","children":[],"jumpToDefinition":null,"severity":0,"hSev":0},{"uiId":57,"label":"#nonlinear operations","value":"0","children":[],"jumpToDefinition":null,"severity":0,"hSev":0},{"uiId":58,"label":"longest loop","value":"0","children":[],"jumpToDefinition":null,"severity":0,"hSev":0},{"uiId":59,"label":"#loops","value":"0","children":[],"jumpToDefinition":null,"severity":0,"hSev":0}],"jumpToDefinition":{"file":"test/mocks/Mocks.sol","start":{"line":37,"col":5},"end":{"line":42,"col":6}},"severity":0,"hSev":0},{"uiId":60,"label":"call #16: MockERC20.transfer","value":null,"children":[{"uiId":61,"label":"path count","value":"1","children":[],"jumpToDefinition":null,"severity":0,"hSev":0},{"uiId":62,"label":"#nonlinear operations","value":"0","children":[],"jumpToDefinition":null,"severity":0,"hSev":0},{"uiId":63,"label":"longest loop","value":"0","children":[],"jumpToDefinition":null,"severity":0,"hSev":0},{"uiId":64,"label":"#loops","value":"0","children":[],"jumpToDefinition":null,"severity":0,"hSev":0}],"jumpToDefinition":{"file":"test/mocks/Mocks.sol","start":{"line":37,"col":5},"end":{"line":42,"col":6}},"severity":0,"hSev":0},{"uiId":65,"label":"call #15: MockERC20.transfer","value":null,"children":[{"uiId":66,"label":"path count","value":"1","children":[],"jumpToDefinition":null,"severity":0,"hSev":0},{"uiId":67,"label":"#nonlinear operations","value":"0","children":[],"jumpToDefinition":null,"severity":0,"hSev":0},{"uiId":68,"label":"longest loop","value":"0","children":[],"jumpToDefinition":null,"severity":0,"hSev":0},{"uiId":69,"label":"#loops","value":"0","children":[],"jumpToDefinition":null,"severity":0,"hSev":0}],"jumpToDefinition":{"file":"test/mocks/Mocks.sol","start":{"line":37,"col":5},"end":{"line":42,"col":6}},"severity":0,"hSev":0},{"uiId":70,"label":"call #11: MockERC20.transfer","value":null,"children":[{"uiId":71,"label":"path count","value":"1","children":[],"jumpToDefinition":null,"severity":0,"hSev":0},{"uiId":72,"label":"#nonlinear operations","value":"0","children":[],"jumpToDefinition":null,"severity":0,"hSev":0},{"uiId":73,"label":"longest loop","value":"0","children":[],"jumpToDefinition":null,"severity":0,"hSev":0},{"uiId":74,"label":"#loops","value":"0","children":[],"jumpToDefinition":null,"severity":0,"hSev":0}],"jumpToDefinition":{"file":"test/mocks/Mocks.sol","start":{"line":37,"col":5},"end":{"line":42,"col":6}},"severity":0,"hSev":0},{"uiId":75,"label":"call #10: MockERC20.transfer","value":null,"children":[{"uiId":76,"label":"path count","value":"1","children":[],"jumpToDefinition":null,"severity":0,"hSev":0},{"uiId":77,"label":"#nonlinear operations","value":"0","children":[],"jumpToDefinition":null,"severity":0,"hSev":0},{"uiId":78,"label":"longest loop","value":"0","children":[],"jumpToDefinition":null,"severity":0,"hSev":0},{"uiId":79,"label":"#loops","value":"0","children":[],"jumpToDefinition":null,"severity":0,"hSev":0}],"jumpToDefinition":{"file":"test/mocks/Mocks.sol","start":{"line":37,"col":5},"end":{"line":42,"col":6}},"severity":0,"hSev":0}],"jumpToDefinition":null,"severity":0,"hSev":0}],"jumpToDefinition":{"file":"src/vault/Vault.sol","start":{"line":246,"col":5},"end":{"line":303,"col":6}},"severity":0,"hSev":0},{"uiId":80,"label":"call #12: Vault.originalDeposits","value":null,"children":[{"uiId":81,"label":"path count","value":"1","children":[],"jumpToDefinition":null,"severity":0,"hSev":0},{"uiId":82,"label":"#nonlinear operations","value":"0","children":[],"jumpToDefinition":null,"severity":0,"hSev":0},{"uiId":83,"label":"longest loop","value":"0","children":[],"jumpToDefinition":null,"severity":0,"hSev":0},{"uiId":84,"label":"#loops","value":"0","children":[],"jumpToDefinition":null,"severity":0,"hSev":0}],"jumpToDefinition":{"file":"src/vault/Vault.sol","start":{"line":90,"col":5},"end":{"line":90,"col":56}},"severity":0,"hSev":0},{"uiId":85,"label":"call #13: Vault.getEffectiveDeposit","value":null,"children":[{"uiId":86,"label":"path count","value":"1","children":[],"jumpToDefinition":null,"severity":0,"hSev":0},{"uiId":87,"label":"#nonlinear operations","value":"1","children":[],"jumpToDefinition":null,"severity":0,"hSev":0},{"uiId":88,"label":"longest loop","value":"0","children":[],"jumpToDefinition":null,"severity":0,"hSev":0},{"uiId":89,"label":"#loops","value":"0","children":[],"jumpToDefinition":null,"severity":0,"hSev":0}],"jumpToDefinition":{"file":"src/vault/Vault.sol","start":{"line":212,"col":5},"end":{"line":214,"col":6}},"severity":0,"hSev":0},{"uiId":90,"label":"call #14: MockERC20.balanceOf","value":null,"children":[{"uiId":91,"label":"path count","value":"1","children":[],"jumpToDefinition":null,"severity":0,"hSev":0},{"uiId":92,"label":"#nonlinear operations","value":"0","children":[],"jumpToDefinition":null,"severity":0,"hSev":0},{"uiId":93,"label":"longest loop","value":"0","children":[],"jumpToDefinition":null,"severity":0,"hSev":0},{"uiId":94,"label":"#loops","value":"0","children":[],"jumpToDefinition":null,"severity":0,"hSev":0}],"jumpToDefinition":{"file":"test/mocks/Mocks.sol","start":{"line":16,"col":5},"end":{"line":16,"col":49}},"severity":0,"hSev":0}],"jumpToDefinition":null,"severity":0,"hSev":0}]