{"treeViewPath":"noUnauthorizedTokenOutflows-CVX_CRV_YieldSource-CVX_CRV_YieldSource.totalDeposited()","graph_link":"PresolverRule-noUnauthorizedTokenOutflows-CVX_CRV_YieldSource-CVX_CRV_YieldSource.totalDepositedLPRP.html","jumpToDefinition":{"file":"src/yieldSource/AYieldSource.sol","start":{"line":41,"col":5},"end":{"line":41,"col":34}},"assertMessage":null,"valueRepresentations":[{"name":"PRETTY","example":"MAX_UINT8"},{"name":"DEC","example":"255"},{"name":"HEX","example":"0xff"}],"callResolution":[],"callResolutionWarnings":[]}