{"treeViewPath":"noUnauthorizedTokenOutflows-CVX_CRV_YieldSource-CVX_CRV_YieldSource.curvePool()","graph_link":"PresolverRule-noUnauthorizedTokenOutflows-CVX_CRV_YieldSource-CVX_CRV_YieldSource.curvePoolLPRP.html","jumpToDefinition":{"file":"src/yieldSource/CVX_CRV_YieldSource.sol","start":{"line":89,"col":5},"end":{"line":89,"col":39}},"assertMessage":null,"valueRepresentations":[{"name":"PRETTY","example":"MAX_UINT8"},{"name":"DEC","example":"255"},{"name":"HEX","example":"0xff"}],"callResolution":[],"callResolutionWarnings":[]}