{"treeViewPath":"noUnauthorizedTokenOutflows-CVX_CRV_YieldSource-CVX_CRV_YieldSource.lpTokenName()-Unwinding condition in a loop. We recommend to run with `--optimistic_loop`, or increase `--loop_iter` to a value higher than 1. Please consult our documentation to be aware of the consequences on soundness when setting this flag.","graph_link":"Report-noUnauthorizedTokenOutflows-CVX_CRV_YieldSource-CVX_CRV_YieldSource.lpTokenNameLPRP-example1.html","jumpToDefinition":{"file":"src/yieldSource/AYieldSource.sol","start":{"line":32,"col":5},"end":{"line":32,"col":30}},"assertMessage":"Unwinding condition in a loop. We recommend to run with `--optimistic_loop`, or increase `--loop_iter` to a value higher than 1. Please consult our documentation to be aware of the consequences on soundness when setting this flag.","valueRepresentations":[{"name":"PRETTY","example":"MAX_UINT8"},{"name":"DEC","example":"255"},{"name":"HEX","example":"0xff"}],"callResolution":[],"callResolutionWarnings":[],"callTrace":{"message":{"text":"CVX_CRV_YieldSource()","arguments":[]},"status":"","childrenList":[{"message":{"text":"Global State","arguments":[]},"status":"","childrenList":[{"message":{"text":"Storage State","arguments":[]},"status":"","childrenList":[{"message":{"text":"Vault","arguments":[]},"status":"","childrenList":[{"message":{"text":"surplusInputToken: '{0}'","arguments":[{"value":"0x3","values":["0x3","3","0x3"],"tooltip":"storage value","truncatable":true}]},"status":"HAVOC","childrenList":[],"jumpToDefinition":{"file":"src/vault/Vault.sol","start":{"line":61,"col":1},"end":{"line":463,"col":2}},"changedSincePreviousPrint":false,"changedSinceStart":false}],"jumpToDefinition":null,"storageId":null},{"message":{"text":"MockERC20","arguments":[]},"status":"","childrenList":[{"message":{"text":"balanceOf['{0}']: '{1}'","arguments":[{"value":"Vault","values":["Vault","Vault","0x2713"],"tooltip":"key","truncatable":false},{"value":"0x0","values":["0x0","0","0x0"],"tooltip":"storage value","truncatable":true}]},"status":"HAVOC","childrenList":[],"jumpToDefinition":{"file":"test/mocks/Mocks.sol","start":{"line":9,"col":1},"end":{"line":52,"col":2}},"changedSincePreviousPrint":false,"changedSinceStart":false}],"jumpToDefinition":null,"storageId":null}],"jumpToDefinition":null,"storageId":1},{"message":{"text":"Balances","arguments":[]},"status":"","childrenList":[{"message":{"text":"0x401.balance: '{0}'","arguments":[{"value":"0x0","values":["0x0","0","0x0"],"tooltip":"balance","truncatable":true}]},"status":"","childrenList":[],"jumpToDefinition":null},{"message":{"text":"CVX_CRV_YieldSource.balance: '{0}'","arguments":[{"value":"0x0","values":["0x0","0","0x0"],"tooltip":"balance","truncatable":true}]},"status":"","childrenList":[],"jumpToDefinition":null},{"message":{"text":"MockERC20.balance: '{0}'","arguments":[{"value":"0x0","values":["0x0","0","0x0"],"tooltip":"balance","truncatable":true}]},"status":"","childrenList":[],"jumpToDefinition":null}],"jumpToDefinition":null,"storageId":1}],"jumpToDefinition":null,"storageId":null},{"message":{"text":"rule parameters setup","arguments":[]},"status":"","childrenList":[],"jumpToDefinition":null},{"message":{"text":"Setup","arguments":[]},"status":"","childrenList":[{"message":{"text":"multi contract setup","arguments":[]},"status":"","childrenList":[],"jumpToDefinition":null},{"message":{"text":"contract address vars initialized","arguments":[]},"status":"","childrenList":[],"jumpToDefinition":null},{"message":{"text":"setup read tracking instrumentation","arguments":[]},"status":"","childrenList":[],"jumpToDefinition":null},{"message":{"text":"last storage initialize","arguments":[]},"status":"","childrenList":[],"jumpToDefinition":null},{"message":{"text":"assuming contracts in scene with non-empty bytecode have EXTCODESIZE larger than zero","arguments":[]},"status":"","childrenList":[],"jumpToDefinition":null},{"message":{"text":"assuming address(0).code has no code deployed","arguments":[]},"status":"","childrenList":[],"jumpToDefinition":null},{"message":{"text":"assumptions about contracts' addresses","arguments":[]},"status":"","childrenList":[],"jumpToDefinition":null},{"message":{"text":"assumptions about static addresses","arguments":[]},"status":"","childrenList":[],"jumpToDefinition":null},{"message":{"text":"establish addresses of precompiled contracts","arguments":[]},"status":"","childrenList":[],"jumpToDefinition":null},{"message":{"text":"assumptions about uniqueness of contracts' addresses","arguments":[]},"status":"","childrenList":[],"jumpToDefinition":null},{"message":{"text":"static links","arguments":[]},"status":"","childrenList":[],"jumpToDefinition":null},{"message":{"text":"record starting nonces","arguments":[]},"status":"","childrenList":[],"jumpToDefinition":null},{"message":{"text":"cloned contracts have no balances","arguments":[]},"status":"","childrenList":[],"jumpToDefinition":null},{"message":{"text":"Linked immutable setup","arguments":[]},"status":"","childrenList":[],"jumpToDefinition":null},{"message":{"text":"Constrain immutables","arguments":[]},"status":"","childrenList":[],"jumpToDefinition":null},{"message":{"text":"establish equivalence of extension and base contract immutables","arguments":[]},"status":"","childrenList":[],"jumpToDefinition":null}],"jumpToDefinition":null},{"message":{"text":"require f.selector != (sig:Vault.emergencyWithdraw(address, address)).selector","arguments":[]},"status":"","childrenList":[],"jumpToDefinition":{"file":"certora/specs/Vault.spec","start":{"line":238,"col":5},"end":{"line":238,"col":75}}},{"message":{"text":"require f.selector != (sig:Vault.emergencyWithdrawETH(address)).selector","arguments":[]},"status":"","childrenList":[],"jumpToDefinition":{"file":"certora/specs/Vault.spec","start":{"line":239,"col":5},"end":{"line":239,"col":70}}},{"message":{"text":"require f.selector != (sig:Vault.emergencyWithdrawFromYieldSource(address, address)).selector","arguments":[]},"status":"","childrenList":[],"jumpToDefinition":{"file":"certora/specs/Vault.spec","start":{"line":240,"col":5},"end":{"line":240,"col":90}}},{"message":{"text":"vaultBalanceBefore = MockERC20.balanceOf(e, currentContract)","arguments":[]},"status":"","childrenList":[{"message":{"text":"MockERC20.balanceOf('{0}') ↪ '{1}'","arguments":[{"value":"Vault","values":["Vault","Vault","0x2713"],"tooltip":"value","truncatable":false},{"value":"0x0","values":["0x0","0","0x0"],"tooltip":"value","truncatable":true}]},"status":"","childrenList":[{"message":{"text":"sender: '{0}'; receiver: '{1}'; transferred amount: '{2}'","arguments":[{"value":"0x401","values":["0x401","0x401","0x401"],"tooltip":"address of sender","truncatable":true},{"value":"MockERC20","values":["MockERC20","MockERC20","0xf"],"tooltip":"address of receiver","truncatable":false},{"value":"0x0","values":["0x0","0","0x0"],"tooltip":"transferred amount","truncatable":true}]},"status":"TRANSFER","childrenList":[{"message":{"text":"Load from: sender.balance ↪ '{0}'","arguments":[{"value":"0x0","values":["0x0","0","0x0"],"tooltip":"balance","truncatable":true}]},"status":"","childrenList":[],"jumpToDefinition":null},{"message":{"text":"Store at: sender.balance ↪ '{0}'","arguments":[{"value":"0x0","values":["0x0","0","0x0"],"tooltip":"balance","truncatable":true}]},"status":"","childrenList":[],"jumpToDefinition":null},{"message":{"text":"Load from: receiver.balance ↪ '{0}'","arguments":[{"value":"0x0","values":["0x0","0","0x0"],"tooltip":"balance","truncatable":true}]},"status":"","childrenList":[],"jumpToDefinition":null},{"message":{"text":"Store at: receiver.balance ↪ '{0}'","arguments":[{"value":"0x0","values":["0x0","0","0x0"],"tooltip":"balance","truncatable":true}]},"status":"","childrenList":[],"jumpToDefinition":null}],"jumpToDefinition":null},{"message":{"text":"Load from MockERC20.[raw storage address] '{0}' ↪ '{1}'","arguments":[{"value":"MockERC20","values":["MockERC20","MockERC20","0xf"],"tooltip":"address","truncatable":false},{"value":"0x1","values":["0x1","1","0x1"],"tooltip":"storage value","truncatable":true}]},"status":"","childrenList":[],"jumpToDefinition":null},{"message":{"text":"Evaluate branch condition","arguments":[]},"status":"","childrenList":[],"jumpToDefinition":{"file":"test/mocks/Mocks.sol","start":{"line":9,"col":1},"end":{"line":52,"col":2}}},{"message":{"text":"Evaluate branch condition","arguments":[]},"status":"","childrenList":[],"jumpToDefinition":{"file":"test/mocks/Mocks.sol","start":{"line":9,"col":1},"end":{"line":52,"col":2}}},{"message":{"text":"Evaluate branch condition","arguments":[]},"status":"","childrenList":[],"jumpToDefinition":{"file":"test/mocks/Mocks.sol","start":{"line":9,"col":1},"end":{"line":52,"col":2}}},{"message":{"text":"Load from MockERC20.balanceOf['{0}'] ↪ '{1}'","arguments":[{"value":"Vault","values":["Vault","Vault","0x2713"],"tooltip":"key","truncatable":false},{"value":"0x0","values":["0x0","0","0x0"],"tooltip":"storage value","truncatable":true}]},"status":"","childrenList":[],"jumpToDefinition":{"file":"test/mocks/Mocks.sol","start":{"line":9,"col":1},"end":{"line":52,"col":2}}},{"message":{"text":"Return","arguments":[]},"status":"","childrenList":[],"jumpToDefinition":{"file":"test/mocks/Mocks.sol","start":{"line":9,"col":1},"end":{"line":52,"col":2}}}],"jumpToDefinition":{"file":"test/mocks/Mocks.sol","start":{"line":16,"col":5},"end":{"line":16,"col":49}}}],"jumpToDefinition":{"file":"certora/specs/Vault.spec","start":{"line":242,"col":5},"end":{"line":242,"col":75}}},{"message":{"text":"surplusBefore = Vault.surplusInputToken()","arguments":[]},"status":"","childrenList":[{"message":{"text":"Vault.surplusInputToken() ↪ '{0}'","arguments":[{"value":"0x3","values":["0x3","3","0x3"],"tooltip":"value","truncatable":true}]},"status":"","childrenList":[{"message":{"text":"Load from Vault.[raw storage address] '{0}' ↪ '{1}'","arguments":[{"value":"Vault","values":["Vault","Vault","0x2713"],"tooltip":"address","truncatable":false},{"value":"0x1","values":["0x1","1","0x1"],"tooltip":"storage value","truncatable":true}]},"status":"","childrenList":[],"jumpToDefinition":null},{"message":{"text":"Evaluate branch condition","arguments":[]},"status":"","childrenList":[],"jumpToDefinition":{"file":"src/vault/Vault.sol","start":{"line":61,"col":1},"end":{"line":463,"col":2}}},{"message":{"text":"Evaluate branch condition","arguments":[]},"status":"","childrenList":[],"jumpToDefinition":{"file":"src/vault/Vault.sol","start":{"line":61,"col":1},"end":{"line":463,"col":2}}},{"message":{"text":"Load from Vault.surplusInputToken ↪ '{0}'","arguments":[{"value":"0x3","values":["0x3","3","0x3"],"tooltip":"storage value","truncatable":true}]},"status":"","childrenList":[],"jumpToDefinition":{"file":"src/vault/Vault.sol","start":{"line":61,"col":1},"end":{"line":463,"col":2}}},{"message":{"text":"Return","arguments":[]},"status":"","childrenList":[],"jumpToDefinition":{"file":"src/vault/Vault.sol","start":{"line":61,"col":1},"end":{"line":463,"col":2}}}],"jumpToDefinition":{"file":"src/vault/Vault.sol","start":{"line":87,"col":5},"end":{"line":87,"col":37}}}],"jumpToDefinition":{"file":"certora/specs/Vault.spec","start":{"line":243,"col":5},"end":{"line":243,"col":49}}},{"message":{"text":"calldataarg args","arguments":[]},"status":"","childrenList":[],"jumpToDefinition":{"file":"certora/specs/Vault.spec","start":{"line":245,"col":5},"end":{"line":245,"col":22}}},{"message":{"text":"f@withrevert(e, args)","arguments":[]},"status":"","childrenList":[{"message":{"text":"CVX_CRV_YieldSource.lpTokenName() ↪ '{0}'","arguments":[{"value":"...","values":["..."],"tooltip":"cannot display this value","truncatable":false}]},"status":"","childrenList":[{"message":{"text":"sender: '{0}'; receiver: '{1}'; transferred amount: '{2}'","arguments":[{"value":"0x401","values":["0x401","0x401","0x401"],"tooltip":"address of sender","truncatable":true},{"value":"CVX_CRV_YieldSource","values":["CVX_CRV_YieldSource","CVX_CRV_YieldSource","0x2710"],"tooltip":"address of receiver","truncatable":false},{"value":"0x0","values":["0x0","0","0x0"],"tooltip":"transferred amount","truncatable":true}]},"status":"TRANSFER","childrenList":[{"message":{"text":"Load from: sender.balance ↪ '{0}'","arguments":[{"value":"0x0","values":["0x0","0","0x0"],"tooltip":"balance","truncatable":true}]},"status":"","childrenList":[],"jumpToDefinition":null},{"message":{"text":"Store at: sender.balance ↪ '{0}'","arguments":[{"value":"0x0","values":["0x0","0","0x0"],"tooltip":"balance","truncatable":true}]},"status":"","childrenList":[],"jumpToDefinition":null},{"message":{"text":"Load from: receiver.balance ↪ '{0}'","arguments":[{"value":"0x0","values":["0x0","0","0x0"],"tooltip":"balance","truncatable":true}]},"status":"","childrenList":[],"jumpToDefinition":null},{"message":{"text":"Store at: receiver.balance ↪ '{0}'","arguments":[{"value":"0x0","values":["0x0","0","0x0"],"tooltip":"balance","truncatable":true}]},"status":"","childrenList":[],"jumpToDefinition":null}],"jumpToDefinition":null},{"message":{"text":"Load from CVX_CRV_YieldSource.[raw storage address] '{0}' ↪ '{1}'","arguments":[{"value":"CVX_CRV_YieldSource","values":["CVX_CRV_YieldSource","CVX_CRV_YieldSource","0x2710"],"tooltip":"address","truncatable":false},{"value":"0x1","values":["0x1","1","0x1"],"tooltip":"storage value","truncatable":true}]},"status":"","childrenList":[],"jumpToDefinition":null},{"message":{"text":"Evaluate branch condition","arguments":[]},"status":"","childrenList":[],"jumpToDefinition":{"file":"src/yieldSource/CVX_CRV_YieldSource.sol","start":{"line":72,"col":1},"end":{"line":536,"col":2}}},{"message":{"text":"Evaluate branch condition","arguments":[]},"status":"","childrenList":[],"jumpToDefinition":{"file":"src/yieldSource/CVX_CRV_YieldSource.sol","start":{"line":72,"col":1},"end":{"line":536,"col":2}}},{"message":{"text":"Load from CVX_CRV_YieldSource.[raw storage path] Root_slot1 ↪ '{0}'","arguments":[{"value":"0x101","values":["0x101","257","0x101"],"tooltip":"storage value","truncatable":true}]},"status":"","childrenList":[],"jumpToDefinition":{"file":"src/yieldSource/CVX_CRV_YieldSource.sol","start":{"line":72,"col":1},"end":{"line":536,"col":2}}},{"message":{"text":"Evaluate branch condition","arguments":[]},"status":"","childrenList":[],"jumpToDefinition":{"file":"src/yieldSource/CVX_CRV_YieldSource.sol","start":{"line":72,"col":1},"end":{"line":536,"col":2}}},{"message":{"text":"Evaluate branch condition","arguments":[]},"status":"","childrenList":[],"jumpToDefinition":{"file":"src/yieldSource/CVX_CRV_YieldSource.sol","start":{"line":72,"col":1},"end":{"line":536,"col":2}}},{"message":{"text":"Evaluate branch condition","arguments":[]},"status":"","childrenList":[],"jumpToDefinition":{"file":"src/yieldSource/AYieldSource.sol","start":{"line":32,"col":5},"end":{"line":32,"col":30}}},{"message":{"text":"Loop at CVX_CRV_YieldSource.sol: line: 72: contract CVX_CRV_YieldSource is AYieldSource {","arguments":[]},"status":"","childrenList":[{"message":{"text":"Loop Iteration 1","arguments":[]},"status":"","childrenList":[{"message":{"text":"Load from CVX_CRV_YieldSource.[raw storage address] '{0}' ↪ '{1}'","arguments":[{"value":"0x7ba8","values":["0x7ba8","0x7ba8","0x7ba8"],"tooltip":"address","truncatable":true},{"value":"0x0","values":["0x0","0","0x0"],"tooltip":"storage value","truncatable":true}]},"status":"","childrenList":[],"jumpToDefinition":{"file":"src/yieldSource/CVX_CRV_YieldSource.sol","start":{"line":72,"col":1},"end":{"line":536,"col":2}}}],"jumpToDefinition":null},{"message":{"text":"Assert 'loop has terminated' failed","arguments":[]},"status":"","childrenList":[],"jumpToDefinition":null}],"jumpToDefinition":null}],"jumpToDefinition":{"file":"src/yieldSource/AYieldSource.sol","start":{"line":32,"col":5},"end":{"line":32,"col":30}}}],"jumpToDefinition":{"file":"certora/specs/Vault.spec","start":{"line":246,"col":5},"end":{"line":246,"col":27}}}],"jumpToDefinition":null},"variables":[{"variableName":"vaultBalanceAfter","value":"*","values":["*"],"tooltip":"unused value","truncatable":false,"jumpToDefinition":{"file":"certora/specs/Vault.spec","start":{"line":249,"col":9},"end":{"line":249,"col":34}},"childrenList":[],"uiId":1},{"variableName":"surplusAfter","value":"*","values":["*"],"tooltip":"unused value","truncatable":false,"jumpToDefinition":{"file":"certora/specs/Vault.spec","start":{"line":250,"col":9},"end":{"line":250,"col":29}},"childrenList":[],"uiId":2},{"variableName":"args.length","value":"0x5","values":["0x5","5","0x5"],"tooltip":"copy value","truncatable":true,"jumpToDefinition":{"file":"certora/specs/Vault.spec","start":{"line":245,"col":5},"end":{"line":245,"col":22}},"childrenList":[],"uiId":3},{"variableName":"args","value":"\u0000\u0000\u0000\u0000\u0000","values":["\u0000\u0000\u0000\u0000\u0000"],"tooltip":"copy value","truncatable":false,"jumpToDefinition":{"file":"certora/specs/Vault.spec","start":{"line":245,"col":5},"end":{"line":245,"col":22}},"childrenList":[],"uiId":4},{"variableName":"e","childrenList":[{"variableName":"msg","childrenList":[{"variableName":"sender","value":"0x401","values":["0x401","0x401","0x401"],"tooltip":"copy value","truncatable":true,"jumpToDefinition":{"file":"certora/specs/Vault.spec","start":{"line":236,"col":34},"end":{"line":236,"col":39}},"childrenList":[],"uiId":25},{"variableName":"value","value":"0x0","values":["0x0","0","0x0"],"tooltip":"copy value","truncatable":true,"jumpToDefinition":{"file":"certora/specs/Vault.spec","start":{"line":236,"col":34},"end":{"line":236,"col":39}},"childrenList":[],"uiId":26}],"uiId":15},{"variableName":"tx","childrenList":[{"variableName":"origin","value":"0x403","values":["0x403","0x403","0x403"],"tooltip":"copy value","truncatable":true,"jumpToDefinition":{"file":"certora/specs/Vault.spec","start":{"line":236,"col":34},"end":{"line":236,"col":39}},"childrenList":[],"uiId":27}],"uiId":16},{"variableName":"block","childrenList":[{"variableName":"basefee","value":"0xb","values":["0xb","11","0xb"],"tooltip":"copy value","truncatable":true,"jumpToDefinition":{"file":"certora/specs/Vault.spec","start":{"line":236,"col":34},"end":{"line":236,"col":39}},"childrenList":[],"uiId":28},{"variableName":"blobbasefee","value":"0xa","values":["0xa","10","0xa"],"tooltip":"copy value","truncatable":true,"jumpToDefinition":{"file":"certora/specs/Vault.spec","start":{"line":236,"col":34},"end":{"line":236,"col":39}},"childrenList":[],"uiId":29},{"variableName":"coinbase","value":"0x402","values":["0x402","0x402","0x402"],"tooltip":"copy value","truncatable":true,"jumpToDefinition":{"file":"certora/specs/Vault.spec","start":{"line":236,"col":34},"end":{"line":236,"col":39}},"childrenList":[],"uiId":30},{"variableName":"difficulty","value":"0x9","values":["0x9","9","0x9"],"tooltip":"copy value","truncatable":true,"jumpToDefinition":{"file":"certora/specs/Vault.spec","start":{"line":236,"col":34},"end":{"line":236,"col":39}},"childrenList":[],"uiId":31},{"variableName":"gaslimit","value":"0x8","values":["0x8","8","0x8"],"tooltip":"copy value","truncatable":true,"jumpToDefinition":{"file":"certora/specs/Vault.spec","start":{"line":236,"col":34},"end":{"line":236,"col":39}},"childrenList":[],"uiId":32},{"variableName":"number","value":"0x7","values":["0x7","7","0x7"],"tooltip":"copy value","truncatable":true,"jumpToDefinition":{"file":"certora/specs/Vault.spec","start":{"line":236,"col":34},"end":{"line":236,"col":39}},"childrenList":[],"uiId":33},{"variableName":"timestamp","value":"0x6","values":["0x6","6","0x6"],"tooltip":"copy value","truncatable":true,"jumpToDefinition":{"file":"certora/specs/Vault.spec","start":{"line":236,"col":34},"end":{"line":236,"col":39}},"childrenList":[],"uiId":34}],"uiId":17}],"uiId":5},{"variableName":"f","childrenList":[{"variableName":"selector","value":"0x94fb58d4","values":["0x94fb58d4","2499500244","0x94fb58d4"],"tooltip":"copy value","truncatable":true,"jumpToDefinition":{"file":"certora/specs/Vault.spec","start":{"line":236,"col":41},"end":{"line":236,"col":49}},"childrenList":[],"uiId":18},{"variableName":"isPure","value":"false","values":["false"],"tooltip":"copy value","truncatable":false,"jumpToDefinition":{"file":"certora/specs/Vault.spec","start":{"line":236,"col":41},"end":{"line":236,"col":49}},"childrenList":[],"uiId":19},{"variableName":"isView","value":"true","values":["true"],"tooltip":"copy value","truncatable":false,"jumpToDefinition":{"file":"certora/specs/Vault.spec","start":{"line":236,"col":41},"end":{"line":236,"col":49}},"childrenList":[],"uiId":20},{"variableName":"isPayable","value":"false","values":["false"],"tooltip":"copy value","truncatable":false,"jumpToDefinition":{"file":"certora/specs/Vault.spec","start":{"line":236,"col":41},"end":{"line":236,"col":49}},"childrenList":[],"uiId":21},{"variableName":"numberOfArguments","value":"0x0","values":["0x0","0","0x0"],"tooltip":"copy value","truncatable":true,"jumpToDefinition":{"file":"certora/specs/Vault.spec","start":{"line":236,"col":41},"end":{"line":236,"col":49}},"childrenList":[],"uiId":22},{"variableName":"isFallback","value":"false","values":["false"],"tooltip":"copy value","truncatable":false,"jumpToDefinition":{"file":"certora/specs/Vault.spec","start":{"line":236,"col":41},"end":{"line":236,"col":49}},"childrenList":[],"uiId":23},{"variableName":"contract","value":"CVX_CRV_YieldSource","values":["CVX_CRV_YieldSource","CVX_CRV_YieldSource","0x2710"],"tooltip":"copy value","truncatable":false,"jumpToDefinition":{"file":"certora/specs/Vault.spec","start":{"line":236,"col":41},"end":{"line":236,"col":49}},"childrenList":[],"uiId":24}],"uiId":6},{"variableName":"vaultBalanceBefore","value":"0x0","values":["0x0","0","0x0"],"tooltip":"copy value","truncatable":true,"jumpToDefinition":{"file":"certora/specs/Vault.spec","start":{"line":242,"col":5},"end":{"line":242,"col":31}},"childrenList":[],"uiId":7},{"variableName":"surplusBefore","value":"0x3","values":["0x3","3","0x3"],"tooltip":"copy value","truncatable":true,"jumpToDefinition":{"file":"certora/specs/Vault.spec","start":{"line":243,"col":5},"end":{"line":243,"col":26}},"childrenList":[],"uiId":8},{"variableName":"CVX_CRV_YieldSource","value":"0x2710","values":["0x2710","0x2710","0x2710"],"tooltip":"copy value","truncatable":true,"jumpToDefinition":{"file":"src/yieldSource/CVX_CRV_YieldSource.sol","start":{"line":72,"col":1},"end":{"line":536,"col":2}},"childrenList":[],"uiId":9},{"variableName":"MockERC20","value":"0xf","values":["0xf","0xf","0xf"],"tooltip":"copy value","truncatable":true,"jumpToDefinition":{"file":"test/mocks/Mocks.sol","start":{"line":9,"col":1},"end":{"line":52,"col":2}},"childrenList":[],"uiId":10},{"variableName":"ecrecover","value":"0x1","values":["0x1","0x1","0x1"],"tooltip":"copy value","truncatable":true,"jumpToDefinition":null,"childrenList":[],"uiId":11},{"variableName":"sha256","value":"0x2","values":["0x2","0x2","0x2"],"tooltip":"copy value","truncatable":true,"jumpToDefinition":null,"childrenList":[],"uiId":12},{"variableName":"identity","value":"0x4","values":["0x4","0x4","0x4"],"tooltip":"copy value","truncatable":true,"jumpToDefinition":null,"childrenList":[],"uiId":13},{"variableName":"Vault","value":"0x2713","values":["0x2713","0x2713","0x2713"],"tooltip":"copy value","truncatable":true,"jumpToDefinition":{"file":"src/vault/Vault.sol","start":{"line":61,"col":1},"end":{"line":463,"col":2}},"childrenList":[],"uiId":14}]}