{"treeViewPath":"noUnauthorizedTokenOutflows-CVX_CRV_YieldSource-CVX_CRV_YieldSource.emergencyWithdraw(address,address)","graph_link":"PresolverRule-noUnauthorizedTokenOutflows-CVX_CRV_YieldSource-CVX_CRV_YieldSource.emergencyWithdrawLPADRCADRRP.html","jumpToDefinition":{"file":"src/yieldSource/CVX_CRV_YieldSource.sol","start":{"line":520,"col":5},"end":{"line":535,"col":6}},"assertMessage":null,"valueRepresentations":[{"name":"PRETTY","example":"MAX_UINT8"},{"name":"DEC","example":"255"},{"name":"HEX","example":"0xff"}],"callResolution":[],"callResolutionWarnings":[]}