{"treeViewPath":"noUnauthorizedTokenOutflows-Vault-Vault.emergencyWithdrawFromYieldSource(address,address)","graph_link":"PresolverRule-noUnauthorizedTokenOutflows-Vault-Vault.emergencyWithdrawFromYieldSourceLPADRCADRRP.html","jumpToDefinition":{"file":"src/vault/Vault.sol","start":{"line":432,"col":5},"end":{"line":457,"col":6}},"assertMessage":null,"valueRepresentations":[{"name":"PRETTY","example":"MAX_UINT8"},{"name":"DEC","example":"255"},{"name":"HEX","example":"0xff"}],"callResolution":[],"callResolutionWarnings":[]}