{"treeViewPath":"rebaseMultiplierIsValid-emergencyWithdraw(address,address)","graph_link":"PresolverRule-rebaseMultiplierIsValid-emergencyWithdrawLPADRCADRRP.html","jumpToDefinition":{"file":"src/vault/Vault.sol","start":{"line":399,"col":5},"end":{"line":409,"col":6}},"assertMessage":null,"valueRepresentations":[{"name":"PRETTY","example":"MAX_UINT8"},{"name":"DEC","example":"255"},{"name":"HEX","example":"0xff"}],"callResolution":[{"caller":{"name":"Vault.emergencyWithdraw(address,address)","jumpToDefinition":null},"callSite":{"snippet":"tokenContract.balanceOf(address(this))","jumpToDefinition":{"file":"src/vault/Vault.sol","start":{"line":403,"col":27},"end":{"line":403,"col":65}}},"summary":"DISPATCHER(optimistic = true)","comments":[{"callee resolution":"callee contract unresolved; callee sighash resolved"},{"resolved callees":"[MockERC20.balanceOf(address)]"},{"summary application reason":"declared at Vault.spec:27:47; applied to calls where no callee could be resolved"}],"callee":{"name":"[?].balanceOf(address)","jumpToDefinition":null},"isInCounterExample":false},{"caller":{"name":"Vault.emergencyWithdraw(address,address)","jumpToDefinition":null},"callSite":{"snippet":"assembly (\"memory-safe\") {let success := call(gas(), token, 0, add(data, 0x20), mload(data), 0, 0x20)// bubble errorsif iszero(success) {let ptr := mload(0x40)returndatacopy(ptr, 0, returndatasize())revert(ptr, returndatasize())}returnSize := returndatasize()returnValue := mload(0)}","jumpToDefinition":{"file":"lib/oz_reflax/token/ERC20/utils/SafeERC20.sol","start":{"line":50,"col":9},"end":{"line":60,"col":10}}},"summary":"DISPATCHER(optimistic = true)","comments":[{"callee resolution":"callee contract unresolved; callee sighash resolved"},{"resolved callees":"[MockERC20.transfer(address,uint256)]"},{"summary application reason":"declared at Vault.spec:31:55; applied to calls where no callee could be resolved"}],"callee":{"name":"[?].transfer(address, uint256)","jumpToDefinition":null},"isInCounterExample":false}],"callResolutionWarnings":[]}