{"treeViewPath":"noUnauthorizedTokenOutflows-CVX_CRV_YieldSource-CVX_CRV_YieldSource.transferOwnership(address)","graph_link":"PresolverRule-noUnauthorizedTokenOutflows-CVX_CRV_YieldSource-CVX_CRV_YieldSource.transferOwnershipLPADRRP.html","jumpToDefinition":{"file":"lib/oz_reflax/access/Ownable.sol","start":{"line":82,"col":5},"end":{"line":87,"col":6}},"assertMessage":null,"valueRepresentations":[{"name":"PRETTY","example":"MAX_UINT8"},{"name":"DEC","example":"255"},{"name":"HEX","example":"0xff"}],"callResolution":[],"callResolutionWarnings":[]}