{"treeViewPath":"noUnauthorizedTokenOutflows-CVX_CRV_YieldSource-CVX_CRV_YieldSource.poolTokenSymbols(uint256)-Unwinding condition in a loop. We recommend to run with `--optimistic_loop`, or increase `--loop_iter` to a value higher than 1. Please consult our documentation to be aware of the consequences on soundness when setting this flag.","graph_link":"Report-noUnauthorizedTokenOutflows-CVX_CRV_YieldSource-CVX_CRV_YieldSource.poolTokenSymbolsLPU256RP-example1.html","jumpToDefinition":{"file":"src/yieldSource/CVX_CRV_YieldSource.sol","start":{"line":79,"col":5},"end":{"line":79,"col":37}},"assertMessage":"Unwinding condition in a loop. We recommend to run with `--optimistic_loop`, or increase `--loop_iter` to a value higher than 1. Please consult our documentation to be aware of the consequences on soundness when setting this flag.","valueRepresentations":[{"name":"PRETTY","example":"MAX_UINT8"},{"name":"DEC","example":"255"},{"name":"HEX","example":"0xff"}],"callResolution":[],"callResolutionWarnings":[],"callTrace":{"message":{"text":"CVX_CRV_YieldSource()","arguments":[]},"status":"","childrenList":[{"message":{"text":"Global State","arguments":[]},"status":"","childrenList":[{"message":{"text":"Storage State","arguments":[]},"status":"","childrenList":[{"message":{"text":"Vault","arguments":[]},"status":"","childrenList":[{"message":{"text":"surplusInputToken: '{0}'","arguments":[{"value":"0x0","values":["0x0","0","0x0"],"tooltip":"storage value","truncatable":true}]},"status":"HAVOC","childrenList":[],"jumpToDefinition":{"file":"src/vault/Vault.sol","start":{"line":61,"col":1},"end":{"line":463,"col":2}},"changedSincePreviousPrint":false,"changedSinceStart":false}],"jumpToDefinition":null,"storageId":null},{"message":{"text":"CVX_CRV_YieldSource","arguments":[]},"status":"","childrenList":[{"message":{"text":"poolTokenSymbols: '{0}'","arguments":[{"value":"0x1","values":["0x1","1","0x1"],"tooltip":"storage value","truncatable":true}]},"status":"HAVOC","childrenList":[],"jumpToDefinition":{"file":"src/yieldSource/CVX_CRV_YieldSource.sol","start":{"line":72,"col":1},"end":{"line":536,"col":2}},"changedSincePreviousPrint":false,"changedSinceStart":false},{"message":{"text":"poolTokenSymbols['{0}']: '{1}'","arguments":[{"value":"0x0","values":["0x0","0","0x0"],"tooltip":"accessed index","truncatable":true},{"value":"0x26201","values":["0x26201"],"tooltip":"storage value","truncatable":true}]},"status":"HAVOC","childrenList":[],"jumpToDefinition":{"file":"src/yieldSource/CVX_CRV_YieldSource.sol","start":{"line":72,"col":1},"end":{"line":536,"col":2}},"changedSincePreviousPrint":false,"changedSinceStart":false}],"jumpToDefinition":null,"storageId":null},{"message":{"text":"MockERC20","arguments":[]},"status":"","childrenList":[{"message":{"text":"balanceOf['{0}']: '{1}'","arguments":[{"value":"Vault","values":["Vault","Vault","0x47be"],"tooltip":"key","truncatable":false},{"value":"0x0","values":["0x0","0","0x0"],"tooltip":"storage value","truncatable":true}]},"status":"HAVOC","childrenList":[],"jumpToDefinition":{"file":"test/mocks/Mocks.sol","start":{"line":9,"col":1},"end":{"line":52,"col":2}},"changedSincePreviousPrint":false,"changedSinceStart":false}],"jumpToDefinition":null,"storageId":null}],"jumpToDefinition":null,"storageId":1},{"message":{"text":"Balances","arguments":[]},"status":"","childrenList":[{"message":{"text":"0x4324.balance: '{0}'","arguments":[{"value":"0x476","values":["0x476","1142","0x476"],"tooltip":"balance","truncatable":true}]},"status":"","childrenList":[],"jumpToDefinition":null},{"message":{"text":"CVX_CRV_YieldSource.balance: '{0}'","arguments":[{"value":"0x119","values":["0x119","281","0x119"],"tooltip":"balance","truncatable":true}]},"status":"","childrenList":[],"jumpToDefinition":null},{"message":{"text":"MockERC20.balance: '{0}'","arguments":[{"value":"0xfffffffffffffffffffffffffffffffffffffffffffffffffffffffffffffadd","values":["0xfffffffffffffffffffffffffffffffffffffffffffffffffffffffffffffadd","115792089237316195423570985008687907853269984665640564039457584007913129638621","0xfffffffffffffffffffffffffffffffffffffffffffffffffffffffffffffadd"],"tooltip":"balance","truncatable":true}]},"status":"","childrenList":[],"jumpToDefinition":null}],"jumpToDefinition":null,"storageId":1}],"jumpToDefinition":null,"storageId":null},{"message":{"text":"rule parameters setup","arguments":[]},"status":"","childrenList":[],"jumpToDefinition":null},{"message":{"text":"Setup","arguments":[]},"status":"","childrenList":[{"message":{"text":"multi contract setup","arguments":[]},"status":"","childrenList":[],"jumpToDefinition":null},{"message":{"text":"contract address vars initialized","arguments":[]},"status":"","childrenList":[],"jumpToDefinition":null},{"message":{"text":"setup read tracking instrumentation","arguments":[]},"status":"","childrenList":[],"jumpToDefinition":null},{"message":{"text":"last storage initialize","arguments":[]},"status":"","childrenList":[],"jumpToDefinition":null},{"message":{"text":"assuming contracts in scene with non-empty bytecode have EXTCODESIZE larger than zero","arguments":[]},"status":"","childrenList":[],"jumpToDefinition":null},{"message":{"text":"assuming address(0).code has no code deployed","arguments":[]},"status":"","childrenList":[],"jumpToDefinition":null},{"message":{"text":"assumptions about contracts' addresses","arguments":[]},"status":"","childrenList":[],"jumpToDefinition":null},{"message":{"text":"assumptions about static addresses","arguments":[]},"status":"","childrenList":[],"jumpToDefinition":null},{"message":{"text":"establish addresses of precompiled contracts","arguments":[]},"status":"","childrenList":[],"jumpToDefinition":null},{"message":{"text":"assumptions about uniqueness of contracts' addresses","arguments":[]},"status":"","childrenList":[],"jumpToDefinition":null},{"message":{"text":"static links","arguments":[]},"status":"","childrenList":[],"jumpToDefinition":null},{"message":{"text":"record starting nonces","arguments":[]},"status":"","childrenList":[],"jumpToDefinition":null},{"message":{"text":"cloned contracts have no balances","arguments":[]},"status":"","childrenList":[],"jumpToDefinition":null},{"message":{"text":"Linked immutable setup","arguments":[]},"status":"","childrenList":[],"jumpToDefinition":null},{"message":{"text":"Constrain immutables","arguments":[]},"status":"","childrenList":[],"jumpToDefinition":null},{"message":{"text":"establish equivalence of extension and base contract immutables","arguments":[]},"status":"","childrenList":[],"jumpToDefinition":null}],"jumpToDefinition":null},{"message":{"text":"require f.selector != (sig:Vault.emergencyWithdraw(address, address)).selector","arguments":[]},"status":"","childrenList":[],"jumpToDefinition":{"file":"certora/specs/Vault.spec","start":{"line":238,"col":5},"end":{"line":238,"col":75}}},{"message":{"text":"require f.selector != (sig:Vault.emergencyWithdrawETH(address)).selector","arguments":[]},"status":"","childrenList":[],"jumpToDefinition":{"file":"certora/specs/Vault.spec","start":{"line":239,"col":5},"end":{"line":239,"col":70}}},{"message":{"text":"require f.selector != (sig:Vault.emergencyWithdrawFromYieldSource(address, address)).selector","arguments":[]},"status":"","childrenList":[],"jumpToDefinition":{"file":"certora/specs/Vault.spec","start":{"line":240,"col":5},"end":{"line":240,"col":90}}},{"message":{"text":"vaultBalanceBefore = MockERC20.balanceOf(e, currentContract)","arguments":[]},"status":"","childrenList":[{"message":{"text":"MockERC20.balanceOf('{0}') ↪ '{1}'","arguments":[{"value":"Vault","values":["Vault","Vault","0x47be"],"tooltip":"value","truncatable":false},{"value":"0x0","values":["0x0","0","0x0"],"tooltip":"value","truncatable":true}]},"status":"","childrenList":[{"message":{"text":"sender: '{0}'; receiver: '{1}'; transferred amount: '{2}'","arguments":[{"value":"0x4324","values":["0x4324","0x4324","0x4324"],"tooltip":"address of sender","truncatable":true},{"value":"MockERC20","values":["MockERC20","MockERC20","0x47bf"],"tooltip":"address of receiver","truncatable":false},{"value":"0x0","values":["0x0","0","0x0"],"tooltip":"transferred amount","truncatable":true}]},"status":"TRANSFER","childrenList":[{"message":{"text":"Load from: sender.balance ↪ '{0}'","arguments":[{"value":"0x476","values":["0x476","1142","0x476"],"tooltip":"balance","truncatable":true}]},"status":"","childrenList":[],"jumpToDefinition":null},{"message":{"text":"Store at: sender.balance ↪ '{0}'","arguments":[{"value":"0x476","values":["0x476","1142","0x476"],"tooltip":"balance","truncatable":true}]},"status":"","childrenList":[],"jumpToDefinition":null},{"message":{"text":"Load from: receiver.balance ↪ '{0}'","arguments":[{"value":"0xfffffffffffffffffffffffffffffffffffffffffffffffffffffffffffffadd","values":["0xfffffffffffffffffffffffffffffffffffffffffffffffffffffffffffffadd","115792089237316195423570985008687907853269984665640564039457584007913129638621","0xfffffffffffffffffffffffffffffffffffffffffffffffffffffffffffffadd"],"tooltip":"balance","truncatable":true}]},"status":"","childrenList":[],"jumpToDefinition":null},{"message":{"text":"Store at: receiver.balance ↪ '{0}'","arguments":[{"value":"0xfffffffffffffffffffffffffffffffffffffffffffffffffffffffffffffadd","values":["0xfffffffffffffffffffffffffffffffffffffffffffffffffffffffffffffadd","115792089237316195423570985008687907853269984665640564039457584007913129638621","0xfffffffffffffffffffffffffffffffffffffffffffffffffffffffffffffadd"],"tooltip":"balance","truncatable":true}]},"status":"","childrenList":[],"jumpToDefinition":null}],"jumpToDefinition":null},{"message":{"text":"Load from MockERC20.[raw storage address] '{0}' ↪ '{1}'","arguments":[{"value":"MockERC20","values":["MockERC20","MockERC20","0x47bf"],"tooltip":"address","truncatable":false},{"value":"0x1","values":["0x1","1","0x1"],"tooltip":"storage value","truncatable":true}]},"status":"","childrenList":[],"jumpToDefinition":null},{"message":{"text":"Evaluate branch condition","arguments":[]},"status":"","childrenList":[],"jumpToDefinition":{"file":"test/mocks/Mocks.sol","start":{"line":9,"col":1},"end":{"line":52,"col":2}}},{"message":{"text":"Evaluate branch condition","arguments":[]},"status":"","childrenList":[],"jumpToDefinition":{"file":"test/mocks/Mocks.sol","start":{"line":9,"col":1},"end":{"line":52,"col":2}}},{"message":{"text":"Evaluate branch condition","arguments":[]},"status":"","childrenList":[],"jumpToDefinition":{"file":"test/mocks/Mocks.sol","start":{"line":9,"col":1},"end":{"line":52,"col":2}}},{"message":{"text":"Load from MockERC20.balanceOf['{0}'] ↪ '{1}'","arguments":[{"value":"Vault","values":["Vault","Vault","0x47be"],"tooltip":"key","truncatable":false},{"value":"0x0","values":["0x0","0","0x0"],"tooltip":"storage value","truncatable":true}]},"status":"","childrenList":[],"jumpToDefinition":{"file":"test/mocks/Mocks.sol","start":{"line":9,"col":1},"end":{"line":52,"col":2}}},{"message":{"text":"Return","arguments":[]},"status":"","childrenList":[],"jumpToDefinition":{"file":"test/mocks/Mocks.sol","start":{"line":9,"col":1},"end":{"line":52,"col":2}}}],"jumpToDefinition":{"file":"test/mocks/Mocks.sol","start":{"line":16,"col":5},"end":{"line":16,"col":49}}}],"jumpToDefinition":{"file":"certora/specs/Vault.spec","start":{"line":242,"col":5},"end":{"line":242,"col":75}}},{"message":{"text":"surplusBefore = Vault.surplusInputToken()","arguments":[]},"status":"","childrenList":[{"message":{"text":"Vault.surplusInputToken() ↪ '{0}'","arguments":[{"value":"0x0","values":["0x0","0","0x0"],"tooltip":"value","truncatable":true}]},"status":"","childrenList":[{"message":{"text":"Load from Vault.[raw storage address] '{0}' ↪ '{1}'","arguments":[{"value":"Vault","values":["Vault","Vault","0x47be"],"tooltip":"address","truncatable":false},{"value":"0x2","values":["0x2","2","0x2"],"tooltip":"storage value","truncatable":true}]},"status":"","childrenList":[],"jumpToDefinition":null},{"message":{"text":"Evaluate branch condition","arguments":[]},"status":"","childrenList":[],"jumpToDefinition":{"file":"src/vault/Vault.sol","start":{"line":61,"col":1},"end":{"line":463,"col":2}}},{"message":{"text":"Evaluate branch condition","arguments":[]},"status":"","childrenList":[],"jumpToDefinition":{"file":"src/vault/Vault.sol","start":{"line":61,"col":1},"end":{"line":463,"col":2}}},{"message":{"text":"Load from Vault.surplusInputToken ↪ '{0}'","arguments":[{"value":"0x0","values":["0x0","0","0x0"],"tooltip":"storage value","truncatable":true}]},"status":"","childrenList":[],"jumpToDefinition":{"file":"src/vault/Vault.sol","start":{"line":61,"col":1},"end":{"line":463,"col":2}}},{"message":{"text":"Return","arguments":[]},"status":"","childrenList":[],"jumpToDefinition":{"file":"src/vault/Vault.sol","start":{"line":61,"col":1},"end":{"line":463,"col":2}}}],"jumpToDefinition":{"file":"src/vault/Vault.sol","start":{"line":87,"col":5},"end":{"line":87,"col":37}}}],"jumpToDefinition":{"file":"certora/specs/Vault.spec","start":{"line":243,"col":5},"end":{"line":243,"col":49}}},{"message":{"text":"calldataarg args","arguments":[]},"status":"","childrenList":[],"jumpToDefinition":{"file":"certora/specs/Vault.spec","start":{"line":245,"col":5},"end":{"line":245,"col":22}}},{"message":{"text":"f@withrevert(e, args)","arguments":[]},"status":"","childrenList":[{"message":{"text":"CVX_CRV_YieldSource.poolTokenSymbols('{0}') ↪ '{1}'","arguments":[{"value":"0x0","values":["0x0","0","0x0"],"tooltip":"value","truncatable":true},{"value":"...","values":["..."],"tooltip":"cannot display this value","truncatable":false}]},"status":"","childrenList":[{"message":{"text":"sender: '{0}'; receiver: '{1}'; transferred amount: '{2}'","arguments":[{"value":"0x4324","values":["0x4324","0x4324","0x4324"],"tooltip":"address of sender","truncatable":true},{"value":"CVX_CRV_YieldSource","values":["CVX_CRV_YieldSource","CVX_CRV_YieldSource","0x47c0"],"tooltip":"address of receiver","truncatable":false},{"value":"0x0","values":["0x0","0","0x0"],"tooltip":"transferred amount","truncatable":true}]},"status":"TRANSFER","childrenList":[{"message":{"text":"Load from: sender.balance ↪ '{0}'","arguments":[{"value":"0x476","values":["0x476","1142","0x476"],"tooltip":"balance","truncatable":true}]},"status":"","childrenList":[],"jumpToDefinition":null},{"message":{"text":"Store at: sender.balance ↪ '{0}'","arguments":[{"value":"0x476","values":["0x476","1142","0x476"],"tooltip":"balance","truncatable":true}]},"status":"","childrenList":[],"jumpToDefinition":null},{"message":{"text":"Load from: receiver.balance ↪ '{0}'","arguments":[{"value":"0x119","values":["0x119","281","0x119"],"tooltip":"balance","truncatable":true}]},"status":"","childrenList":[],"jumpToDefinition":null},{"message":{"text":"Store at: receiver.balance ↪ '{0}'","arguments":[{"value":"0x119","values":["0x119","281","0x119"],"tooltip":"balance","truncatable":true}]},"status":"","childrenList":[],"jumpToDefinition":null}],"jumpToDefinition":null},{"message":{"text":"Load from CVX_CRV_YieldSource.[raw storage address] '{0}' ↪ '{1}'","arguments":[{"value":"CVX_CRV_YieldSource","values":["CVX_CRV_YieldSource","CVX_CRV_YieldSource","0x47c0"],"tooltip":"address","truncatable":false},{"value":"0x1","values":["0x1","1","0x1"],"tooltip":"storage value","truncatable":true}]},"status":"","childrenList":[],"jumpToDefinition":null},{"message":{"text":"Evaluate branch condition","arguments":[]},"status":"","childrenList":[],"jumpToDefinition":{"file":"src/yieldSource/CVX_CRV_YieldSource.sol","start":{"line":72,"col":1},"end":{"line":536,"col":2}}},{"message":{"text":"Evaluate branch condition","arguments":[]},"status":"","childrenList":[],"jumpToDefinition":{"file":"src/yieldSource/CVX_CRV_YieldSource.sol","start":{"line":72,"col":1},"end":{"line":536,"col":2}}},{"message":{"text":"Load from CVX_CRV_YieldSource.poolTokenSymbols ↪ '{0}'","arguments":[{"value":"0x1","values":["0x1","1","0x1"],"tooltip":"storage value","truncatable":true}]},"status":"","childrenList":[],"jumpToDefinition":{"file":"src/yieldSource/CVX_CRV_YieldSource.sol","start":{"line":72,"col":1},"end":{"line":536,"col":2}}},{"message":{"text":"Evaluate branch condition","arguments":[]},"status":"","childrenList":[],"jumpToDefinition":{"file":"src/yieldSource/CVX_CRV_YieldSource.sol","start":{"line":79,"col":5},"end":{"line":79,"col":37}}},{"message":{"text":"Load from CVX_CRV_YieldSource.poolTokenSymbols ↪ '{0}'","arguments":[{"value":"0x1","values":["0x1","1","0x1"],"tooltip":"storage value","truncatable":true}]},"status":"","childrenList":[],"jumpToDefinition":{"file":"src/yieldSource/CVX_CRV_YieldSource.sol","start":{"line":72,"col":1},"end":{"line":536,"col":2}}},{"message":{"text":"Evaluate branch condition","arguments":[]},"status":"","childrenList":[],"jumpToDefinition":{"file":"src/yieldSource/CVX_CRV_YieldSource.sol","start":{"line":72,"col":1},"end":{"line":536,"col":2}}},{"message":{"text":"Load from CVX_CRV_YieldSource.poolTokenSymbols['{0}'] ↪ '{1}'","arguments":[{"value":"0x0","values":["0x0","0","0x0"],"tooltip":"accessed index","truncatable":true},{"value":"0x26201","values":["0x26201","156161","0x26201"],"tooltip":"storage value","truncatable":true}]},"status":"","childrenList":[],"jumpToDefinition":{"file":"src/yieldSource/CVX_CRV_YieldSource.sol","start":{"line":72,"col":1},"end":{"line":536,"col":2}}},{"message":{"text":"Evaluate branch condition","arguments":[]},"status":"","childrenList":[],"jumpToDefinition":{"file":"src/yieldSource/CVX_CRV_YieldSource.sol","start":{"line":72,"col":1},"end":{"line":536,"col":2}}},{"message":{"text":"Evaluate branch condition","arguments":[]},"status":"","childrenList":[],"jumpToDefinition":{"file":"src/yieldSource/CVX_CRV_YieldSource.sol","start":{"line":72,"col":1},"end":{"line":536,"col":2}}},{"message":{"text":"Evaluate branch condition","arguments":[]},"status":"","childrenList":[],"jumpToDefinition":{"file":"src/yieldSource/CVX_CRV_YieldSource.sol","start":{"line":72,"col":1},"end":{"line":536,"col":2}}},{"message":{"text":"Loop at CVX_CRV_YieldSource.sol: line: 72: contract CVX_CRV_YieldSource is AYieldSource {","arguments":[]},"status":"","childrenList":[{"message":{"text":"Loop Iteration 1","arguments":[]},"status":"","childrenList":[{"message":{"text":"Load from CVX_CRV_YieldSource.[raw storage address] '{0}' ↪ '{1}'","arguments":[{"value":"0x49a8","values":["0x49a8","0x49a8","0x49a8"],"tooltip":"address","truncatable":true},{"value":"0x0","values":["0x0","0","0x0"],"tooltip":"storage value","truncatable":true}]},"status":"","childrenList":[],"jumpToDefinition":{"file":"src/yieldSource/CVX_CRV_YieldSource.sol","start":{"line":72,"col":1},"end":{"line":536,"col":2}}}],"jumpToDefinition":null},{"message":{"text":"Assert 'loop has terminated' failed","arguments":[]},"status":"","childrenList":[],"jumpToDefinition":null}],"jumpToDefinition":null}],"jumpToDefinition":{"file":"src/yieldSource/CVX_CRV_YieldSource.sol","start":{"line":79,"col":5},"end":{"line":79,"col":37}}}],"jumpToDefinition":{"file":"certora/specs/Vault.spec","start":{"line":246,"col":5},"end":{"line":246,"col":27}}}],"jumpToDefinition":null},"variables":[{"variableName":"vaultBalanceAfter","value":"*","values":["*"],"tooltip":"unused value","truncatable":false,"jumpToDefinition":{"file":"certora/specs/Vault.spec","start":{"line":249,"col":9},"end":{"line":249,"col":34}},"childrenList":[],"uiId":1},{"variableName":"surplusAfter","value":"*","values":["*"],"tooltip":"unused value","truncatable":false,"jumpToDefinition":{"file":"certora/specs/Vault.spec","start":{"line":250,"col":9},"end":{"line":250,"col":29}},"childrenList":[],"uiId":2},{"variableName":"args.length","value":"0x24","values":["0x24","36","0x24"],"tooltip":"copy value","truncatable":true,"jumpToDefinition":{"file":"certora/specs/Vault.spec","start":{"line":245,"col":5},"end":{"line":245,"col":22}},"childrenList":[],"uiId":3},{"variableName":"args","value":"\u0000\u0000\u0000\u0000\u0000\u0000\u0000\u0000\u0000\u0000\u0000\u0000\u0000\u0000\u0000\u0000\u0000\u0000\u0000\u0000\u0000\u0000\u0000\u0000\u0000\u0000\u0000\u0000\u0000\u0000\u0000\u0000\u0000\u0000\u0000\u0000","values":["\u0000\u0000\u0000\u0000\u0000\u0000\u0000\u0000\u0000\u0000\u0000\u0000\u0000\u0000\u0000\u0000\u0000\u0000\u0000\u0000\u0000\u0000\u0000\u0000\u0000\u0000\u0000\u0000\u0000\u0000\u0000\u0000\u0000\u0000\u0000\u0000"],"tooltip":"copy value","truncatable":false,"jumpToDefinition":{"file":"certora/specs/Vault.spec","start":{"line":245,"col":5},"end":{"line":245,"col":22}},"childrenList":[],"uiId":4},{"variableName":"e","childrenList":[{"variableName":"msg","childrenList":[{"variableName":"sender","value":"0x4324","values":["0x4324","0x4324","0x4324"],"tooltip":"copy value","truncatable":true,"jumpToDefinition":{"file":"certora/specs/Vault.spec","start":{"line":236,"col":34},"end":{"line":236,"col":39}},"childrenList":[],"uiId":25},{"variableName":"value","value":"0x0","values":["0x0","0","0x0"],"tooltip":"copy value","truncatable":true,"jumpToDefinition":{"file":"certora/specs/Vault.spec","start":{"line":236,"col":34},"end":{"line":236,"col":39}},"childrenList":[],"uiId":26}],"uiId":15},{"variableName":"tx","childrenList":[{"variableName":"origin","value":"0x0","values":["0x0","0x0","0x0"],"tooltip":"copy value","truncatable":true,"jumpToDefinition":{"file":"certora/specs/Vault.spec","start":{"line":236,"col":34},"end":{"line":236,"col":39}},"childrenList":[],"uiId":27}],"uiId":16},{"variableName":"block","childrenList":[{"variableName":"basefee","value":"0x0","values":["0x0","0","0x0"],"tooltip":"copy value","truncatable":true,"jumpToDefinition":{"file":"certora/specs/Vault.spec","start":{"line":236,"col":34},"end":{"line":236,"col":39}},"childrenList":[],"uiId":28},{"variableName":"blobbasefee","value":"0x0","values":["0x0","0","0x0"],"tooltip":"copy value","truncatable":true,"jumpToDefinition":{"file":"certora/specs/Vault.spec","start":{"line":236,"col":34},"end":{"line":236,"col":39}},"childrenList":[],"uiId":29},{"variableName":"coinbase","value":"0x0","values":["0x0","0x0","0x0"],"tooltip":"copy value","truncatable":true,"jumpToDefinition":{"file":"certora/specs/Vault.spec","start":{"line":236,"col":34},"end":{"line":236,"col":39}},"childrenList":[],"uiId":30},{"variableName":"difficulty","value":"0x0","values":["0x0","0","0x0"],"tooltip":"copy value","truncatable":true,"jumpToDefinition":{"file":"certora/specs/Vault.spec","start":{"line":236,"col":34},"end":{"line":236,"col":39}},"childrenList":[],"uiId":31},{"variableName":"gaslimit","value":"0x0","values":["0x0","0","0x0"],"tooltip":"copy value","truncatable":true,"jumpToDefinition":{"file":"certora/specs/Vault.spec","start":{"line":236,"col":34},"end":{"line":236,"col":39}},"childrenList":[],"uiId":32},{"variableName":"number","value":"0x0","values":["0x0","0","0x0"],"tooltip":"copy value","truncatable":true,"jumpToDefinition":{"file":"certora/specs/Vault.spec","start":{"line":236,"col":34},"end":{"line":236,"col":39}},"childrenList":[],"uiId":33},{"variableName":"timestamp","value":"0x0","values":["0x0","0","0x0"],"tooltip":"copy value","truncatable":true,"jumpToDefinition":{"file":"certora/specs/Vault.spec","start":{"line":236,"col":34},"end":{"line":236,"col":39}},"childrenList":[],"uiId":34}],"uiId":17}],"uiId":5},{"variableName":"f","childrenList":[{"variableName":"selector","value":"0x5a0adf2f","values":["0x5a0adf2f","1510661935","0x5a0adf2f"],"tooltip":"copy value","truncatable":true,"jumpToDefinition":{"file":"certora/specs/Vault.spec","start":{"line":236,"col":41},"end":{"line":236,"col":49}},"childrenList":[],"uiId":18},{"variableName":"isPure","value":"false","values":["false"],"tooltip":"copy value","truncatable":false,"jumpToDefinition":{"file":"certora/specs/Vault.spec","start":{"line":236,"col":41},"end":{"line":236,"col":49}},"childrenList":[],"uiId":19},{"variableName":"isView","value":"true","values":["true"],"tooltip":"copy value","truncatable":false,"jumpToDefinition":{"file":"certora/specs/Vault.spec","start":{"line":236,"col":41},"end":{"line":236,"col":49}},"childrenList":[],"uiId":20},{"variableName":"isPayable","value":"false","values":["false"],"tooltip":"copy value","truncatable":false,"jumpToDefinition":{"file":"certora/specs/Vault.spec","start":{"line":236,"col":41},"end":{"line":236,"col":49}},"childrenList":[],"uiId":21},{"variableName":"numberOfArguments","value":"0x1","values":["0x1","1","0x1"],"tooltip":"copy value","truncatable":true,"jumpToDefinition":{"file":"certora/specs/Vault.spec","start":{"line":236,"col":41},"end":{"line":236,"col":49}},"childrenList":[],"uiId":22},{"variableName":"isFallback","value":"false","values":["false"],"tooltip":"copy value","truncatable":false,"jumpToDefinition":{"file":"certora/specs/Vault.spec","start":{"line":236,"col":41},"end":{"line":236,"col":49}},"childrenList":[],"uiId":23},{"variableName":"contract","value":"CVX_CRV_YieldSource","values":["CVX_CRV_YieldSource","CVX_CRV_YieldSource","0x47c0"],"tooltip":"copy value","truncatable":false,"jumpToDefinition":{"file":"certora/specs/Vault.spec","start":{"line":236,"col":41},"end":{"line":236,"col":49}},"childrenList":[],"uiId":24}],"uiId":6},{"variableName":"vaultBalanceBefore","value":"0x0","values":["0x0","0","0x0"],"tooltip":"copy value","truncatable":true,"jumpToDefinition":{"file":"certora/specs/Vault.spec","start":{"line":242,"col":5},"end":{"line":242,"col":31}},"childrenList":[],"uiId":7},{"variableName":"surplusBefore","value":"0x0","values":["0x0","0","0x0"],"tooltip":"copy value","truncatable":true,"jumpToDefinition":{"file":"certora/specs/Vault.spec","start":{"line":243,"col":5},"end":{"line":243,"col":26}},"childrenList":[],"uiId":8},{"variableName":"CVX_CRV_YieldSource","value":"0x47c0","values":["0x47c0","0x47c0","0x47c0"],"tooltip":"copy value","truncatable":true,"jumpToDefinition":{"file":"src/yieldSource/CVX_CRV_YieldSource.sol","start":{"line":72,"col":1},"end":{"line":536,"col":2}},"childrenList":[],"uiId":9},{"variableName":"MockERC20","value":"0x47bf","values":["0x47bf","0x47bf","0x47bf"],"tooltip":"copy value","truncatable":true,"jumpToDefinition":{"file":"test/mocks/Mocks.sol","start":{"line":9,"col":1},"end":{"line":52,"col":2}},"childrenList":[],"uiId":10},{"variableName":"ecrecover","value":"0x1","values":["0x1","0x1","0x1"],"tooltip":"copy value","truncatable":true,"jumpToDefinition":null,"childrenList":[],"uiId":11},{"variableName":"sha256","value":"0x2","values":["0x2","0x2","0x2"],"tooltip":"copy value","truncatable":true,"jumpToDefinition":null,"childrenList":[],"uiId":12},{"variableName":"identity","value":"0x4","values":["0x4","0x4","0x4"],"tooltip":"copy value","truncatable":true,"jumpToDefinition":null,"childrenList":[],"uiId":13},{"variableName":"Vault","value":"0x47be","values":["0x47be","0x47be","0x47be"],"tooltip":"copy value","truncatable":true,"jumpToDefinition":{"file":"src/vault/Vault.sol","start":{"line":61,"col":1},"end":{"line":463,"col":2}},"childrenList":[],"uiId":14}]}