{"treeViewPath":"withdrawalDecreasesEffectiveBalance","graph_link":"PresolverRule-withdrawalDecreasesEffectiveBalance.html","jumpToDefinition":{"file":"certora/specs/Vault.spec","start":{"line":184,"col":1},"end":{"line":206,"col":2}},"assertMessage":null,"valueRepresentations":[{"name":"PRETTY","example":"MAX_UINT8"},{"name":"DEC","example":"255"},{"name":"HEX","example":"0xff"}],"callResolution":[{"caller":{"name":"Vault.withdraw(uint256,bool,uint256)","jumpToDefinition":null},"callSite":{"snippet":"inputToken.balanceOf(address(this))","jumpToDefinition":{"file":"src/vault/Vault.sol","start":{"line":256,"col":33},"end":{"line":256,"col":68}}},"summary":"DISPATCHER(optimistic = true)","comments":[{"callee resolution":"callee contract unresolved; callee sighash resolved"},{"resolved callees":"[MockERC20.balanceOf(address)]"},{"summary application reason":"declared at Vault.spec:27:47; applied to calls where no callee could be resolved"}],"callee":{"name":"[?].balanceOf(address)","jumpToDefinition":null},"isInCounterExample":false},{"caller":{"name":"Vault.withdraw(uint256,bool,uint256)","jumpToDefinition":null},"callSite":{"snippet":"inputToken.balanceOf(address(this))","jumpToDefinition":{"file":"src/vault/Vault.sol","start":{"line":258,"col":32},"end":{"line":258,"col":67}}},"summary":"DISPATCHER(optimistic = true)","comments":[{"callee resolution":"callee contract unresolved; callee sighash resolved"},{"resolved callees":"[MockERC20.balanceOf(address)]"},{"summary application reason":"declared at Vault.spec:27:47; applied to calls where no callee could be resolved"}],"callee":{"name":"[?].balanceOf(address)","jumpToDefinition":null},"isInCounterExample":false},{"caller":{"name":"Vault.withdraw(uint256,bool,uint256)","jumpToDefinition":null},"callSite":{"snippet":"assembly (\"memory-safe\") {let success := call(gas(), token, 0, add(data, 0x20), mload(data), 0, 0x20)// bubble errorsif iszero(success) {let ptr := mload(0x40)returndatacopy(ptr, 0, returndatasize())revert(ptr, returndatasize())}returnSize := returndatasize()returnValue := mload(0)}","jumpToDefinition":{"file":"lib/oz_reflax/token/ERC20/utils/SafeERC20.sol","start":{"line":50,"col":9},"end":{"line":60,"col":10}}},"summary":"DISPATCHER(optimistic = true)","comments":[{"callee resolution":"callee contract unresolved; callee sighash resolved"},{"resolved callees":"[MockERC20.transfer(address,uint256)]"},{"summary application reason":"declared at Vault.spec:31:55; applied to calls where no callee could be resolved"}],"callee":{"name":"[?].transfer(address, uint256)","jumpToDefinition":null},"isInCounterExample":false}],"callResolutionWarnings":[{"caller":{"name":"Vault.withdraw(uint256,bool,uint256)","jumpToDefinition":null},"callSite":{"snippet":"IYieldsSource(yieldSource).withdraw(rawAmountToWithdraw)","jumpToDefinition":{"file":"src/vault/Vault.sol","start":{"line":257,"col":49},"end":{"line":257,"col":105}}},"summary":"AUTO havoc","comments":[{"callee resolution":"callee contract unresolved; callee sighash resolved"},{"callee resolution hint (1)":"To resolve the call, try '--link Vault:yieldSource=[CVX_CRV_YieldSource]'"},{"havoc cause":"The Prover could not resolve the callee, thus, havoc'd the call"},{"havoc scope":"a havoc that havocs all contracts except Vault (ce4604a0000000000000000000000009)"},{"summary application reason":"chosen automatically by the Prover"}],"callee":{"name":"[?].withdraw(uint256)","jumpToDefinition":null},"isInCounterExample":false}]}