{"treeViewPath":"noUnauthorizedTokenOutflows-CVX_CRV_YieldSource-CVX_CRV_YieldSource.deposit(uint256)-Unwinding condition in a loop. We recommend to run with `--optimistic_loop`, or increase `--loop_iter` to a value higher than 1. Please consult our documentation to be aware of the consequences on soundness when setting this flag.","graph_link":"Report-noUnauthorizedTokenOutflows-CVX_CRV_YieldSource-CVX_CRV_YieldSource.depositLPU256RP-example1.html","jumpToDefinition":{"file":"src/yieldSource/AYieldSource.sol","start":{"line":165,"col":5},"end":{"line":171,"col":6}},"assertMessage":"Unwinding condition in a loop. We recommend to run with `--optimistic_loop`, or increase `--loop_iter` to a value higher than 1. Please consult our documentation to be aware of the consequences on soundness when setting this flag.","valueRepresentations":[{"name":"PRETTY","example":"MAX_UINT8"},{"name":"DEC","example":"255"},{"name":"HEX","example":"0xff"}],"callResolution":[],"callResolutionWarnings":[{"caller":{"name":"CVX_CRV_YieldSource.deposit(uint256)","jumpToDefinition":null},"callSite":{"snippet":"oracle.update(address(flaxToken), address(0))","jumpToDefinition":{"file":"src/yieldSource/CVX_CRV_YieldSource.sol","start":{"line":202,"col":9},"end":{"line":202,"col":54}}},"summary":"AUTO havoc","comments":[{"callee resolution":"both callee contract and sighash are unresolved"},{"havoc cause":"The Prover could not resolve the callee, thus, havoc'd the call"},{"havoc scope":"a havoc that havocs all contracts except CVX_CRV_YieldSource (ce4604a000000000000000000000001a)"},{"summary application reason":"chosen automatically by the Prover"}],"callee":{"name":"[?].[?]","jumpToDefinition":null},"isInCounterExample":true},{"caller":{"name":"CVX_CRV_YieldSource.deposit(uint256)","jumpToDefinition":null},"callSite":{"snippet":"oracle.update(address(inputToken), address(0))","jumpToDefinition":{"file":"src/yieldSource/CVX_CRV_YieldSource.sol","start":{"line":206,"col":13},"end":{"line":206,"col":59}}},"summary":"AUTO havoc","comments":[{"callee resolution":"both callee contract and sighash are unresolved"},{"havoc cause":"The Prover could not resolve the callee, thus, havoc'd the call"},{"havoc scope":"a havoc that havocs all contracts except CVX_CRV_YieldSource (ce4604a000000000000000000000001a)"},{"summary application reason":"chosen automatically by the Prover"}],"callee":{"name":"[?].[?]","jumpToDefinition":null},"isInCounterExample":true},{"caller":{"name":"CVX_CRV_YieldSource.deposit(uint256)","jumpToDefinition":null},"callSite":{"snippet":"oracle.update(address(poolTokens[i]), address(0))","jumpToDefinition":{"file":"src/yieldSource/CVX_CRV_YieldSource.sol","start":{"line":212,"col":17},"end":{"line":212,"col":66}}},"summary":"AUTO havoc","comments":[{"callee resolution":"both callee contract and sighash are unresolved"},{"havoc cause":"The Prover could not resolve the callee, thus, havoc'd the call"},{"havoc scope":"a havoc that havocs all contracts except CVX_CRV_YieldSource (ce4604a000000000000000000000001a)"},{"summary application reason":"chosen automatically by the Prover"}],"callee":{"name":"[?].[?]","jumpToDefinition":null},"isInCounterExample":false},{"caller":{"name":"CVX_CRV_YieldSource.deposit(uint256)","jumpToDefinition":null},"callSite":{"snippet":"oracle.update(rewardTokens[i], address(0))","jumpToDefinition":{"file":"src/yieldSource/CVX_CRV_YieldSource.sol","start":{"line":219,"col":17},"end":{"line":219,"col":59}}},"summary":"AUTO havoc","comments":[{"callee resolution":"both callee contract and sighash are unresolved"},{"havoc cause":"The Prover could not resolve the callee, thus, havoc'd the call"},{"havoc scope":"a havoc that havocs all contracts except CVX_CRV_YieldSource (ce4604a000000000000000000000001a)"},{"summary application reason":"chosen automatically by the Prover"}],"callee":{"name":"[?].[?]","jumpToDefinition":null},"isInCounterExample":true},{"caller":{"name":"CVX_CRV_YieldSource.deposit(uint256)","jumpToDefinition":null},"callSite":{"snippet":"assembly (\"memory-safe\") {let success := call(gas(), token, 0, add(data, 0x20), mload(data), 0, 0x20)// bubble errorsif iszero(success) {let ptr := mload(0x40)returndatacopy(ptr, 0, returndatasize())revert(ptr, returndatasize())}returnSize := returndatasize()returnValue := mload(0)}","jumpToDefinition":{"file":"lib/oz_reflax/token/ERC20/utils/SafeERC20.sol","start":{"line":50,"col":9},"end":{"line":60,"col":10}}},"summary":"AUTO havoc","comments":[{"callee resolution":"both callee contract and sighash are unresolved"},{"havoc cause":"The Prover could not resolve the callee, thus, havoc'd the call"},{"havoc scope":"a havoc that havocs all contracts except CVX_CRV_YieldSource (ce4604a000000000000000000000001a)"},{"summary application reason":"chosen automatically by the Prover"}],"callee":{"name":"[?].[?]","jumpToDefinition":null},"isInCounterExample":false},{"caller":{"name":"CVX_CRV_YieldSource.deposit(uint256)","jumpToDefinition":null},"callSite":{"snippet":"oracle.consult(address(inputToken), address(poolTokens[i]), allocatedAmount)","jumpToDefinition":{"file":"src/yieldSource/CVX_CRV_YieldSource.sol","start":{"line":253,"col":34},"end":{"line":253,"col":110}}},"summary":"AUTO havoc","comments":[{"callee resolution":"both callee contract and sighash are unresolved"},{"havoc cause":"The Prover could not resolve the callee, thus, havoc'd the call"},{"havoc scope":"a havoc that only havocs the return value"},{"summary application reason":"chosen automatically by the Prover"}],"callee":{"name":"[?].[?]","jumpToDefinition":null},"isInCounterExample":false},{"caller":{"name":"CVX_CRV_YieldSource.deposit(uint256)","jumpToDefinition":null},"callSite":{"snippet":"IUniswapV3Router(uniswapV3Router).exactInputSingle(IUniswapV3Router.ExactInputSingleParams({tokenIn: address(inputToken),tokenOut: address(poolTokens[i]),fee: UNISWAP_FEE,recipient: address(this),amountIn: allocatedAmount,amountOutMinimum: minOut,sqrtPriceLimitX96: 0}))","jumpToDefinition":{"file":"src/yieldSource/CVX_CRV_YieldSource.sol","start":{"line":255,"col":30},"end":{"line":265,"col":18}}},"summary":"AUTO havoc","comments":[{"callee resolution":"both callee contract and sighash are unresolved"},{"havoc cause":"The Prover could not resolve the callee, thus, havoc'd the call"},{"havoc scope":"a havoc that havocs all contracts except CVX_CRV_YieldSource (ce4604a000000000000000000000001a)"},{"summary application reason":"chosen automatically by the Prover"}],"callee":{"name":"[?].[?]","jumpToDefinition":null},"isInCounterExample":false},{"caller":{"name":"CVX_CRV_YieldSource.deposit(uint256)","jumpToDefinition":null},"callSite":{"snippet":"curvePool.call(data)","jumpToDefinition":{"file":"src/yieldSource/CVX_CRV_YieldSource.sol","start":{"line":504,"col":47},"end":{"line":504,"col":67}}},"summary":"AUTO havoc","comments":[{"callee resolution":"both callee contract and sighash are unresolved"},{"havoc cause":"The Prover could not resolve the callee, thus, havoc'd the call"},{"havoc scope":"a havoc that havocs all contracts except CVX_CRV_YieldSource (ce4604a000000000000000000000001a)"},{"summary application reason":"chosen automatically by the Prover"}],"callee":{"name":"[?].[?]","jumpToDefinition":null},"isInCounterExample":false},{"caller":{"name":"CVX_CRV_YieldSource.deposit(uint256)","jumpToDefinition":null},"callSite":{"snippet":"IConvexBooster(convexBooster).deposit(poolId, lpAmount, true)","jumpToDefinition":{"file":"src/yieldSource/CVX_CRV_YieldSource.sol","start":{"line":276,"col":9},"end":{"line":276,"col":70}}},"summary":"AUTO havoc","comments":[{"callee resolution":"both callee contract and sighash are unresolved"},{"havoc cause":"The Prover could not resolve the callee, thus, havoc'd the call"},{"havoc scope":"a havoc that havocs all contracts except CVX_CRV_YieldSource (ce4604a000000000000000000000001a)"},{"summary application reason":"chosen automatically by the Prover"}],"callee":{"name":"[?].[?]","jumpToDefinition":null},"isInCounterExample":false}],"callTrace":{"message":{"text":"CVX_CRV_YieldSource()","arguments":[]},"status":"","childrenList":[{"message":{"text":"Global State","arguments":[]},"status":"","childrenList":[{"message":{"text":"Storage State","arguments":[]},"status":"","childrenList":[{"message":{"text":"Vault","arguments":[]},"status":"","childrenList":[{"message":{"text":"surplusInputToken: '{0}'","arguments":[{"value":"0x0","values":["0x0","0","0x0"],"tooltip":"storage value","truncatable":true}]},"status":"HAVOC","childrenList":[],"jumpToDefinition":{"file":"src/vault/Vault.sol","start":{"line":61,"col":1},"end":{"line":463,"col":2}},"changedSincePreviousPrint":false,"changedSinceStart":false}],"jumpToDefinition":null,"storageId":null},{"message":{"text":"CVX_CRV_YieldSource","arguments":[]},"status":"","childrenList":[{"message":{"text":"poolTokens: '{0}'","arguments":[{"value":"0x0","values":["0x0","0","0x0"],"tooltip":"storage value","truncatable":true}]},"status":"HAVOC","childrenList":[],"jumpToDefinition":{"file":"src/yieldSource/CVX_CRV_YieldSource.sol","start":{"line":72,"col":1},"end":{"line":536,"col":2}},"changedSincePreviousPrint":false,"changedSinceStart":false},{"message":{"text":"rewardTokens: '{0}'","arguments":[{"value":"0x2","values":["0x2","2","0x2"],"tooltip":"storage value","truncatable":true}]},"status":"HAVOC","childrenList":[],"jumpToDefinition":{"file":"src/yieldSource/CVX_CRV_YieldSource.sol","start":{"line":72,"col":1},"end":{"line":536,"col":2}},"changedSincePreviousPrint":false,"changedSinceStart":false},{"message":{"text":"rewardTokens['{0}']: '{1}'","arguments":[{"value":"0x0","values":["0x0","0","0x0"],"tooltip":"accessed index","truncatable":true},{"value":"ecrecover","values":["ecrecover","ecrecover","0x1"],"tooltip":"storage value","truncatable":false}]},"status":"HAVOC","childrenList":[],"jumpToDefinition":{"file":"src/yieldSource/CVX_CRV_YieldSource.sol","start":{"line":72,"col":1},"end":{"line":536,"col":2}},"changedSincePreviousPrint":false,"changedSinceStart":false},{"message":{"text":"whitelistedVaults['{0}']: '{1}'","arguments":[{"value":"0x2f1e","values":["0x2f1e","0x2f1e","0x2f1e"],"tooltip":"key","truncatable":true},{"value":"true","values":["true"],"tooltip":"storage value","truncatable":false}]},"status":"HAVOC","childrenList":[],"jumpToDefinition":{"file":"src/yieldSource/CVX_CRV_YieldSource.sol","start":{"line":72,"col":1},"end":{"line":536,"col":2}},"changedSincePreviousPrint":false,"changedSinceStart":false}],"jumpToDefinition":null,"storageId":null},{"message":{"text":"MockERC20","arguments":[]},"status":"","childrenList":[{"message":{"text":"balanceOf['{0}']: '{1}'","arguments":[{"value":"Vault","values":["Vault","Vault","0x2f22"],"tooltip":"key","truncatable":false},{"value":"0x0","values":["0x0","0","0x0"],"tooltip":"storage value","truncatable":true}]},"status":"HAVOC","childrenList":[],"jumpToDefinition":{"file":"test/mocks/Mocks.sol","start":{"line":9,"col":1},"end":{"line":52,"col":2}},"changedSincePreviousPrint":false,"changedSinceStart":false}],"jumpToDefinition":null,"storageId":null}],"jumpToDefinition":null,"storageId":1},{"message":{"text":"Balances","arguments":[]},"status":"","childrenList":[{"message":{"text":"0x2f1e.balance: '{0}'","arguments":[{"value":"0x1","values":["0x1","1","0x1"],"tooltip":"balance","truncatable":true}]},"status":"","childrenList":[],"jumpToDefinition":null},{"message":{"text":"0x2f1f.balance: '{0}'","arguments":[{"value":"0x2","values":["0x2","2","0x2"],"tooltip":"balance","truncatable":true}]},"status":"","childrenList":[],"jumpToDefinition":null},{"message":{"text":"CVX_CRV_YieldSource.balance: '{0}'","arguments":[{"value":"0x0","values":["0x0","0","0x0"],"tooltip":"balance","truncatable":true}]},"status":"","childrenList":[],"jumpToDefinition":null},{"message":{"text":"MockERC20.balance: '{0}'","arguments":[{"value":"0xffffffffffffffffffffffffffffffffffffffffffffffffffffffffffffe5d1","values":["0xffffffffffffffffffffffffffffffffffffffffffffffffffffffffffffe5d1","115792089237316195423570985008687907853269984665640564039457584007913129633233","0xffffffffffffffffffffffffffffffffffffffffffffffffffffffffffffe5d1"],"tooltip":"balance","truncatable":true}]},"status":"","childrenList":[],"jumpToDefinition":null}],"jumpToDefinition":null,"storageId":1}],"jumpToDefinition":null,"storageId":null},{"message":{"text":"rule parameters setup","arguments":[]},"status":"","childrenList":[],"jumpToDefinition":null},{"message":{"text":"Setup","arguments":[]},"status":"","childrenList":[{"message":{"text":"multi contract setup","arguments":[]},"status":"","childrenList":[],"jumpToDefinition":null},{"message":{"text":"contract address vars initialized","arguments":[]},"status":"","childrenList":[],"jumpToDefinition":null},{"message":{"text":"setup read tracking instrumentation","arguments":[]},"status":"","childrenList":[],"jumpToDefinition":null},{"message":{"text":"last storage initialize","arguments":[]},"status":"","childrenList":[],"jumpToDefinition":null},{"message":{"text":"assuming contracts in scene with non-empty bytecode have EXTCODESIZE larger than zero","arguments":[]},"status":"","childrenList":[],"jumpToDefinition":null},{"message":{"text":"assuming address(0).code has no code deployed","arguments":[]},"status":"","childrenList":[],"jumpToDefinition":null},{"message":{"text":"assumptions about contracts' addresses","arguments":[]},"status":"","childrenList":[],"jumpToDefinition":null},{"message":{"text":"assumptions about static addresses","arguments":[]},"status":"","childrenList":[],"jumpToDefinition":null},{"message":{"text":"establish addresses of precompiled contracts","arguments":[]},"status":"","childrenList":[],"jumpToDefinition":null},{"message":{"text":"assumptions about uniqueness of contracts' addresses","arguments":[]},"status":"","childrenList":[],"jumpToDefinition":null},{"message":{"text":"static links","arguments":[]},"status":"","childrenList":[],"jumpToDefinition":null},{"message":{"text":"record starting nonces","arguments":[]},"status":"","childrenList":[],"jumpToDefinition":null},{"message":{"text":"cloned contracts have no balances","arguments":[]},"status":"","childrenList":[],"jumpToDefinition":null},{"message":{"text":"Linked immutable setup","arguments":[]},"status":"","childrenList":[],"jumpToDefinition":null},{"message":{"text":"Constrain immutables","arguments":[]},"status":"","childrenList":[],"jumpToDefinition":null},{"message":{"text":"establish equivalence of extension and base contract immutables","arguments":[]},"status":"","childrenList":[],"jumpToDefinition":null}],"jumpToDefinition":null},{"message":{"text":"require f.selector != (sig:Vault.emergencyWithdraw(address, address)).selector","arguments":[]},"status":"","childrenList":[],"jumpToDefinition":{"file":"certora/specs/Vault.spec","start":{"line":238,"col":5},"end":{"line":238,"col":75}}},{"message":{"text":"require f.selector != (sig:Vault.emergencyWithdrawETH(address)).selector","arguments":[]},"status":"","childrenList":[],"jumpToDefinition":{"file":"certora/specs/Vault.spec","start":{"line":239,"col":5},"end":{"line":239,"col":70}}},{"message":{"text":"require f.selector != (sig:Vault.emergencyWithdrawFromYieldSource(address, address)).selector","arguments":[]},"status":"","childrenList":[],"jumpToDefinition":{"file":"certora/specs/Vault.spec","start":{"line":240,"col":5},"end":{"line":240,"col":90}}},{"message":{"text":"vaultBalanceBefore = MockERC20.balanceOf(e, currentContract)","arguments":[]},"status":"","childrenList":[{"message":{"text":"MockERC20.balanceOf('{0}') ↪ '{1}'","arguments":[{"value":"Vault","values":["Vault","Vault","0x2f22"],"tooltip":"value","truncatable":false},{"value":"0x0","values":["0x0","0","0x0"],"tooltip":"value","truncatable":true}]},"status":"","childrenList":[{"message":{"text":"sender: '{0}'; receiver: '{1}'; transferred amount: '{2}'","arguments":[{"value":"0x2f1e","values":["0x2f1e","0x2f1e","0x2f1e"],"tooltip":"address of sender","truncatable":true},{"value":"MockERC20","values":["MockERC20","MockERC20","0x2f21"],"tooltip":"address of receiver","truncatable":false},{"value":"0x0","values":["0x0","0","0x0"],"tooltip":"transferred amount","truncatable":true}]},"status":"TRANSFER","childrenList":[{"message":{"text":"Load from: sender.balance ↪ '{0}'","arguments":[{"value":"0x1","values":["0x1","1","0x1"],"tooltip":"balance","truncatable":true}]},"status":"","childrenList":[],"jumpToDefinition":null},{"message":{"text":"Store at: sender.balance ↪ '{0}'","arguments":[{"value":"0x1","values":["0x1","1","0x1"],"tooltip":"balance","truncatable":true}]},"status":"","childrenList":[],"jumpToDefinition":null},{"message":{"text":"Load from: receiver.balance ↪ '{0}'","arguments":[{"value":"0xffffffffffffffffffffffffffffffffffffffffffffffffffffffffffffe5d1","values":["0xffffffffffffffffffffffffffffffffffffffffffffffffffffffffffffe5d1","115792089237316195423570985008687907853269984665640564039457584007913129633233","0xffffffffffffffffffffffffffffffffffffffffffffffffffffffffffffe5d1"],"tooltip":"balance","truncatable":true}]},"status":"","childrenList":[],"jumpToDefinition":null},{"message":{"text":"Store at: receiver.balance ↪ '{0}'","arguments":[{"value":"0xffffffffffffffffffffffffffffffffffffffffffffffffffffffffffffe5d1","values":["0xffffffffffffffffffffffffffffffffffffffffffffffffffffffffffffe5d1","115792089237316195423570985008687907853269984665640564039457584007913129633233","0xffffffffffffffffffffffffffffffffffffffffffffffffffffffffffffe5d1"],"tooltip":"balance","truncatable":true}]},"status":"","childrenList":[],"jumpToDefinition":null}],"jumpToDefinition":null},{"message":{"text":"Load from MockERC20.[raw storage address] '{0}' ↪ '{1}'","arguments":[{"value":"MockERC20","values":["MockERC20","MockERC20","0x2f21"],"tooltip":"address","truncatable":false},{"value":"0x1","values":["0x1","1","0x1"],"tooltip":"storage value","truncatable":true}]},"status":"","childrenList":[],"jumpToDefinition":null},{"message":{"text":"Evaluate branch condition","arguments":[]},"status":"","childrenList":[],"jumpToDefinition":{"file":"test/mocks/Mocks.sol","start":{"line":9,"col":1},"end":{"line":52,"col":2}}},{"message":{"text":"Evaluate branch condition","arguments":[]},"status":"","childrenList":[],"jumpToDefinition":{"file":"test/mocks/Mocks.sol","start":{"line":9,"col":1},"end":{"line":52,"col":2}}},{"message":{"text":"Evaluate branch condition","arguments":[]},"status":"","childrenList":[],"jumpToDefinition":{"file":"test/mocks/Mocks.sol","start":{"line":9,"col":1},"end":{"line":52,"col":2}}},{"message":{"text":"Load from MockERC20.balanceOf['{0}'] ↪ '{1}'","arguments":[{"value":"Vault","values":["Vault","Vault","0x2f22"],"tooltip":"key","truncatable":false},{"value":"0x0","values":["0x0","0","0x0"],"tooltip":"storage value","truncatable":true}]},"status":"","childrenList":[],"jumpToDefinition":{"file":"test/mocks/Mocks.sol","start":{"line":9,"col":1},"end":{"line":52,"col":2}}},{"message":{"text":"Return","arguments":[]},"status":"","childrenList":[],"jumpToDefinition":{"file":"test/mocks/Mocks.sol","start":{"line":9,"col":1},"end":{"line":52,"col":2}}}],"jumpToDefinition":{"file":"test/mocks/Mocks.sol","start":{"line":16,"col":5},"end":{"line":16,"col":49}}}],"jumpToDefinition":{"file":"certora/specs/Vault.spec","start":{"line":242,"col":5},"end":{"line":242,"col":75}}},{"message":{"text":"surplusBefore = Vault.surplusInputToken()","arguments":[]},"status":"","childrenList":[{"message":{"text":"Vault.surplusInputToken() ↪ '{0}'","arguments":[{"value":"0x0","values":["0x0","0","0x0"],"tooltip":"value","truncatable":true}]},"status":"","childrenList":[{"message":{"text":"Load from Vault.[raw storage address] '{0}' ↪ '{1}'","arguments":[{"value":"Vault","values":["Vault","Vault","0x2f22"],"tooltip":"address","truncatable":false},{"value":"0x1","values":["0x1","1","0x1"],"tooltip":"storage value","truncatable":true}]},"status":"","childrenList":[],"jumpToDefinition":null},{"message":{"text":"Evaluate branch condition","arguments":[]},"status":"","childrenList":[],"jumpToDefinition":{"file":"src/vault/Vault.sol","start":{"line":61,"col":1},"end":{"line":463,"col":2}}},{"message":{"text":"Evaluate branch condition","arguments":[]},"status":"","childrenList":[],"jumpToDefinition":{"file":"src/vault/Vault.sol","start":{"line":61,"col":1},"end":{"line":463,"col":2}}},{"message":{"text":"Load from Vault.surplusInputToken ↪ '{0}'","arguments":[{"value":"0x0","values":["0x0","0","0x0"],"tooltip":"storage value","truncatable":true}]},"status":"","childrenList":[],"jumpToDefinition":{"file":"src/vault/Vault.sol","start":{"line":61,"col":1},"end":{"line":463,"col":2}}},{"message":{"text":"Return","arguments":[]},"status":"","childrenList":[],"jumpToDefinition":{"file":"src/vault/Vault.sol","start":{"line":61,"col":1},"end":{"line":463,"col":2}}}],"jumpToDefinition":{"file":"src/vault/Vault.sol","start":{"line":87,"col":5},"end":{"line":87,"col":37}}}],"jumpToDefinition":{"file":"certora/specs/Vault.spec","start":{"line":243,"col":5},"end":{"line":243,"col":49}}},{"message":{"text":"calldataarg args","arguments":[]},"status":"","childrenList":[],"jumpToDefinition":{"file":"certora/specs/Vault.spec","start":{"line":245,"col":5},"end":{"line":245,"col":22}}},{"message":{"text":"f@withrevert(e, args)","arguments":[]},"status":"","childrenList":[{"message":{"text":"CVX_CRV_YieldSource.deposit(amount='{0}') ↪ '{1}'","arguments":[{"value":"0x0","values":["0x0","0","0x0"],"tooltip":"value","truncatable":true},{"value":"...","values":["..."],"tooltip":"cannot display this value","truncatable":false}]},"status":"","childrenList":[{"message":{"text":"sender: '{0}'; receiver: '{1}'; transferred amount: '{2}'","arguments":[{"value":"0x2f1e","values":["0x2f1e","0x2f1e","0x2f1e"],"tooltip":"address of sender","truncatable":true},{"value":"CVX_CRV_YieldSource","values":["CVX_CRV_YieldSource","CVX_CRV_YieldSource","0x2f20"],"tooltip":"address of receiver","truncatable":false},{"value":"0x0","values":["0x0","0","0x0"],"tooltip":"transferred amount","truncatable":true}]},"status":"TRANSFER","childrenList":[{"message":{"text":"Load from: sender.balance ↪ '{0}'","arguments":[{"value":"0x1","values":["0x1","1","0x1"],"tooltip":"balance","truncatable":true}]},"status":"","childrenList":[],"jumpToDefinition":null},{"message":{"text":"Store at: sender.balance ↪ '{0}'","arguments":[{"value":"0x1","values":["0x1","1","0x1"],"tooltip":"balance","truncatable":true}]},"status":"","childrenList":[],"jumpToDefinition":null},{"message":{"text":"Load from: receiver.balance ↪ '{0}'","arguments":[{"value":"0x0","values":["0x0","0","0x0"],"tooltip":"balance","truncatable":true}]},"status":"","childrenList":[],"jumpToDefinition":null},{"message":{"text":"Store at: receiver.balance ↪ '{0}'","arguments":[{"value":"0x0","values":["0x0","0","0x0"],"tooltip":"balance","truncatable":true}]},"status":"","childrenList":[],"jumpToDefinition":null}],"jumpToDefinition":null},{"message":{"text":"Load from CVX_CRV_YieldSource.[raw storage address] '{0}' ↪ '{1}'","arguments":[{"value":"CVX_CRV_YieldSource","values":["CVX_CRV_YieldSource","CVX_CRV_YieldSource","0x2f20"],"tooltip":"address","truncatable":false},{"value":"0x1","values":["0x1","1","0x1"],"tooltip":"storage value","truncatable":true}]},"status":"","childrenList":[],"jumpToDefinition":null},{"message":{"text":"Evaluate branch condition","arguments":[]},"status":"","childrenList":[],"jumpToDefinition":{"file":"src/yieldSource/CVX_CRV_YieldSource.sol","start":{"line":72,"col":1},"end":{"line":536,"col":2}}},{"message":{"text":"Evaluate branch condition","arguments":[]},"status":"","childrenList":[],"jumpToDefinition":{"file":"src/yieldSource/CVX_CRV_YieldSource.sol","start":{"line":72,"col":1},"end":{"line":536,"col":2}}},{"message":{"text":"Load from CVX_CRV_YieldSource.whitelistedVaults['{0}'] ↪ '{1}'","arguments":[{"value":"0x2f1e","values":["0x2f1e","0x2f1e","0x2f1e"],"tooltip":"key","truncatable":true},{"value":"true","values":["true"],"tooltip":"storage value","truncatable":false}]},"status":"","childrenList":[],"jumpToDefinition":{"file":"src/yieldSource/CVX_CRV_YieldSource.sol","start":{"line":72,"col":1},"end":{"line":536,"col":2}}},{"message":{"text":"Evaluate branch condition","arguments":[]},"status":"","childrenList":[],"jumpToDefinition":{"file":"src/yieldSource/CVX_CRV_YieldSource.sol","start":{"line":72,"col":1},"end":{"line":536,"col":2}}},{"message":{"text":"CVX_CRV_YieldSource._updateOracle()","arguments":[]},"status":"","childrenList":[{"message":{"text":"Load from CVX_CRV_YieldSource.[raw storage address] '{0}' ↪ '{1}'","arguments":[{"value":"0x2f1f","values":["0x2f1f","0x2f1f","0x2f1f"],"tooltip":"address","truncatable":true},{"value":"0x1","values":["0x1","1","0x1"],"tooltip":"storage value","truncatable":true}]},"status":"","childrenList":[],"jumpToDefinition":{"file":"src/yieldSource/CVX_CRV_YieldSource.sol","start":{"line":202,"col":9},"end":{"line":202,"col":54}}},{"message":{"text":"Evaluate branch condition","arguments":[]},"status":"","childrenList":[],"jumpToDefinition":{"file":"src/yieldSource/CVX_CRV_YieldSource.sol","start":{"line":202,"col":9},"end":{"line":202,"col":54}}},{"message":{"text":"Load from CVX_CRV_YieldSource.[raw storage address] '{0}' ↪ '{1}'","arguments":[{"value":"CVX_CRV_YieldSource","values":["CVX_CRV_YieldSource","CVX_CRV_YieldSource","0x2f20"],"tooltip":"address","truncatable":false},{"value":"0x0","values":["0x0","0","0x0"],"tooltip":"storage value","truncatable":true}]},"status":"","childrenList":[],"jumpToDefinition":{"file":"src/yieldSource/CVX_CRV_YieldSource.sol","start":{"line":202,"col":9},"end":{"line":202,"col":54}}},{"message":{"text":"Load from CVX_CRV_YieldSource.[raw storage address] '{0}' ↪ '{1}'","arguments":[{"value":"0x2f1f","values":["0x2f1f","0x2f1f","0x2f1f"],"tooltip":"address","truncatable":true},{"value":"0x2","values":["0x2","2","0x2"],"tooltip":"storage value","truncatable":true}]},"status":"","childrenList":[],"jumpToDefinition":{"file":"src/yieldSource/CVX_CRV_YieldSource.sol","start":{"line":202,"col":9},"end":{"line":202,"col":54}}},{"message":{"text":"Evaluate branch condition","arguments":[]},"status":"","childrenList":[],"jumpToDefinition":{"file":"src/yieldSource/CVX_CRV_YieldSource.sol","start":{"line":202,"col":9},"end":{"line":202,"col":54}}},{"message":{"text":"Store at CVX_CRV_YieldSource.[raw storage address] '{0}' ↪ '{1}'","arguments":[{"value":"CVX_CRV_YieldSource","values":["CVX_CRV_YieldSource","CVX_CRV_YieldSource","0x2f20"],"tooltip":"address","truncatable":false},{"value":"0x0","values":["0x0","0","0x0"],"tooltip":"storage value","truncatable":true}]},"status":"","childrenList":[],"jumpToDefinition":null},{"message":{"text":"Store at CVX_CRV_YieldSource.[raw storage address] '{0}' ↪ '{1}'","arguments":[{"value":"0x2f1f","values":["0x2f1f","0x2f1f","0x2f1f"],"tooltip":"address","truncatable":true},{"value":"0x2","values":["0x2","2","0x2"],"tooltip":"storage value","truncatable":true}]},"status":"","childrenList":[],"jumpToDefinition":null},{"message":{"text":"sender: '{0}'; receiver: '{1}'; transferred amount: '{2}'","arguments":[{"value":"CVX_CRV_YieldSource","values":["CVX_CRV_YieldSource","CVX_CRV_YieldSource","0x2f20"],"tooltip":"address of sender","truncatable":false},{"value":"0x2f1f","values":["0x2f1f","0x2f1f","0x2f1f"],"tooltip":"address of receiver","truncatable":true},{"value":"0x0","values":["0x0","0","0x0"],"tooltip":"transferred amount","truncatable":true}]},"status":"TRANSFER","childrenList":[{"message":{"text":"Load from: sender.balance ↪ '{0}'","arguments":[{"value":"0x0","values":["0x0","0","0x0"],"tooltip":"balance","truncatable":true}]},"status":"","childrenList":[],"jumpToDefinition":null},{"message":{"text":"Store at: sender.balance ↪ '{0}'","arguments":[{"value":"0x0","values":["0x0","0","0x0"],"tooltip":"balance","truncatable":true}]},"status":"","childrenList":[],"jumpToDefinition":null},{"message":{"text":"Load from: receiver.balance ↪ '{0}'","arguments":[{"value":"0x2","values":["0x2","2","0x2"],"tooltip":"balance","truncatable":true}]},"status":"","childrenList":[],"jumpToDefinition":null},{"message":{"text":"Store at: receiver.balance ↪ '{0}'","arguments":[{"value":"0x2","values":["0x2","2","0x2"],"tooltip":"balance","truncatable":true}]},"status":"","childrenList":[],"jumpToDefinition":null}],"jumpToDefinition":null},{"message":{"text":"/* CVX_CRV_YieldSource.sol: 202: */ oracle.update(address(flaxToken), address(0)): AUTO summary @ [internally generated]()","arguments":[]},"status":"DEFAULT HAVOC","childrenList":[{"message":{"text":"All non-persistent ghosts were havoc'd","arguments":[]},"status":"","childrenList":[],"jumpToDefinition":null}],"jumpToDefinition":null},{"message":{"text":"Evaluate branch condition","arguments":[]},"status":"","childrenList":[],"jumpToDefinition":{"file":"src/yieldSource/CVX_CRV_YieldSource.sol","start":{"line":202,"col":9},"end":{"line":202,"col":54}}},{"message":{"text":"Evaluate branch condition","arguments":[]},"status":"","childrenList":[],"jumpToDefinition":{"file":"src/yieldSource/CVX_CRV_YieldSource.sol","start":{"line":202,"col":9},"end":{"line":202,"col":54}}},{"message":{"text":"Evaluate branch condition","arguments":[]},"status":"","childrenList":[],"jumpToDefinition":{"file":"src/yieldSource/CVX_CRV_YieldSource.sol","start":{"line":202,"col":9},"end":{"line":202,"col":54}}},{"message":{"text":"Evaluate branch condition","arguments":[]},"status":"","childrenList":[],"jumpToDefinition":{"file":"src/yieldSource/CVX_CRV_YieldSource.sol","start":{"line":72,"col":1},"end":{"line":536,"col":2}}},{"message":{"text":"Evaluate branch condition","arguments":[]},"status":"","childrenList":[],"jumpToDefinition":{"file":"src/yieldSource/CVX_CRV_YieldSource.sol","start":{"line":205,"col":9},"end":{"line":207,"col":10}}},{"message":{"text":"Load from CVX_CRV_YieldSource.[raw storage address] '{0}' ↪ '{1}'","arguments":[{"value":"0x2f1f","values":["0x2f1f","0x2f1f","0x2f1f"],"tooltip":"address","truncatable":true},{"value":"0x1","values":["0x1","1","0x1"],"tooltip":"storage value","truncatable":true}]},"status":"","childrenList":[],"jumpToDefinition":{"file":"src/yieldSource/CVX_CRV_YieldSource.sol","start":{"line":206,"col":13},"end":{"line":206,"col":59}}},{"message":{"text":"Evaluate branch condition","arguments":[]},"status":"","childrenList":[],"jumpToDefinition":{"file":"src/yieldSource/CVX_CRV_YieldSource.sol","start":{"line":206,"col":13},"end":{"line":206,"col":59}}},{"message":{"text":"Load from CVX_CRV_YieldSource.[raw storage address] '{0}' ↪ '{1}'","arguments":[{"value":"CVX_CRV_YieldSource","values":["CVX_CRV_YieldSource","CVX_CRV_YieldSource","0x2f20"],"tooltip":"address","truncatable":false},{"value":"0x0","values":["0x0","0","0x0"],"tooltip":"storage value","truncatable":true}]},"status":"","childrenList":[],"jumpToDefinition":{"file":"src/yieldSource/CVX_CRV_YieldSource.sol","start":{"line":206,"col":13},"end":{"line":206,"col":59}}},{"message":{"text":"Load from CVX_CRV_YieldSource.[raw storage address] '{0}' ↪ '{1}'","arguments":[{"value":"0x2f1f","values":["0x2f1f","0x2f1f","0x2f1f"],"tooltip":"address","truncatable":true},{"value":"0x2","values":["0x2","2","0x2"],"tooltip":"storage value","truncatable":true}]},"status":"","childrenList":[],"jumpToDefinition":{"file":"src/yieldSource/CVX_CRV_YieldSource.sol","start":{"line":206,"col":13},"end":{"line":206,"col":59}}},{"message":{"text":"Evaluate branch condition","arguments":[]},"status":"","childrenList":[],"jumpToDefinition":{"file":"src/yieldSource/CVX_CRV_YieldSource.sol","start":{"line":206,"col":13},"end":{"line":206,"col":59}}},{"message":{"text":"Store at CVX_CRV_YieldSource.[raw storage address] '{0}' ↪ '{1}'","arguments":[{"value":"CVX_CRV_YieldSource","values":["CVX_CRV_YieldSource","CVX_CRV_YieldSource","0x2f20"],"tooltip":"address","truncatable":false},{"value":"0x0","values":["0x0","0","0x0"],"tooltip":"storage value","truncatable":true}]},"status":"","childrenList":[],"jumpToDefinition":null},{"message":{"text":"Store at CVX_CRV_YieldSource.[raw storage address] '{0}' ↪ '{1}'","arguments":[{"value":"0x2f1f","values":["0x2f1f","0x2f1f","0x2f1f"],"tooltip":"address","truncatable":true},{"value":"0x2","values":["0x2","2","0x2"],"tooltip":"storage value","truncatable":true}]},"status":"","childrenList":[],"jumpToDefinition":null},{"message":{"text":"sender: '{0}'; receiver: '{1}'; transferred amount: '{2}'","arguments":[{"value":"CVX_CRV_YieldSource","values":["CVX_CRV_YieldSource","CVX_CRV_YieldSource","0x2f20"],"tooltip":"address of sender","truncatable":false},{"value":"0x2f1f","values":["0x2f1f","0x2f1f","0x2f1f"],"tooltip":"address of receiver","truncatable":true},{"value":"0x0","values":["0x0","0","0x0"],"tooltip":"transferred amount","truncatable":true}]},"status":"TRANSFER","childrenList":[{"message":{"text":"Load from: sender.balance ↪ '{0}'","arguments":[{"value":"0x0","values":["0x0","0","0x0"],"tooltip":"balance","truncatable":true}]},"status":"","childrenList":[],"jumpToDefinition":null},{"message":{"text":"Store at: sender.balance ↪ '{0}'","arguments":[{"value":"0x0","values":["0x0","0","0x0"],"tooltip":"balance","truncatable":true}]},"status":"","childrenList":[],"jumpToDefinition":null},{"message":{"text":"Load from: receiver.balance ↪ '{0}'","arguments":[{"value":"0x2","values":["0x2","2","0x2"],"tooltip":"balance","truncatable":true}]},"status":"","childrenList":[],"jumpToDefinition":null},{"message":{"text":"Store at: receiver.balance ↪ '{0}'","arguments":[{"value":"0x2","values":["0x2","2","0x2"],"tooltip":"balance","truncatable":true}]},"status":"","childrenList":[],"jumpToDefinition":null}],"jumpToDefinition":null},{"message":{"text":"/* CVX_CRV_YieldSource.sol: 206: */ oracle.update(address(inputToken), address(0)): AUTO summary @ [internally generated]()","arguments":[]},"status":"DEFAULT HAVOC","childrenList":[{"message":{"text":"All non-persistent ghosts were havoc'd","arguments":[]},"status":"","childrenList":[],"jumpToDefinition":null}],"jumpToDefinition":null},{"message":{"text":"Evaluate branch condition","arguments":[]},"status":"","childrenList":[],"jumpToDefinition":{"file":"src/yieldSource/CVX_CRV_YieldSource.sol","start":{"line":206,"col":13},"end":{"line":206,"col":59}}},{"message":{"text":"Evaluate branch condition","arguments":[]},"status":"","childrenList":[],"jumpToDefinition":{"file":"src/yieldSource/CVX_CRV_YieldSource.sol","start":{"line":206,"col":13},"end":{"line":206,"col":59}}},{"message":{"text":"Evaluate branch condition","arguments":[]},"status":"","childrenList":[],"jumpToDefinition":{"file":"src/yieldSource/CVX_CRV_YieldSource.sol","start":{"line":206,"col":13},"end":{"line":206,"col":59}}},{"message":{"text":"Evaluate branch condition","arguments":[]},"status":"","childrenList":[],"jumpToDefinition":{"file":"src/yieldSource/CVX_CRV_YieldSource.sol","start":{"line":72,"col":1},"end":{"line":536,"col":2}}},{"message":{"text":"Loop at CVX_CRV_YieldSource.sol: line: 210: i < poolTokens.length","arguments":[]},"status":"","childrenList":[{"message":{"text":"Load from CVX_CRV_YieldSource.poolTokens ↪ '{0}'","arguments":[{"value":"0x0","values":["0x0","0","0x0"],"tooltip":"storage value","truncatable":true}]},"status":"","childrenList":[],"jumpToDefinition":{"file":"src/yieldSource/CVX_CRV_YieldSource.sol","start":{"line":72,"col":1},"end":{"line":536,"col":2}}}],"jumpToDefinition":null},{"message":{"text":"Loop at CVX_CRV_YieldSource.sol: line: 217: i < rewardTokens.length","arguments":[]},"status":"","childrenList":[{"message":{"text":"Load from CVX_CRV_YieldSource.rewardTokens ↪ '{0}'","arguments":[{"value":"0x2","values":["0x2","2","0x2"],"tooltip":"storage value","truncatable":true}]},"status":"","childrenList":[],"jumpToDefinition":{"file":"src/yieldSource/CVX_CRV_YieldSource.sol","start":{"line":72,"col":1},"end":{"line":536,"col":2}}},{"message":{"text":"Loop Iteration 1","arguments":[]},"status":"","childrenList":[{"message":{"text":"Load from CVX_CRV_YieldSource.rewardTokens ↪ '{0}'","arguments":[{"value":"0x2","values":["0x2","2","0x2"],"tooltip":"storage value","truncatable":true}]},"status":"","childrenList":[],"jumpToDefinition":{"file":"src/yieldSource/CVX_CRV_YieldSource.sol","start":{"line":72,"col":1},"end":{"line":536,"col":2}}},{"message":{"text":"Evaluate branch condition","arguments":[]},"status":"","childrenList":[],"jumpToDefinition":{"file":"src/yieldSource/CVX_CRV_YieldSource.sol","start":{"line":72,"col":1},"end":{"line":536,"col":2}}},{"message":{"text":"Load from CVX_CRV_YieldSource.rewardTokens['{0}'] ↪ '{1}'","arguments":[{"value":"0x0","values":["0x0","0","0x0"],"tooltip":"accessed index","truncatable":true},{"value":"ecrecover","values":["ecrecover","ecrecover","0x1"],"tooltip":"storage value","truncatable":false}]},"status":"","childrenList":[],"jumpToDefinition":{"file":"src/yieldSource/CVX_CRV_YieldSource.sol","start":{"line":72,"col":1},"end":{"line":536,"col":2}}},{"message":{"text":"Evaluate branch condition","arguments":[]},"status":"","childrenList":[],"jumpToDefinition":{"file":"src/yieldSource/CVX_CRV_YieldSource.sol","start":{"line":218,"col":17},"end":{"line":218,"col":87}}},{"message":{"text":"Load from CVX_CRV_YieldSource.rewardTokens ↪ '{0}'","arguments":[{"value":"0x2","values":["0x2","2","0x2"],"tooltip":"storage value","truncatable":true}]},"status":"","childrenList":[],"jumpToDefinition":{"file":"src/yieldSource/CVX_CRV_YieldSource.sol","start":{"line":72,"col":1},"end":{"line":536,"col":2}}},{"message":{"text":"Evaluate branch condition","arguments":[]},"status":"","childrenList":[],"jumpToDefinition":{"file":"src/yieldSource/CVX_CRV_YieldSource.sol","start":{"line":72,"col":1},"end":{"line":536,"col":2}}},{"message":{"text":"Load from CVX_CRV_YieldSource.rewardTokens['{0}'] ↪ '{1}'","arguments":[{"value":"0x0","values":["0x0","0","0x0"],"tooltip":"accessed index","truncatable":true},{"value":"ecrecover","values":["ecrecover","ecrecover","0x1"],"tooltip":"storage value","truncatable":false}]},"status":"","childrenList":[],"jumpToDefinition":{"file":"src/yieldSource/CVX_CRV_YieldSource.sol","start":{"line":72,"col":1},"end":{"line":536,"col":2}}},{"message":{"text":"Evaluate branch condition","arguments":[]},"status":"","childrenList":[],"jumpToDefinition":{"file":"src/yieldSource/CVX_CRV_YieldSource.sol","start":{"line":218,"col":13},"end":{"line":220,"col":14}}},{"message":{"text":"Load from CVX_CRV_YieldSource.rewardTokens ↪ '{0}'","arguments":[{"value":"0x2","values":["0x2","2","0x2"],"tooltip":"storage value","truncatable":true}]},"status":"","childrenList":[],"jumpToDefinition":{"file":"src/yieldSource/CVX_CRV_YieldSource.sol","start":{"line":72,"col":1},"end":{"line":536,"col":2}}},{"message":{"text":"Evaluate branch condition","arguments":[]},"status":"","childrenList":[],"jumpToDefinition":{"file":"src/yieldSource/CVX_CRV_YieldSource.sol","start":{"line":72,"col":1},"end":{"line":536,"col":2}}},{"message":{"text":"Load from CVX_CRV_YieldSource.rewardTokens['{0}'] ↪ '{1}'","arguments":[{"value":"0x0","values":["0x0","0","0x0"],"tooltip":"accessed index","truncatable":true},{"value":"ecrecover","values":["ecrecover","ecrecover","0x1"],"tooltip":"storage value","truncatable":false}]},"status":"","childrenList":[],"jumpToDefinition":{"file":"src/yieldSource/CVX_CRV_YieldSource.sol","start":{"line":72,"col":1},"end":{"line":536,"col":2}}},{"message":{"text":"Load from CVX_CRV_YieldSource.[raw storage address] '{0}' ↪ '{1}'","arguments":[{"value":"0x2f1f","values":["0x2f1f","0x2f1f","0x2f1f"],"tooltip":"address","truncatable":true},{"value":"0x1","values":["0x1","1","0x1"],"tooltip":"storage value","truncatable":true}]},"status":"","childrenList":[],"jumpToDefinition":{"file":"src/yieldSource/CVX_CRV_YieldSource.sol","start":{"line":219,"col":17},"end":{"line":219,"col":59}}},{"message":{"text":"Evaluate branch condition","arguments":[]},"status":"","childrenList":[],"jumpToDefinition":{"file":"src/yieldSource/CVX_CRV_YieldSource.sol","start":{"line":219,"col":17},"end":{"line":219,"col":59}}},{"message":{"text":"Load from CVX_CRV_YieldSource.[raw storage address] '{0}' ↪ '{1}'","arguments":[{"value":"CVX_CRV_YieldSource","values":["CVX_CRV_YieldSource","CVX_CRV_YieldSource","0x2f20"],"tooltip":"address","truncatable":false},{"value":"0xffffffffffffffffffffffffffffffffffffffffffffffffffffffffffffe466","values":["0xffffffffffffffffffffffffffffffffffffffffffffffffffffffffffffe466","115792089237316195423570985008687907853269984665640564039457584007913129632870","0xffffffffffffffffffffffffffffffffffffffffffffffffffffffffffffe466"],"tooltip":"storage value","truncatable":true}]},"status":"","childrenList":[],"jumpToDefinition":{"file":"src/yieldSource/CVX_CRV_YieldSource.sol","start":{"line":219,"col":17},"end":{"line":219,"col":59}}},{"message":{"text":"Load from CVX_CRV_YieldSource.[raw storage address] '{0}' ↪ '{1}'","arguments":[{"value":"0x2f1f","values":["0x2f1f","0x2f1f","0x2f1f"],"tooltip":"address","truncatable":true},{"value":"0x2","values":["0x2","2","0x2"],"tooltip":"storage value","truncatable":true}]},"status":"","childrenList":[],"jumpToDefinition":{"file":"src/yieldSource/CVX_CRV_YieldSource.sol","start":{"line":219,"col":17},"end":{"line":219,"col":59}}},{"message":{"text":"Evaluate branch condition","arguments":[]},"status":"","childrenList":[],"jumpToDefinition":{"file":"src/yieldSource/CVX_CRV_YieldSource.sol","start":{"line":219,"col":17},"end":{"line":219,"col":59}}},{"message":{"text":"Store at CVX_CRV_YieldSource.[raw storage address] '{0}' ↪ '{1}'","arguments":[{"value":"CVX_CRV_YieldSource","values":["CVX_CRV_YieldSource","CVX_CRV_YieldSource","0x2f20"],"tooltip":"address","truncatable":false},{"value":"0xffffffffffffffffffffffffffffffffffffffffffffffffffffffffffffe466","values":["0xffffffffffffffffffffffffffffffffffffffffffffffffffffffffffffe466","115792089237316195423570985008687907853269984665640564039457584007913129632870","0xffffffffffffffffffffffffffffffffffffffffffffffffffffffffffffe466"],"tooltip":"storage value","truncatable":true}]},"status":"","childrenList":[],"jumpToDefinition":null},{"message":{"text":"Store at CVX_CRV_YieldSource.[raw storage address] '{0}' ↪ '{1}'","arguments":[{"value":"0x2f1f","values":["0x2f1f","0x2f1f","0x2f1f"],"tooltip":"address","truncatable":true},{"value":"0x2","values":["0x2","2","0x2"],"tooltip":"storage value","truncatable":true}]},"status":"","childrenList":[],"jumpToDefinition":null},{"message":{"text":"sender: '{0}'; receiver: '{1}'; transferred amount: '{2}'","arguments":[{"value":"CVX_CRV_YieldSource","values":["CVX_CRV_YieldSource","CVX_CRV_YieldSource","0x2f20"],"tooltip":"address of sender","truncatable":false},{"value":"0x2f1f","values":["0x2f1f","0x2f1f","0x2f1f"],"tooltip":"address of receiver","truncatable":true},{"value":"0x0","values":["0x0","0","0x0"],"tooltip":"transferred amount","truncatable":true}]},"status":"TRANSFER","childrenList":[{"message":{"text":"Load from: sender.balance ↪ '{0}'","arguments":[{"value":"0xffffffffffffffffffffffffffffffffffffffffffffffffffffffffffffe466","values":["0xffffffffffffffffffffffffffffffffffffffffffffffffffffffffffffe466","115792089237316195423570985008687907853269984665640564039457584007913129632870","0xffffffffffffffffffffffffffffffffffffffffffffffffffffffffffffe466"],"tooltip":"balance","truncatable":true}]},"status":"","childrenList":[],"jumpToDefinition":null},{"message":{"text":"Store at: sender.balance ↪ '{0}'","arguments":[{"value":"0xffffffffffffffffffffffffffffffffffffffffffffffffffffffffffffe466","values":["0xffffffffffffffffffffffffffffffffffffffffffffffffffffffffffffe466","115792089237316195423570985008687907853269984665640564039457584007913129632870","0xffffffffffffffffffffffffffffffffffffffffffffffffffffffffffffe466"],"tooltip":"balance","truncatable":true}]},"status":"","childrenList":[],"jumpToDefinition":null},{"message":{"text":"Load from: receiver.balance ↪ '{0}'","arguments":[{"value":"0x2","values":["0x2","2","0x2"],"tooltip":"balance","truncatable":true}]},"status":"","childrenList":[],"jumpToDefinition":null},{"message":{"text":"Store at: receiver.balance ↪ '{0}'","arguments":[{"value":"0x2","values":["0x2","2","0x2"],"tooltip":"balance","truncatable":true}]},"status":"","childrenList":[],"jumpToDefinition":null}],"jumpToDefinition":null},{"message":{"text":"/* CVX_CRV_YieldSource.sol: 219: */ oracle.update(rewardTokens[i], address(0)): AUTO summary @ [internally generated]()","arguments":[]},"status":"DEFAULT HAVOC","childrenList":[{"message":{"text":"All non-persistent ghosts were havoc'd","arguments":[]},"status":"","childrenList":[],"jumpToDefinition":null}],"jumpToDefinition":null},{"message":{"text":"Evaluate branch condition","arguments":[]},"status":"","childrenList":[],"jumpToDefinition":{"file":"src/yieldSource/CVX_CRV_YieldSource.sol","start":{"line":219,"col":17},"end":{"line":219,"col":59}}},{"message":{"text":"Evaluate branch condition","arguments":[]},"status":"","childrenList":[],"jumpToDefinition":{"file":"src/yieldSource/CVX_CRV_YieldSource.sol","start":{"line":219,"col":17},"end":{"line":219,"col":59}}},{"message":{"text":"Evaluate branch condition","arguments":[]},"status":"","childrenList":[],"jumpToDefinition":{"file":"src/yieldSource/CVX_CRV_YieldSource.sol","start":{"line":219,"col":17},"end":{"line":219,"col":59}}},{"message":{"text":"Evaluate branch condition","arguments":[]},"status":"","childrenList":[],"jumpToDefinition":{"file":"src/yieldSource/CVX_CRV_YieldSource.sol","start":{"line":72,"col":1},"end":{"line":536,"col":2}}}],"jumpToDefinition":null},{"message":{"text":"Load from CVX_CRV_YieldSource.rewardTokens ↪ '{0}'","arguments":[{"value":"0x2","values":["0x2","2","0x2"],"tooltip":"storage value","truncatable":true}]},"status":"","childrenList":[],"jumpToDefinition":{"file":"src/yieldSource/CVX_CRV_YieldSource.sol","start":{"line":72,"col":1},"end":{"line":536,"col":2}}},{"message":{"text":"Assert 'loop has terminated' failed","arguments":[]},"status":"","childrenList":[],"jumpToDefinition":null}],"jumpToDefinition":null}],"jumpToDefinition":{"file":"src/yieldSource/AYieldSource.sol","start":{"line":165,"col":5},"end":{"line":171,"col":6}}}],"jumpToDefinition":{"file":"src/yieldSource/AYieldSource.sol","start":{"line":165,"col":5},"end":{"line":171,"col":6}}}],"jumpToDefinition":{"file":"certora/specs/Vault.spec","start":{"line":246,"col":5},"end":{"line":246,"col":27}}}],"jumpToDefinition":null},"variables":[{"variableName":"args.length","value":"0xcb0","values":["0xcb0","3248","0xcb0"],"tooltip":"copy value","truncatable":true,"jumpToDefinition":{"file":"certora/specs/Vault.spec","start":{"line":245,"col":5},"end":{"line":245,"col":22}},"childrenList":[],"uiId":1},{"variableName":"args","value":"\u0000\u0000\u0000\u0000\u0000\u0000\u0000\u0000\u0000\u0000\u0000\u0000\u0000\u0000\u0000\u0000\u0000\u0000\u0000\u0000\u0000\u0000\u0000\u0000\u0000\u0000\u0000\u0000\u0000\u0000\u0000\u0000\u0000\u0000\u0000\u0000\u0000\u0000\u0000\u0000\u0000\u0000\u0000\u0000\u0000\u0000\u0000\u0000\u0000\u0000\u0000\u0000\u0000\u0000\u0000\u0000\u0000\u0000\u0000\u0000\u0000\u0000\u0000\u0000\u0000\u0000\u0000\u0000\u0000\u0000\u0000\u0000\u0000\u0000\u0000\u0000\u0000\u0000\u0000\u0000\u0000\u0000\u0000\u0000\u0000\u0000\u0000\u0000\u0000\u0000\u0000\u0000\u0000\u0000\u0000\u0000\u0000\u0000\u0000\u0000\u0000\u0000\u0000\u0000\u0000\u0000\u0000\u0000\u0000\u0000\u0000\u0000\u0000\u0000\u0000\u0000\u0000\u0000\u0000\u0000\u0000\u0000\u0000\u0000\u0000\u0000\u0000\u0000\u0000\u0000\u0000\u0000\u0000\u0000\u0000\u0000\u0000\u0000\u0000\u0000\u0000\u0000\u0000\u0000\u0000\u0000\u0000\u0000\u0000\u0000\u0000\u0000\u0000\u0000\u0000\u0000\u0000\u0000\u0000\u0000\u0000\u0000\u0000\u0000\u0000\u0000\u0000\u0000\u0000\u0000\u0000\u0000\u0000\u0000\u0000\u0000\u0000\u0000\u0000\u0000\u0000\u0000\u0000\u0000\u0000\u0000\u0000\u0000\u0000\u0000\u0000\u0000\u0000\u0000\u0000\u0000\u0000\u0000\u0000\u0000\u0000\u0000\u0000\u0000\u0000\u0000\u0000\u0000\u0000\u0000\u0000\u0000\u0000\u0000\u0000\u0000\u0000\u0000\u0000\u0000\u0000\u0000\u0000\u0000\u0000\u0000\u0000\u0000\u0000\u0000\u0000\u0000\u0000\u0000\u0000\u0000\u0000\u0000\u0000\u0000\u0000\u0000\u0000\u0000\u0000\u0000\u0000\u0000\u0000\u0000\u0000\u0000\u0000\u0000\u0000\u0000\u0000\u0000\u0000\u0000\u0000\u0000\u0000\u0000\u0000\u0000\u0000\u0000\u0000\u0000\u0000\u0000\u0000\u0000\u0000\u0000\u0000\u0000\u0000\u0000\u0000\u0000\u0000\u0000\u0000\u0000\u0000\u0000\u0000\u0000\u0000\u0000\u0000\u0000\u0000\u0000\u0000\u0000\u0000\u0000\u0000\u0000\u0000\u0000\u0000\u0000\u0000\u0000\u0000\u0000\u0000\u0000\u0000\u0000\u0000\u0000\u0000\u0000\u0000\u0000...","values":["\u0000\u0000\u0000\u0000\u0000\u0000\u0000\u0000\u0000\u0000\u0000\u0000\u0000\u0000\u0000\u0000\u0000\u0000\u0000\u0000\u0000\u0000\u0000\u0000\u0000\u0000\u0000\u0000\u0000\u0000\u0000\u0000\u0000\u0000\u0000\u0000\u0000\u0000\u0000\u0000\u0000\u0000\u0000\u0000\u0000\u0000\u0000\u0000\u0000\u0000\u0000\u0000\u0000\u0000\u0000\u0000\u0000\u0000\u0000\u0000\u0000\u0000\u0000\u0000\u0000\u0000\u0000\u0000\u0000\u0000\u0000\u0000\u0000\u0000\u0000\u0000\u0000\u0000\u0000\u0000\u0000\u0000\u0000\u0000\u0000\u0000\u0000\u0000\u0000\u0000\u0000\u0000\u0000\u0000\u0000\u0000\u0000\u0000\u0000\u0000\u0000\u0000\u0000\u0000\u0000\u0000\u0000\u0000\u0000\u0000\u0000\u0000\u0000\u0000\u0000\u0000\u0000\u0000\u0000\u0000\u0000\u0000\u0000\u0000\u0000\u0000\u0000\u0000\u0000\u0000\u0000\u0000\u0000\u0000\u0000\u0000\u0000\u0000\u0000\u0000\u0000\u0000\u0000\u0000\u0000\u0000\u0000\u0000\u0000\u0000\u0000\u0000\u0000\u0000\u0000\u0000\u0000\u0000\u0000\u0000\u0000\u0000\u0000\u0000\u0000\u0000\u0000\u0000\u0000\u0000\u0000\u0000\u0000\u0000\u0000\u0000\u0000\u0000\u0000\u0000\u0000\u0000\u0000\u0000\u0000\u0000\u0000\u0000\u0000\u0000\u0000\u0000\u0000\u0000\u0000\u0000\u0000\u0000\u0000\u0000\u0000\u0000\u0000\u0000\u0000\u0000\u0000\u0000\u0000\u0000\u0000\u0000\u0000\u0000\u0000\u0000\u0000\u0000\u0000\u0000\u0000\u0000\u0000\u0000\u0000\u0000\u0000\u0000\u0000\u0000\u0000\u0000\u0000\u0000\u0000\u0000\u0000\u0000\u0000\u0000\u0000\u0000\u0000\u0000\u0000\u0000\u0000\u0000\u0000\u0000\u0000\u0000\u0000\u0000\u0000\u0000\u0000\u0000\u0000\u0000\u0000\u0000\u0000\u0000\u0000\u0000\u0000\u0000\u0000\u0000\u0000\u0000\u0000\u0000\u0000\u0000\u0000\u0000\u0000\u0000\u0000\u0000\u0000\u0000\u0000\u0000\u0000\u0000\u0000\u0000\u0000\u0000\u0000\u0000\u0000\u0000\u0000\u0000\u0000\u0000\u0000\u0000\u0000\u0000\u0000\u0000\u0000\u0000\u0000\u0000\u0000\u0000\u0000\u0000\u0000\u0000\u0000\u0000\u0000\u0000..."],"tooltip":"copy value","truncatable":false,"jumpToDefinition":{"file":"certora/specs/Vault.spec","start":{"line":245,"col":5},"end":{"line":245,"col":22}},"childrenList":[],"uiId":2},{"variableName":"e","childrenList":[{"variableName":"msg","childrenList":[{"variableName":"sender","value":"0x2f1e","values":["0x2f1e","0x2f1e","0x2f1e"],"tooltip":"copy value","truncatable":true,"jumpToDefinition":{"file":"certora/specs/Vault.spec","start":{"line":236,"col":34},"end":{"line":236,"col":39}},"childrenList":[],"uiId":23},{"variableName":"value","value":"0x0","values":["0x0","0","0x0"],"tooltip":"copy value","truncatable":true,"jumpToDefinition":{"file":"certora/specs/Vault.spec","start":{"line":236,"col":34},"end":{"line":236,"col":39}},"childrenList":[],"uiId":24}],"uiId":13},{"variableName":"tx","childrenList":[{"variableName":"origin","value":"0x0","values":["0x0","0x0","0x0"],"tooltip":"copy value","truncatable":true,"jumpToDefinition":{"file":"certora/specs/Vault.spec","start":{"line":236,"col":34},"end":{"line":236,"col":39}},"childrenList":[],"uiId":25}],"uiId":14},{"variableName":"block","childrenList":[{"variableName":"basefee","value":"0x0","values":["0x0","0","0x0"],"tooltip":"copy value","truncatable":true,"jumpToDefinition":{"file":"certora/specs/Vault.spec","start":{"line":236,"col":34},"end":{"line":236,"col":39}},"childrenList":[],"uiId":26},{"variableName":"blobbasefee","value":"0x0","values":["0x0","0","0x0"],"tooltip":"copy value","truncatable":true,"jumpToDefinition":{"file":"certora/specs/Vault.spec","start":{"line":236,"col":34},"end":{"line":236,"col":39}},"childrenList":[],"uiId":27},{"variableName":"coinbase","value":"0x0","values":["0x0","0x0","0x0"],"tooltip":"copy value","truncatable":true,"jumpToDefinition":{"file":"certora/specs/Vault.spec","start":{"line":236,"col":34},"end":{"line":236,"col":39}},"childrenList":[],"uiId":28},{"variableName":"difficulty","value":"0x0","values":["0x0","0","0x0"],"tooltip":"copy value","truncatable":true,"jumpToDefinition":{"file":"certora/specs/Vault.spec","start":{"line":236,"col":34},"end":{"line":236,"col":39}},"childrenList":[],"uiId":29},{"variableName":"gaslimit","value":"0x0","values":["0x0","0","0x0"],"tooltip":"copy value","truncatable":true,"jumpToDefinition":{"file":"certora/specs/Vault.spec","start":{"line":236,"col":34},"end":{"line":236,"col":39}},"childrenList":[],"uiId":30},{"variableName":"number","value":"0x0","values":["0x0","0","0x0"],"tooltip":"copy value","truncatable":true,"jumpToDefinition":{"file":"certora/specs/Vault.spec","start":{"line":236,"col":34},"end":{"line":236,"col":39}},"childrenList":[],"uiId":31},{"variableName":"timestamp","value":"0x0","values":["0x0","0","0x0"],"tooltip":"copy value","truncatable":true,"jumpToDefinition":{"file":"certora/specs/Vault.spec","start":{"line":236,"col":34},"end":{"line":236,"col":39}},"childrenList":[],"uiId":32}],"uiId":15}],"uiId":3},{"variableName":"f","childrenList":[{"variableName":"selector","value":"0xb6b55f25","values":["0xb6b55f25","3065339685","0xb6b55f25"],"tooltip":"copy value","truncatable":true,"jumpToDefinition":{"file":"certora/specs/Vault.spec","start":{"line":236,"col":41},"end":{"line":236,"col":49}},"childrenList":[],"uiId":16},{"variableName":"isPure","value":"false","values":["false"],"tooltip":"copy value","truncatable":false,"jumpToDefinition":{"file":"certora/specs/Vault.spec","start":{"line":236,"col":41},"end":{"line":236,"col":49}},"childrenList":[],"uiId":17},{"variableName":"isView","value":"false","values":["false"],"tooltip":"copy value","truncatable":false,"jumpToDefinition":{"file":"certora/specs/Vault.spec","start":{"line":236,"col":41},"end":{"line":236,"col":49}},"childrenList":[],"uiId":18},{"variableName":"isPayable","value":"false","values":["false"],"tooltip":"copy value","truncatable":false,"jumpToDefinition":{"file":"certora/specs/Vault.spec","start":{"line":236,"col":41},"end":{"line":236,"col":49}},"childrenList":[],"uiId":19},{"variableName":"numberOfArguments","value":"0x1","values":["0x1","1","0x1"],"tooltip":"copy value","truncatable":true,"jumpToDefinition":{"file":"certora/specs/Vault.spec","start":{"line":236,"col":41},"end":{"line":236,"col":49}},"childrenList":[],"uiId":20},{"variableName":"isFallback","value":"false","values":["false"],"tooltip":"copy value","truncatable":false,"jumpToDefinition":{"file":"certora/specs/Vault.spec","start":{"line":236,"col":41},"end":{"line":236,"col":49}},"childrenList":[],"uiId":21},{"variableName":"contract","value":"CVX_CRV_YieldSource","values":["CVX_CRV_YieldSource","CVX_CRV_YieldSource","0x2f20"],"tooltip":"copy value","truncatable":false,"jumpToDefinition":{"file":"certora/specs/Vault.spec","start":{"line":236,"col":41},"end":{"line":236,"col":49}},"childrenList":[],"uiId":22}],"uiId":4},{"variableName":"vaultBalanceBefore","value":"0x0","values":["0x0","0","0x0"],"tooltip":"copy value","truncatable":true,"jumpToDefinition":{"file":"certora/specs/Vault.spec","start":{"line":242,"col":5},"end":{"line":242,"col":31}},"childrenList":[],"uiId":5},{"variableName":"surplusBefore","value":"0x0","values":["0x0","0","0x0"],"tooltip":"copy value","truncatable":true,"jumpToDefinition":{"file":"certora/specs/Vault.spec","start":{"line":243,"col":5},"end":{"line":243,"col":26}},"childrenList":[],"uiId":6},{"variableName":"CVX_CRV_YieldSource","value":"0x2f20","values":["0x2f20","0x2f20","0x2f20"],"tooltip":"copy value","truncatable":true,"jumpToDefinition":{"file":"src/yieldSource/CVX_CRV_YieldSource.sol","start":{"line":72,"col":1},"end":{"line":536,"col":2}},"childrenList":[],"uiId":7},{"variableName":"MockERC20","value":"0x2f21","values":["0x2f21","0x2f21","0x2f21"],"tooltip":"copy value","truncatable":true,"jumpToDefinition":{"file":"test/mocks/Mocks.sol","start":{"line":9,"col":1},"end":{"line":52,"col":2}},"childrenList":[],"uiId":8},{"variableName":"ecrecover","value":"0x1","values":["0x1","0x1","0x1"],"tooltip":"copy value","truncatable":true,"jumpToDefinition":null,"childrenList":[],"uiId":9},{"variableName":"sha256","value":"0x2","values":["0x2","0x2","0x2"],"tooltip":"copy value","truncatable":true,"jumpToDefinition":null,"childrenList":[],"uiId":10},{"variableName":"identity","value":"0x4","values":["0x4","0x4","0x4"],"tooltip":"copy value","truncatable":true,"jumpToDefinition":null,"childrenList":[],"uiId":11},{"variableName":"Vault","value":"0x2f22","values":["0x2f22","0x2f22","0x2f22"],"tooltip":"copy value","truncatable":true,"jumpToDefinition":{"file":"src/vault/Vault.sol","start":{"line":61,"col":1},"end":{"line":463,"col":2}},"childrenList":[],"uiId":12}]}