[{"uiId":0,"label":"verification phase: finished checking rule (attempted 1 splits, proved a total weighing 0 %)","value":null,"children":[],"jumpToDefinition":null,"severity":0,"hSev":0},{"uiId":1,"label":"path count","value":"approx. 2^15","children":[],"jumpToDefinition":null,"severity":1,"hSev":0},{"uiId":2,"label":"nonlinearity","value":"nonlinear ops: 2\nmax polyn. degree: 2","children":[],"jumpToDefinition":null,"severity":1,"hSev":0},{"uiId":3,"label":"memory complexity","value":"memory updates: 259\nlongest update sequence: 69","children":[],"jumpToDefinition":null,"severity":2,"hSev":0,"link":"https://docs.certora.com/en/latest/docs/user-guide/out-of-resources/timeout.html#high-memory-complexity"},{"uiId":4,"label":"path count hotspots","value":null,"children":[{"uiId":5,"label":"function: (internal) CVX_CRV_YieldSource._updateOracle","value":"contrib. to branching: 33 %","children":[],"jumpToDefinition":{"file":"src/yieldSource/CVX_CRV_YieldSource.sol","start":{"line":200,"col":5},"end":{"line":222,"col":6}},"severity":0,"hSev":0},{"uiId":6,"label":"function: (internal) CVX_CRV_YieldSource._withdrawFromProtocol","value":"contrib. to branching: 20 %","children":[],"jumpToDefinition":{"file":"src/yieldSource/CVX_CRV_YieldSource.sol","start":{"line":290,"col":5},"end":{"line":360,"col":6}},"severity":0,"hSev":0},{"uiId":7,"label":"function: (internal) CVX_CRV_YieldSource._claimAndSellRewards","value":"contrib. to branching: 6 %","children":[],"jumpToDefinition":{"file":"src/yieldSource/CVX_CRV_YieldSource.sol","start":{"line":452,"col":5},"end":{"line":471,"col":6}},"severity":0,"hSev":0}],"jumpToDefinition":null,"severity":0,"hSev":0},{"uiId":8,"label":"nonlinearity hotspots","value":null,"children":[{"uiId":9,"label":"function: (internal) CVX_CRV_YieldSource._sellRewardToken","value":"contrib. to nonlinear ops: 50 % \ncontrib. to max polyn. degree: 0 %","children":[],"jumpToDefinition":null,"severity":0,"hSev":0},{"uiId":10,"label":"function: (internal) CVX_CRV_YieldSource._withdrawFromProtocol","value":"contrib. to nonlinear ops: 50 % \ncontrib. to max polyn. degree: 0 %","children":[],"jumpToDefinition":{"file":"src/yieldSource/CVX_CRV_YieldSource.sol","start":{"line":290,"col":5},"end":{"line":360,"col":6}},"severity":0,"hSev":0}],"jumpToDefinition":null,"severity":0,"hSev":0},{"uiId":11,"label":"per call stats","value":null,"children":[{"uiId":12,"label":"call #1: MockERC20.balanceOf","value":null,"children":[{"uiId":13,"label":"path count","value":"1","children":[],"jumpToDefinition":null,"severity":0,"hSev":0},{"uiId":14,"label":"#nonlinear operations","value":"0","children":[],"jumpToDefinition":null,"severity":0,"hSev":0},{"uiId":15,"label":"longest loop","value":"0","children":[],"jumpToDefinition":null,"severity":0,"hSev":0},{"uiId":16,"label":"#loops","value":"0","children":[],"jumpToDefinition":null,"severity":0,"hSev":0}],"jumpToDefinition":{"file":"test/mocks/Mocks.sol","start":{"line":16,"col":5},"end":{"line":16,"col":49}},"severity":0,"hSev":0},{"uiId":17,"label":"call #2: Vault.surplusInputToken","value":null,"children":[{"uiId":18,"label":"path count","value":"1","children":[],"jumpToDefinition":null,"severity":0,"hSev":0},{"uiId":19,"label":"#nonlinear operations","value":"0","children":[],"jumpToDefinition":null,"severity":0,"hSev":0},{"uiId":20,"label":"longest loop","value":"0","children":[],"jumpToDefinition":null,"severity":0,"hSev":0},{"uiId":21,"label":"#loops","value":"0","children":[],"jumpToDefinition":null,"severity":0,"hSev":0}],"jumpToDefinition":{"file":"src/vault/Vault.sol","start":{"line":87,"col":5},"end":{"line":87,"col":37}},"severity":0,"hSev":0},{"uiId":22,"label":"call #3: CVX_CRV_YieldSource.withdraw","value":null,"children":[{"uiId":23,"label":"path count","value":"approx. 2^15","children":[],"jumpToDefinition":null,"severity":0,"hSev":0},{"uiId":24,"label":"#nonlinear operations","value":"2","children":[],"jumpToDefinition":null,"severity":0,"hSev":0},{"uiId":25,"label":"longest loop","value":"0","children":[],"jumpToDefinition":null,"severity":0,"hSev":0},{"uiId":26,"label":"#loops","value":"0","children":[],"jumpToDefinition":null,"severity":0,"hSev":0},{"uiId":27,"label":"callees","value":null,"children":[{"uiId":28,"label":"call #413: (internal) CVX_CRV_YieldSource._updateOracle","value":null,"children":[{"uiId":29,"label":"path count","value":"50","children":[],"jumpToDefinition":null,"severity":0,"hSev":0},{"uiId":30,"label":"#nonlinear operations","value":"0","children":[],"jumpToDefinition":null,"severity":0,"hSev":0},{"uiId":31,"label":"longest loop","value":"1","children":[],"jumpToDefinition":null,"severity":0,"hSev":0},{"uiId":32,"label":"#loops","value":"2","children":[],"jumpToDefinition":null,"severity":0,"hSev":0}],"jumpToDefinition":{"file":"src/yieldSource/CVX_CRV_YieldSource.sol","start":{"line":200,"col":5},"end":{"line":222,"col":6}},"severity":0,"hSev":0},{"uiId":33,"label":"call #414: (internal) CVX_CRV_YieldSource._withdrawFromProtocol","value":null,"children":[{"uiId":34,"label":"path count","value":"approx. 2^10","children":[],"jumpToDefinition":null,"severity":0,"hSev":0},{"uiId":35,"label":"#nonlinear operations","value":"2","children":[],"jumpToDefinition":null,"severity":0,"hSev":0},{"uiId":36,"label":"longest loop","value":"1","children":[],"jumpToDefinition":null,"severity":0,"hSev":0},{"uiId":37,"label":"#loops","value":"2","children":[],"jumpToDefinition":null,"severity":0,"hSev":0},{"uiId":38,"label":"callees","value":null,"children":[{"uiId":39,"label":"call #9: MockERC20.approve","value":null,"children":[{"uiId":40,"label":"path count","value":"1","children":[],"jumpToDefinition":null,"severity":0,"hSev":0},{"uiId":41,"label":"#nonlinear operations","value":"0","children":[],"jumpToDefinition":null,"severity":0,"hSev":0},{"uiId":42,"label":"longest loop","value":"0","children":[],"jumpToDefinition":null,"severity":0,"hSev":0},{"uiId":43,"label":"#loops","value":"0","children":[],"jumpToDefinition":null,"severity":0,"hSev":0}],"jumpToDefinition":{"file":"test/mocks/Mocks.sol","start":{"line":31,"col":5},"end":{"line":35,"col":6}},"severity":0,"hSev":0},{"uiId":44,"label":"call #415: (internal) CVX_CRV_YieldSource._claimAndSellRewards","value":null,"children":[{"uiId":45,"label":"path count","value":"21","children":[],"jumpToDefinition":null,"severity":0,"hSev":0},{"uiId":46,"label":"#nonlinear operations","value":"1","children":[],"jumpToDefinition":null,"severity":0,"hSev":0},{"uiId":47,"label":"longest loop","value":"1","children":[],"jumpToDefinition":null,"severity":0,"hSev":0},{"uiId":48,"label":"#loops","value":"1","children":[],"jumpToDefinition":null,"severity":0,"hSev":0},{"uiId":49,"label":"callees","value":null,"children":[{"uiId":50,"label":"call #7: MockERC20.balanceOf","value":null,"children":[{"uiId":51,"label":"path count","value":"1","children":[],"jumpToDefinition":null,"severity":0,"hSev":0},{"uiId":52,"label":"#nonlinear operations","value":"0","children":[],"jumpToDefinition":null,"severity":0,"hSev":0},{"uiId":53,"label":"longest loop","value":"0","children":[],"jumpToDefinition":null,"severity":0,"hSev":0},{"uiId":54,"label":"#loops","value":"0","children":[],"jumpToDefinition":null,"severity":0,"hSev":0}],"jumpToDefinition":{"file":"test/mocks/Mocks.sol","start":{"line":16,"col":5},"end":{"line":16,"col":49}},"severity":0,"hSev":0},{"uiId":55,"label":"call #416: (internal) CVX_CRV_YieldSource._sellRewardToken","value":null,"children":[{"uiId":56,"label":"path count","value":"2","children":[],"jumpToDefinition":null,"severity":0,"hSev":0},{"uiId":57,"label":"#nonlinear operations","value":"1","children":[],"jumpToDefinition":null,"severity":0,"hSev":0},{"uiId":58,"label":"longest loop","value":"0","children":[],"jumpToDefinition":null,"severity":0,"hSev":0},{"uiId":59,"label":"#loops","value":"0","children":[],"jumpToDefinition":null,"severity":0,"hSev":0},{"uiId":60,"label":"callees","value":null,"children":[{"uiId":61,"label":"call #8: MockERC20.approve","value":null,"children":[{"uiId":62,"label":"path count","value":"1","children":[],"jumpToDefinition":null,"severity":0,"hSev":0},{"uiId":63,"label":"#nonlinear operations","value":"0","children":[],"jumpToDefinition":null,"severity":0,"hSev":0},{"uiId":64,"label":"longest loop","value":"0","children":[],"jumpToDefinition":null,"severity":0,"hSev":0},{"uiId":65,"label":"#loops","value":"0","children":[],"jumpToDefinition":null,"severity":0,"hSev":0}],"jumpToDefinition":{"file":"test/mocks/Mocks.sol","start":{"line":31,"col":5},"end":{"line":35,"col":6}},"severity":0,"hSev":0}],"jumpToDefinition":null,"severity":0,"hSev":0}],"jumpToDefinition":null,"severity":0,"hSev":0},{"uiId":66,"label":"call #417: (internal) CVX_CRV_YieldSource._getFlaxValue","value":null,"children":[{"uiId":67,"label":"path count","value":"2","children":[],"jumpToDefinition":null,"severity":0,"hSev":0},{"uiId":68,"label":"#nonlinear operations","value":"0","children":[],"jumpToDefinition":null,"severity":0,"hSev":0},{"uiId":69,"label":"longest loop","value":"0","children":[],"jumpToDefinition":null,"severity":0,"hSev":0},{"uiId":70,"label":"#loops","value":"0","children":[],"jumpToDefinition":null,"severity":0,"hSev":0}],"jumpToDefinition":{"file":"src/yieldSource/CVX_CRV_YieldSource.sol","start":{"line":439,"col":5},"end":{"line":445,"col":6}},"severity":0,"hSev":0}],"jumpToDefinition":null,"severity":0,"hSev":0}],"jumpToDefinition":{"file":"src/yieldSource/CVX_CRV_YieldSource.sol","start":{"line":452,"col":5},"end":{"line":471,"col":6}},"severity":0,"hSev":0}],"jumpToDefinition":null,"severity":0,"hSev":0}],"jumpToDefinition":{"file":"src/yieldSource/CVX_CRV_YieldSource.sol","start":{"line":290,"col":5},"end":{"line":360,"col":6}},"severity":0,"hSev":0},{"uiId":71,"label":"call #418: (internal) CVX_CRV_YieldSource.safeTransfer","value":null,"children":[{"uiId":72,"label":"path count","value":"1","children":[],"jumpToDefinition":null,"severity":0,"hSev":0},{"uiId":73,"label":"#nonlinear operations","value":"0","children":[],"jumpToDefinition":null,"severity":0,"hSev":0},{"uiId":74,"label":"longest loop","value":"0","children":[],"jumpToDefinition":null,"severity":0,"hSev":0},{"uiId":75,"label":"#loops","value":"0","children":[],"jumpToDefinition":null,"severity":0,"hSev":0},{"uiId":76,"label":"callees","value":null,"children":[{"uiId":77,"label":"call #419: (internal) CVX_CRV_YieldSource._callOptionalReturn","value":null,"children":[{"uiId":78,"label":"path count","value":"1","children":[],"jumpToDefinition":null,"severity":0,"hSev":0},{"uiId":79,"label":"#nonlinear operations","value":"0","children":[],"jumpToDefinition":null,"severity":0,"hSev":0},{"uiId":80,"label":"longest loop","value":"0","children":[],"jumpToDefinition":null,"severity":0,"hSev":0},{"uiId":81,"label":"#loops","value":"0","children":[],"jumpToDefinition":null,"severity":0,"hSev":0},{"uiId":82,"label":"callees","value":null,"children":[{"uiId":83,"label":"call #4: MockERC20.transfer","value":null,"children":[{"uiId":84,"label":"path count","value":"1","children":[],"jumpToDefinition":null,"severity":0,"hSev":0},{"uiId":85,"label":"#nonlinear operations","value":"0","children":[],"jumpToDefinition":null,"severity":0,"hSev":0},{"uiId":86,"label":"longest loop","value":"0","children":[],"jumpToDefinition":null,"severity":0,"hSev":0},{"uiId":87,"label":"#loops","value":"0","children":[],"jumpToDefinition":null,"severity":0,"hSev":0}],"jumpToDefinition":{"file":"test/mocks/Mocks.sol","start":{"line":37,"col":5},"end":{"line":42,"col":6}},"severity":0,"hSev":0}],"jumpToDefinition":null,"severity":0,"hSev":0}],"jumpToDefinition":{"file":"lib/oz_reflax/token/ERC20/utils/SafeERC20.sol","start":{"line":47,"col":5},"end":{"line":65,"col":6}},"severity":0,"hSev":0}],"jumpToDefinition":null,"severity":0,"hSev":0}],"jumpToDefinition":{"file":"src/yieldSource/CVX_CRV_YieldSource.sol","start":{"line":72,"col":1},"end":{"line":536,"col":2}},"severity":0,"hSev":0}],"jumpToDefinition":null,"severity":0,"hSev":0}],"jumpToDefinition":{"file":"src/yieldSource/AYieldSource.sol","start":{"line":180,"col":5},"end":{"line":192,"col":6}},"severity":0,"hSev":0},{"uiId":88,"label":"call #5: MockERC20.balanceOf","value":null,"children":[{"uiId":89,"label":"path count","value":"1","children":[],"jumpToDefinition":null,"severity":0,"hSev":0},{"uiId":90,"label":"#nonlinear operations","value":"0","children":[],"jumpToDefinition":null,"severity":0,"hSev":0},{"uiId":91,"label":"longest loop","value":"0","children":[],"jumpToDefinition":null,"severity":0,"hSev":0},{"uiId":92,"label":"#loops","value":"0","children":[],"jumpToDefinition":null,"severity":0,"hSev":0}],"jumpToDefinition":{"file":"test/mocks/Mocks.sol","start":{"line":16,"col":5},"end":{"line":16,"col":49}},"severity":0,"hSev":0},{"uiId":93,"label":"call #6: Vault.surplusInputToken","value":null,"children":[{"uiId":94,"label":"path count","value":"1","children":[],"jumpToDefinition":null,"severity":0,"hSev":0},{"uiId":95,"label":"#nonlinear operations","value":"0","children":[],"jumpToDefinition":null,"severity":0,"hSev":0},{"uiId":96,"label":"longest loop","value":"0","children":[],"jumpToDefinition":null,"severity":0,"hSev":0},{"uiId":97,"label":"#loops","value":"0","children":[],"jumpToDefinition":null,"severity":0,"hSev":0}],"jumpToDefinition":{"file":"src/vault/Vault.sol","start":{"line":87,"col":5},"end":{"line":87,"col":37}},"severity":0,"hSev":0}],"jumpToDefinition":null,"severity":0,"hSev":0}]