[{"uiId":0,"label":"verification phase: finished checking rule (attempted 1 splits, proved a total weighing 100 %)","value":null,"children":[],"jumpToDefinition":null,"severity":0,"hSev":0},{"uiId":1,"label":"path count","value":"2","children":[],"jumpToDefinition":null,"severity":1,"hSev":0},{"uiId":2,"label":"nonlinearity","value":"nonlinear ops: 0\nmax polyn. degree: 1","children":[],"jumpToDefinition":null,"severity":1,"hSev":0},{"uiId":3,"label":"memory complexity","value":"memory updates: 38\nlongest update sequence: 5","children":[],"jumpToDefinition":null,"severity":1,"hSev":0},{"uiId":4,"label":"path count hotspots","value":null,"children":[],"jumpToDefinition":null,"severity":0,"hSev":0},{"uiId":5,"label":"per call stats","value":null,"children":[{"uiId":6,"label":"call #1: Vault.rebaseMultiplier","value":null,"children":[{"uiId":7,"label":"path count","value":"1","children":[],"jumpToDefinition":null,"severity":0,"hSev":0},{"uiId":8,"label":"#nonlinear operations","value":"0","children":[],"jumpToDefinition":null,"severity":0,"hSev":0},{"uiId":9,"label":"longest loop","value":"0","children":[],"jumpToDefinition":null,"severity":0,"hSev":0},{"uiId":10,"label":"#loops","value":"0","children":[],"jumpToDefinition":null,"severity":0,"hSev":0}],"jumpToDefinition":{"file":"src/vault/Vault.sol","start":{"line":97,"col":5},"end":{"line":97,"col":36}},"severity":0,"hSev":0},{"uiId":11,"label":"call #2: Vault.rebaseMultiplier","value":null,"children":[{"uiId":12,"label":"path count","value":"1","children":[],"jumpToDefinition":null,"severity":0,"hSev":0},{"uiId":13,"label":"#nonlinear operations","value":"0","children":[],"jumpToDefinition":null,"severity":0,"hSev":0},{"uiId":14,"label":"longest loop","value":"0","children":[],"jumpToDefinition":null,"severity":0,"hSev":0},{"uiId":15,"label":"#loops","value":"0","children":[],"jumpToDefinition":null,"severity":0,"hSev":0}],"jumpToDefinition":{"file":"src/vault/Vault.sol","start":{"line":97,"col":5},"end":{"line":97,"col":36}},"severity":0,"hSev":0},{"uiId":16,"label":"call #3: Vault.rebaseMultiplier","value":null,"children":[{"uiId":17,"label":"path count","value":"1","children":[],"jumpToDefinition":null,"severity":0,"hSev":0},{"uiId":18,"label":"#nonlinear operations","value":"0","children":[],"jumpToDefinition":null,"severity":0,"hSev":0},{"uiId":19,"label":"longest loop","value":"0","children":[],"jumpToDefinition":null,"severity":0,"hSev":0},{"uiId":20,"label":"#loops","value":"0","children":[],"jumpToDefinition":null,"severity":0,"hSev":0}],"jumpToDefinition":{"file":"src/vault/Vault.sol","start":{"line":97,"col":5},"end":{"line":97,"col":36}},"severity":0,"hSev":0},{"uiId":21,"label":"call #4: Vault.emergencyWithdraw","value":null,"children":[{"uiId":22,"label":"path count","value":"2","children":[],"jumpToDefinition":null,"severity":0,"hSev":0},{"uiId":23,"label":"#nonlinear operations","value":"0","children":[],"jumpToDefinition":null,"severity":0,"hSev":0},{"uiId":24,"label":"longest loop","value":"0","children":[],"jumpToDefinition":null,"severity":0,"hSev":0},{"uiId":25,"label":"#loops","value":"0","children":[],"jumpToDefinition":null,"severity":0,"hSev":0},{"uiId":26,"label":"callees","value":null,"children":[{"uiId":27,"label":"call #269: (internal) Vault._checkOwner","value":null,"children":[{"uiId":28,"label":"path count","value":"1","children":[],"jumpToDefinition":null,"severity":0,"hSev":0},{"uiId":29,"label":"#nonlinear operations","value":"0","children":[],"jumpToDefinition":null,"severity":0,"hSev":0},{"uiId":30,"label":"longest loop","value":"0","children":[],"jumpToDefinition":null,"severity":0,"hSev":0},{"uiId":31,"label":"#loops","value":"0","children":[],"jumpToDefinition":null,"severity":0,"hSev":0},{"uiId":32,"label":"callees","value":null,"children":[{"uiId":33,"label":"call #270: (internal) Vault.owner","value":null,"children":[{"uiId":34,"label":"path count","value":"1","children":[],"jumpToDefinition":null,"severity":0,"hSev":0},{"uiId":35,"label":"#nonlinear operations","value":"0","children":[],"jumpToDefinition":null,"severity":0,"hSev":0},{"uiId":36,"label":"longest loop","value":"0","children":[],"jumpToDefinition":null,"severity":0,"hSev":0},{"uiId":37,"label":"#loops","value":"0","children":[],"jumpToDefinition":null,"severity":0,"hSev":0}],"jumpToDefinition":{"file":"src/vault/Vault.sol","start":{"line":61,"col":1},"end":{"line":463,"col":2}},"severity":0,"hSev":0}],"jumpToDefinition":null,"severity":0,"hSev":0}],"jumpToDefinition":{"file":"lib/oz_reflax/access/Ownable.sol","start":{"line":61,"col":5},"end":{"line":65,"col":6}},"severity":0,"hSev":0},{"uiId":38,"label":"call #271: (internal) Vault.safeTransfer","value":null,"children":[{"uiId":39,"label":"path count","value":"1","children":[],"jumpToDefinition":null,"severity":0,"hSev":0},{"uiId":40,"label":"#nonlinear operations","value":"0","children":[],"jumpToDefinition":null,"severity":0,"hSev":0},{"uiId":41,"label":"longest loop","value":"0","children":[],"jumpToDefinition":null,"severity":0,"hSev":0},{"uiId":42,"label":"#loops","value":"0","children":[],"jumpToDefinition":null,"severity":0,"hSev":0},{"uiId":43,"label":"callees","value":null,"children":[{"uiId":44,"label":"call #272: (internal) Vault._callOptionalReturn","value":null,"children":[{"uiId":45,"label":"path count","value":"1","children":[],"jumpToDefinition":null,"severity":0,"hSev":0},{"uiId":46,"label":"#nonlinear operations","value":"0","children":[],"jumpToDefinition":null,"severity":0,"hSev":0},{"uiId":47,"label":"longest loop","value":"0","children":[],"jumpToDefinition":null,"severity":0,"hSev":0},{"uiId":48,"label":"#loops","value":"0","children":[],"jumpToDefinition":null,"severity":0,"hSev":0},{"uiId":49,"label":"callees","value":null,"children":[{"uiId":50,"label":"call #7: MockERC20.transfer","value":null,"children":[{"uiId":51,"label":"path count","value":"1","children":[],"jumpToDefinition":null,"severity":0,"hSev":0},{"uiId":52,"label":"#nonlinear operations","value":"0","children":[],"jumpToDefinition":null,"severity":0,"hSev":0},{"uiId":53,"label":"longest loop","value":"0","children":[],"jumpToDefinition":null,"severity":0,"hSev":0},{"uiId":54,"label":"#loops","value":"0","children":[],"jumpToDefinition":null,"severity":0,"hSev":0}],"jumpToDefinition":{"file":"test/mocks/Mocks.sol","start":{"line":37,"col":5},"end":{"line":42,"col":6}},"severity":0,"hSev":0}],"jumpToDefinition":null,"severity":0,"hSev":0}],"jumpToDefinition":{"file":"lib/oz_reflax/token/ERC20/utils/SafeERC20.sol","start":{"line":47,"col":5},"end":{"line":65,"col":6}},"severity":0,"hSev":0}],"jumpToDefinition":null,"severity":0,"hSev":0}],"jumpToDefinition":{"file":"src/vault/Vault.sol","start":{"line":61,"col":1},"end":{"line":463,"col":2}},"severity":0,"hSev":0},{"uiId":55,"label":"call #6: MockERC20.balanceOf","value":null,"children":[{"uiId":56,"label":"path count","value":"1","children":[],"jumpToDefinition":null,"severity":0,"hSev":0},{"uiId":57,"label":"#nonlinear operations","value":"0","children":[],"jumpToDefinition":null,"severity":0,"hSev":0},{"uiId":58,"label":"longest loop","value":"0","children":[],"jumpToDefinition":null,"severity":0,"hSev":0},{"uiId":59,"label":"#loops","value":"0","children":[],"jumpToDefinition":null,"severity":0,"hSev":0}],"jumpToDefinition":{"file":"test/mocks/Mocks.sol","start":{"line":16,"col":5},"end":{"line":16,"col":49}},"severity":0,"hSev":0}],"jumpToDefinition":null,"severity":0,"hSev":0}],"jumpToDefinition":{"file":"src/vault/Vault.sol","start":{"line":399,"col":5},"end":{"line":409,"col":6}},"severity":0,"hSev":0},{"uiId":60,"label":"call #8: Vault.rebaseMultiplier","value":null,"children":[{"uiId":61,"label":"path count","value":"1","children":[],"jumpToDefinition":null,"severity":0,"hSev":0},{"uiId":62,"label":"#nonlinear operations","value":"0","children":[],"jumpToDefinition":null,"severity":0,"hSev":0},{"uiId":63,"label":"longest loop","value":"0","children":[],"jumpToDefinition":null,"severity":0,"hSev":0},{"uiId":64,"label":"#loops","value":"0","children":[],"jumpToDefinition":null,"severity":0,"hSev":0}],"jumpToDefinition":{"file":"src/vault/Vault.sol","start":{"line":97,"col":5},"end":{"line":97,"col":36}},"severity":0,"hSev":0}],"jumpToDefinition":null,"severity":0,"hSev":0}]