{"treeViewPath":"noUnauthorizedTokenOutflows-CVX_CRV_YieldSource-CVX_CRV_YieldSource.oracle()","graph_link":"PresolverRule-noUnauthorizedTokenOutflows-CVX_CRV_YieldSource-CVX_CRV_YieldSource.oracleLPRP.html","jumpToDefinition":{"file":"src/yieldSource/AYieldSource.sol","start":{"line":29,"col":5},"end":{"line":29,"col":36}},"assertMessage":null,"valueRepresentations":[{"name":"PRETTY","example":"MAX_UINT8"},{"name":"DEC","example":"255"},{"name":"HEX","example":"0xff"}],"callResolution":[],"callResolutionWarnings":[]}