{"rules":[{"name":"depositIncreasesEffectiveBalance","children":[],"output":[],"uiId":6,"LiveCheckInfo":"rule_live_statistics_11.json","errors":[],"highestNotificationLevel":"none","jumpToDefinition":{"file":"certora/specs/Vault.spec","start":{"line":139,"col":1},"end":{"line":172,"col":2}},"nodeType":"ROOT","splitProgress":0,"status":"RUNNING","duration":0,"isRunning":true,"childrenTotalNum":null,"childrenFinishedNum":null},{"name":"depositWhenDisabledFails","children":[],"output":["rule_output_3.json"],"uiId":5,"LiveCheckInfo":"rule_live_statistics_3.json","errors":[{"severity":"info","message":"The rule result was successfully determined without running SMT solver (i.e. solely by static analysis) It is recommended to run with `--rule_sanity basic`"},{"severity":"info","message":"Rule depends on a `require` (`require rebaseMultiplier() == 0;`) without reason at Vault.spec:175:5. Be sure to carefully evaluate whether this `require` may hide relevant behaviors and document it with a reason."}],"highestNotificationLevel":"info","jumpToDefinition":{"file":"certora/specs/Vault.spec","start":{"line":174,"col":1},"end":{"line":180,"col":2}},"nodeType":"ROOT","splitProgress":null,"status":"VERIFIED","duration":0,"isRunning":false,"childrenTotalNum":null,"childrenFinishedNum":null},{"name":"emergencyStatePreventsFunctions","children":[],"output":["rule_output_18.json"],"uiId":26,"LiveCheckInfo":"rule_live_statistics_18.json","errors":[{"severity":"info","message":"The rule result was successfully determined without running SMT solver (i.e. solely by static analysis) It is recommended to run with `--rule_sanity basic`"},{"severity":"info","message":"Rule depends on a `require` (`require emergencyState();`) without reason at Vault.spec:359:5. Be sure to carefully evaluate whether this `require` may hide relevant behaviors and document it with a reason."}],"highestNotificationLevel":"info","jumpToDefinition":{"file":"certora/specs/Vault.spec","start":{"line":358,"col":1},"end":{"line":369,"col":2}},"nodeType":"ROOT","splitProgress":null,"status":"VERIFIED","duration":0,"isRunning":false,"childrenTotalNum":null,"childrenFinishedNum":null},{"name":"emergencyWithdrawalDisablesVault","children":[{"name":"Vault.rebaseMultiplier() == 0","children":[],"output":["rule_output_5.json"],"uiId":118,"LiveCheckInfo":null,"errors":[],"highestNotificationLevel":"none","jumpToDefinition":{"file":"certora/specs/Vault.spec","start":{"line":291,"col":9},"end":{"line":291,"col":40}},"nodeType":"VIOLATED_ASSERT","splitProgress":null,"status":"VIOLATED","duration":5,"isRunning":false,"childrenTotalNum":null,"childrenFinishedNum":null}],"output":["rule_output_5.json"],"uiId":8,"LiveCheckInfo":"rule_live_statistics_5.json","errors":[{"severity":"info","message":"Rule depends on a `require` (`require e.msg.sender == owner();`) without reason at Vault.spec:282:5. Be sure to carefully evaluate whether this `require` may hide relevant behaviors and document it with a reason."},{"severity":"info","message":"Rule depends on a `require` (`require emergencyState();`) without reason at Vault.spec:283:5. Be sure to carefully evaluate whether this `require` may hide relevant behaviors and document it with a reason."},{"severity":"warning","message":"Rule depends on a `require` (`require token == inputToken;`) without reason at Vault.spec:284:5 that affects an argument of a solidity call. Be sure to carefully evaluate whether this `require` may hide relevant behaviors and document it with a reason."},{"severity":"info","message":"Rule depends on a `require` (`require totalDeposits() > 0;`) without reason at Vault.spec:285:5. Be sure to carefully evaluate whether this `require` may hide relevant behaviors and document it with a reason."},{"severity":"info","message":"Rule depends on a `require` (`require rebaseMultiplier() == 1000000000000000000;`) without reason at Vault.spec:286:5. Be sure to carefully evaluate whether this `require` may hide relevant behaviors and document it with a reason."}],"highestNotificationLevel":"warning","jumpToDefinition":{"file":"certora/specs/Vault.spec","start":{"line":281,"col":1},"end":{"line":295,"col":2}},"nodeType":"ROOT","splitProgress":null,"status":"VIOLATED","duration":5,"isRunning":false,"childrenTotalNum":null,"childrenFinishedNum":null},{"name":"emergencyWithdrawalRequiresEmergencyState","children":[],"output":["rule_output_19.json"],"uiId":27,"LiveCheckInfo":"rule_live_statistics_19.json","errors":[{"severity":"info","message":"The rule result was successfully determined without running SMT solver (i.e. solely by static analysis) It is recommended to run with `--rule_sanity basic`"},{"severity":"info","message":"Rule depends on a `require` (`require !emergencyState();`) without reason at Vault.spec:372:5. Be sure to carefully evaluate whether this `require` may hide relevant behaviors and document it with a reason."}],"highestNotificationLevel":"info","jumpToDefinition":{"file":"certora/specs/Vault.spec","start":{"line":371,"col":1},"end":{"line":377,"col":2}},"nodeType":"ROOT","splitProgress":null,"status":"VERIFIED","duration":0,"isRunning":false,"childrenTotalNum":null,"childrenFinishedNum":null},{"name":"envfreeFuncsStaticCheck","children":[{"name":"getEffectiveDeposit(address)","children":[],"output":["rule_output_1.json"],"uiId":33,"LiveCheckInfo":null,"errors":[],"highestNotificationLevel":"none","jumpToDefinition":{"file":"certora/specs/Vault.spec","start":{"line":14,"col":5},"end":{"line":14,"col":78}},"nodeType":"ROOT","splitProgress":null,"status":"VERIFIED","duration":0,"isRunning":false,"childrenTotalNum":null,"childrenFinishedNum":null},{"name":"totalDeposits()","children":[],"output":["rule_output_23.json"],"uiId":34,"LiveCheckInfo":null,"errors":[],"highestNotificationLevel":"none","jumpToDefinition":{"file":"certora/specs/Vault.spec","start":{"line":19,"col":5},"end":{"line":19,"col":65}},"nodeType":"ROOT","splitProgress":null,"status":"VERIFIED","duration":0,"isRunning":false,"childrenTotalNum":null,"childrenFinishedNum":null},{"name":"emergencyState()","children":[],"output":["rule_output_24.json"],"uiId":35,"LiveCheckInfo":null,"errors":[],"highestNotificationLevel":"none","jumpToDefinition":{"file":"certora/specs/Vault.spec","start":{"line":21,"col":5},"end":{"line":21,"col":63}},"nodeType":"ROOT","splitProgress":null,"status":"VERIFIED","duration":0,"isRunning":false,"childrenTotalNum":null,"childrenFinishedNum":null},{"name":"rebaseMultiplier()","children":[],"output":["rule_output_25.json"],"uiId":36,"LiveCheckInfo":null,"errors":[],"highestNotificationLevel":"none","jumpToDefinition":{"file":"certora/specs/Vault.spec","start":{"line":13,"col":5},"end":{"line":13,"col":68}},"nodeType":"ROOT","splitProgress":null,"status":"VERIFIED","duration":0,"isRunning":false,"childrenTotalNum":null,"childrenFinishedNum":null},{"name":"surplusInputToken()","children":[],"output":["rule_output_26.json"],"uiId":37,"LiveCheckInfo":null,"errors":[],"highestNotificationLevel":"none","jumpToDefinition":{"file":"certora/specs/Vault.spec","start":{"line":20,"col":5},"end":{"line":20,"col":69}},"nodeType":"ROOT","splitProgress":null,"status":"VERIFIED","duration":0,"isRunning":false,"childrenTotalNum":null,"childrenFinishedNum":null},{"name":"flaxPerSFlax()","children":[],"output":["rule_output_27.json"],"uiId":38,"LiveCheckInfo":null,"errors":[],"highestNotificationLevel":"none","jumpToDefinition":{"file":"certora/specs/Vault.spec","start":{"line":22,"col":5},"end":{"line":22,"col":64}},"nodeType":"ROOT","splitProgress":null,"status":"VERIFIED","duration":0,"isRunning":false,"childrenTotalNum":null,"childrenFinishedNum":null},{"name":"yieldSource()","children":[],"output":["rule_output_28.json"],"uiId":39,"LiveCheckInfo":null,"errors":[],"highestNotificationLevel":"none","jumpToDefinition":{"file":"certora/specs/Vault.spec","start":{"line":24,"col":5},"end":{"line":24,"col":63}},"nodeType":"ROOT","splitProgress":null,"status":"VERIFIED","duration":0,"isRunning":false,"childrenTotalNum":null,"childrenFinishedNum":null},{"name":"owner()","children":[],"output":["rule_output_29.json"],"uiId":40,"LiveCheckInfo":null,"errors":[],"highestNotificationLevel":"none","jumpToDefinition":{"file":"certora/specs/Vault.spec","start":{"line":23,"col":5},"end":{"line":23,"col":57}},"nodeType":"ROOT","splitProgress":null,"status":"VERIFIED","duration":0,"isRunning":false,"childrenTotalNum":null,"childrenFinishedNum":null},{"name":"originalDeposits(address)","children":[],"output":["rule_output_30.json"],"uiId":41,"LiveCheckInfo":null,"errors":[],"highestNotificationLevel":"none","jumpToDefinition":{"file":"certora/specs/Vault.spec","start":{"line":18,"col":5},"end":{"line":18,"col":75}},"nodeType":"ROOT","splitProgress":null,"status":"VERIFIED","duration":0,"isRunning":false,"childrenTotalNum":null,"childrenFinishedNum":null},{"name":"getEffectiveTotalDeposits()","children":[],"output":["rule_output_31.json"],"uiId":42,"LiveCheckInfo":null,"errors":[],"highestNotificationLevel":"none","jumpToDefinition":{"file":"certora/specs/Vault.spec","start":{"line":15,"col":5},"end":{"line":15,"col":77}},"nodeType":"ROOT","splitProgress":null,"status":"VERIFIED","duration":0,"isRunning":false,"childrenTotalNum":null,"childrenFinishedNum":null},{"name":"canWithdraw()","children":[],"output":["rule_output_32.json"],"uiId":43,"LiveCheckInfo":null,"errors":[],"highestNotificationLevel":"none","jumpToDefinition":{"file":"certora/specs/Vault.spec","start":{"line":12,"col":5},"end":{"line":12,"col":60}},"nodeType":"ROOT","splitProgress":null,"status":"VERIFIED","duration":0,"isRunning":false,"childrenTotalNum":null,"childrenFinishedNum":null}],"output":[],"uiId":32,"LiveCheckInfo":null,"errors":[],"highestNotificationLevel":"none","jumpToDefinition":null,"nodeType":"ROOT","splitProgress":null,"status":"VERIFIED","duration":0,"isRunning":false,"childrenTotalNum":null,"childrenFinishedNum":null},{"name":"migrationRequiresActiveVault","children":[],"output":["rule_output_16.json"],"uiId":25,"LiveCheckInfo":"rule_live_statistics_16.json","errors":[{"severity":"info","message":"The rule result was successfully determined without running SMT solver (i.e. solely by static analysis) It is recommended to run with `--rule_sanity basic`"},{"severity":"info","message":"Rule depends on a `require` (`require rebaseMultiplier() == 0;`) without reason at Vault.spec:349:5. Be sure to carefully evaluate whether this `require` may hide relevant behaviors and document it with a reason."}],"highestNotificationLevel":"info","jumpToDefinition":{"file":"certora/specs/Vault.spec","start":{"line":348,"col":1},"end":{"line":354,"col":2}},"nodeType":"ROOT","splitProgress":null,"status":"VERIFIED","duration":0,"isRunning":false,"childrenTotalNum":null,"childrenFinishedNum":null},{"name":"noNegativeDeposits","children":[],"output":["rule_output_22.json"],"uiId":30,"LiveCheckInfo":"rule_live_statistics_22.json","errors":[{"severity":"info","message":"The rule result was successfully determined without running SMT solver (i.e. solely by static analysis) It is recommended to run with `--rule_sanity basic`"}],"highestNotificationLevel":"info","jumpToDefinition":{"file":"certora/specs/Vault.spec","start":{"line":430,"col":1},"end":{"line":437,"col":2}},"nodeType":"ROOT","splitProgress":null,"status":"VERIFIED","duration":0,"isRunning":false,"childrenTotalNum":null,"childrenFinishedNum":null},{"name":"noUnauthorizedTokenOutflows","children":[{"name":"CVX_CRV_YieldSource","children":[{"name":"CVX_CRV_YieldSource.whitelistVault(address,bool)","children":[],"output":["rule_output_37.json"],"uiId":47,"LiveCheckInfo":"rule_live_statistics_37.json","errors":[{"severity":"info","message":"Rule depends on a `require` (`require f.selector != sig:emergencyWithdraw(address,address).selector;`) without reason at Vault.spec:238:5. Be sure to carefully evaluate whether this `require` may hide relevant behaviors and document it with a reason."},{"severity":"info","message":"Rule depends on a `require` (`require f.selector != sig:emergencyWithdrawETH(address).selector;`) without reason at Vault.spec:239:5. Be sure to carefully evaluate whether this `require` may hide relevant behaviors and document it with a reason."},{"severity":"info","message":"Rule depends on a `require` (`require f.selector != sig:emergencyWithdrawFromYieldSource(address,address).selector;`) without reason at Vault.spec:240:5. Be sure to carefully evaluate whether this `require` may hide relevant behaviors and document it with a reason."}],"highestNotificationLevel":"info","jumpToDefinition":{"file":"src/yieldSource/AYieldSource.sol","start":{"line":124,"col":5},"end":{"line":127,"col":6}},"nodeType":"METHOD_INSTANTIATION","splitProgress":null,"status":"VERIFIED","duration":1,"isRunning":false,"childrenTotalNum":null,"childrenFinishedNum":null},{"name":"CVX_CRV_YieldSource.setUnderlyingWeights(address,uint256[])","children":[{"name":"Unwinding condition in a loop. We recommend to run with `--optimistic_loop`, or increase `--loop_iter` to a value higher than 1. Please consult our documentation to be aware of the consequences on soundness when setting this flag.","children":[],"output":["rule_output_39.json"],"uiId":119,"LiveCheckInfo":null,"errors":[],"highestNotificationLevel":"none","jumpToDefinition":{"file":"certora/specs/Vault.spec","start":{"line":246,"col":5},"end":{"line":246,"col":27}},"nodeType":"VIOLATED_ASSERT","splitProgress":null,"status":"VIOLATED","duration":3,"isRunning":false,"childrenTotalNum":null,"childrenFinishedNum":null}],"output":["rule_output_39.json"],"uiId":48,"LiveCheckInfo":"rule_live_statistics_39.json","errors":[{"severity":"info","message":"Rule depends on a `require` (`require f.selector != sig:emergencyWithdraw(address,address).selector;`) without reason at Vault.spec:238:5. Be sure to carefully evaluate whether this `require` may hide relevant behaviors and document it with a reason."},{"severity":"info","message":"Rule depends on a `require` (`require f.selector != sig:emergencyWithdrawETH(address).selector;`) without reason at Vault.spec:239:5. Be sure to carefully evaluate whether this `require` may hide relevant behaviors and document it with a reason."},{"severity":"info","message":"Rule depends on a `require` (`require f.selector != sig:emergencyWithdrawFromYieldSource(address,address).selector;`) without reason at Vault.spec:240:5. Be sure to carefully evaluate whether this `require` may hide relevant behaviors and document it with a reason."}],"highestNotificationLevel":"info","jumpToDefinition":{"file":"src/yieldSource/CVX_CRV_YieldSource.sol","start":{"line":183,"col":5},"end":{"line":193,"col":6}},"nodeType":"METHOD_INSTANTIATION","splitProgress":null,"status":"VIOLATED","duration":3,"isRunning":false,"childrenTotalNum":null,"childrenFinishedNum":null},{"name":"CVX_CRV_YieldSource.underlyingWeights(address,uint256)","children":[],"output":["rule_output_40.json"],"uiId":49,"LiveCheckInfo":"rule_live_statistics_40.json","errors":[{"severity":"info","message":"Rule depends on a `require` (`require f.selector != sig:emergencyWithdraw(address,address).selector;`) without reason at Vault.spec:238:5. Be sure to carefully evaluate whether this `require` may hide relevant behaviors and document it with a reason."},{"severity":"info","message":"Rule depends on a `require` (`require f.selector != sig:emergencyWithdrawETH(address).selector;`) without reason at Vault.spec:239:5. Be sure to carefully evaluate whether this `require` may hide relevant behaviors and document it with a reason."},{"severity":"info","message":"Rule depends on a `require` (`require f.selector != sig:emergencyWithdrawFromYieldSource(address,address).selector;`) without reason at Vault.spec:240:5. Be sure to carefully evaluate whether this `require` may hide relevant behaviors and document it with a reason."}],"highestNotificationLevel":"info","jumpToDefinition":{"file":"src/yieldSource/CVX_CRV_YieldSource.sol","start":{"line":86,"col":5},"end":{"line":86,"col":59}},"nodeType":"METHOD_INSTANTIATION","splitProgress":null,"status":"VERIFIED","duration":2,"isRunning":false,"childrenTotalNum":null,"childrenFinishedNum":null},{"name":"CVX_CRV_YieldSource.emergencyWithdraw(address,address)","children":[],"output":["rule_output_41.json"],"uiId":50,"LiveCheckInfo":"rule_live_statistics_41.json","errors":[{"severity":"info","message":"The rule result was successfully determined without running SMT solver (i.e. solely by static analysis) It is recommended to run with `--rule_sanity basic`"},{"severity":"info","message":"Rule depends on a `require` (`require f.selector != sig:emergencyWithdraw(address,address).selector;`) without reason at Vault.spec:238:5. Be sure to carefully evaluate whether this `require` may hide relevant behaviors and document it with a reason."},{"severity":"info","message":"Rule depends on a `require` (`require f.selector != sig:emergencyWithdrawETH(address).selector;`) without reason at Vault.spec:239:5. Be sure to carefully evaluate whether this `require` may hide relevant behaviors and document it with a reason."},{"severity":"info","message":"Rule depends on a `require` (`require f.selector != sig:emergencyWithdrawFromYieldSource(address,address).selector;`) without reason at Vault.spec:240:5. Be sure to carefully evaluate whether this `require` may hide relevant behaviors and document it with a reason."}],"highestNotificationLevel":"info","jumpToDefinition":{"file":"src/yieldSource/CVX_CRV_YieldSource.sol","start":{"line":520,"col":5},"end":{"line":535,"col":6}},"nodeType":"METHOD_INSTANTIATION","splitProgress":null,"status":"VERIFIED","duration":0,"isRunning":false,"childrenTotalNum":null,"childrenFinishedNum":null},{"name":"CVX_CRV_YieldSource.inputToken()","children":[],"output":["rule_output_42.json"],"uiId":51,"LiveCheckInfo":"rule_live_statistics_42.json","errors":[{"severity":"info","message":"Rule depends on a `require` (`require f.selector != sig:emergencyWithdraw(address,address).selector;`) without reason at Vault.spec:238:5. Be sure to carefully evaluate whether this `require` may hide relevant behaviors and document it with a reason."},{"severity":"info","message":"Rule depends on a `require` (`require f.selector != sig:emergencyWithdrawETH(address).selector;`) without reason at Vault.spec:239:5. Be sure to carefully evaluate whether this `require` may hide relevant behaviors and document it with a reason."},{"severity":"info","message":"Rule depends on a `require` (`require f.selector != sig:emergencyWithdrawFromYieldSource(address,address).selector;`) without reason at Vault.spec:240:5. Be sure to carefully evaluate whether this `require` may hide relevant behaviors and document it with a reason."}],"highestNotificationLevel":"info","jumpToDefinition":{"file":"src/yieldSource/AYieldSource.sol","start":{"line":20,"col":5},"end":{"line":20,"col":39}},"nodeType":"METHOD_INSTANTIATION","splitProgress":null,"status":"VERIFIED","duration":1,"isRunning":false,"childrenTotalNum":null,"childrenFinishedNum":null},{"name":"CVX_CRV_YieldSource.<receiveOrFallback>()","children":[],"output":["rule_output_43.json"],"uiId":52,"LiveCheckInfo":"rule_live_statistics_43.json","errors":[{"severity":"info","message":"Rule depends on a `require` (`require f.selector != sig:emergencyWithdraw(address,address).selector;`) without reason at Vault.spec:238:5. Be sure to carefully evaluate whether this `require` may hide relevant behaviors and document it with a reason."},{"severity":"info","message":"Rule depends on a `require` (`require f.selector != sig:emergencyWithdrawETH(address).selector;`) without reason at Vault.spec:239:5. Be sure to carefully evaluate whether this `require` may hide relevant behaviors and document it with a reason."},{"severity":"info","message":"Rule depends on a `require` (`require f.selector != sig:emergencyWithdrawFromYieldSource(address,address).selector;`) without reason at Vault.spec:240:5. Be sure to carefully evaluate whether this `require` may hide relevant behaviors and document it with a reason."}],"highestNotificationLevel":"info","jumpToDefinition":null,"nodeType":"METHOD_INSTANTIATION","splitProgress":null,"status":"VERIFIED","duration":1,"isRunning":false,"childrenTotalNum":null,"childrenFinishedNum":null},{"name":"CVX_CRV_YieldSource.totalDeposited()","children":[],"output":["rule_output_44.json"],"uiId":53,"LiveCheckInfo":"rule_live_statistics_44.json","errors":[{"severity":"info","message":"Rule depends on a `require` (`require f.selector != sig:emergencyWithdraw(address,address).selector;`) without reason at Vault.spec:238:5. Be sure to carefully evaluate whether this `require` may hide relevant behaviors and document it with a reason."},{"severity":"info","message":"Rule depends on a `require` (`require f.selector != sig:emergencyWithdrawETH(address).selector;`) without reason at Vault.spec:239:5. Be sure to carefully evaluate whether this `require` may hide relevant behaviors and document it with a reason."},{"severity":"info","message":"Rule depends on a `require` (`require f.selector != sig:emergencyWithdrawFromYieldSource(address,address).selector;`) without reason at Vault.spec:240:5. Be sure to carefully evaluate whether this `require` may hide relevant behaviors and document it with a reason."}],"highestNotificationLevel":"info","jumpToDefinition":{"file":"src/yieldSource/AYieldSource.sol","start":{"line":41,"col":5},"end":{"line":41,"col":34}},"nodeType":"METHOD_INSTANTIATION","splitProgress":null,"status":"VERIFIED","duration":1,"isRunning":false,"childrenTotalNum":null,"childrenFinishedNum":null},{"name":"CVX_CRV_YieldSource.minSlippageBps()","children":[],"output":["rule_output_46.json"],"uiId":54,"LiveCheckInfo":"rule_live_statistics_46.json","errors":[{"severity":"info","message":"Rule depends on a `require` (`require f.selector != sig:emergencyWithdraw(address,address).selector;`) without reason at Vault.spec:238:5. Be sure to carefully evaluate whether this `require` may hide relevant behaviors and document it with a reason."},{"severity":"info","message":"Rule depends on a `require` (`require f.selector != sig:emergencyWithdrawETH(address).selector;`) without reason at Vault.spec:239:5. Be sure to carefully evaluate whether this `require` may hide relevant behaviors and document it with a reason."},{"severity":"info","message":"Rule depends on a `require` (`require f.selector != sig:emergencyWithdrawFromYieldSource(address,address).selector;`) without reason at Vault.spec:240:5. Be sure to carefully evaluate whether this `require` may hide relevant behaviors and document it with a reason."}],"highestNotificationLevel":"info","jumpToDefinition":{"file":"src/yieldSource/AYieldSource.sol","start":{"line":44,"col":5},"end":{"line":44,"col":34}},"nodeType":"METHOD_INSTANTIATION","splitProgress":null,"status":"VERIFIED","duration":1,"isRunning":false,"childrenTotalNum":null,"childrenFinishedNum":null},{"name":"CVX_CRV_YieldSource.convexRewardPool()","children":[],"output":["rule_output_47.json"],"uiId":55,"LiveCheckInfo":"rule_live_statistics_47.json","errors":[{"severity":"info","message":"Rule depends on a `require` (`require f.selector != sig:emergencyWithdraw(address,address).selector;`) without reason at Vault.spec:238:5. Be sure to carefully evaluate whether this `require` may hide relevant behaviors and document it with a reason."},{"severity":"info","message":"Rule depends on a `require` (`require f.selector != sig:emergencyWithdrawETH(address).selector;`) without reason at Vault.spec:239:5. Be sure to carefully evaluate whether this `require` may hide relevant behaviors and document it with a reason."},{"severity":"info","message":"Rule depends on a `require` (`require f.selector != sig:emergencyWithdrawFromYieldSource(address,address).selector;`) without reason at Vault.spec:240:5. Be sure to carefully evaluate whether this `require` may hide relevant behaviors and document it with a reason."}],"highestNotificationLevel":"info","jumpToDefinition":{"file":"src/yieldSource/CVX_CRV_YieldSource.sol","start":{"line":98,"col":5},"end":{"line":98,"col":46}},"nodeType":"METHOD_INSTANTIATION","splitProgress":null,"status":"VERIFIED","duration":1,"isRunning":false,"childrenTotalNum":null,"childrenFinishedNum":null},{"name":"CVX_CRV_YieldSource.UNISWAP_FEE()","children":[],"output":["rule_output_45.json"],"uiId":56,"LiveCheckInfo":"rule_live_statistics_45.json","errors":[{"severity":"info","message":"Rule depends on a `require` (`require f.selector != sig:emergencyWithdraw(address,address).selector;`) without reason at Vault.spec:238:5. Be sure to carefully evaluate whether this `require` may hide relevant behaviors and document it with a reason."},{"severity":"info","message":"Rule depends on a `require` (`require f.selector != sig:emergencyWithdrawETH(address).selector;`) without reason at Vault.spec:239:5. Be sure to carefully evaluate whether this `require` may hide relevant behaviors and document it with a reason."},{"severity":"info","message":"Rule depends on a `require` (`require f.selector != sig:emergencyWithdrawFromYieldSource(address,address).selector;`) without reason at Vault.spec:240:5. Be sure to carefully evaluate whether this `require` may hide relevant behaviors and document it with a reason."}],"highestNotificationLevel":"info","jumpToDefinition":{"file":"src/yieldSource/CVX_CRV_YieldSource.sol","start":{"line":107,"col":5},"end":{"line":107,"col":46}},"nodeType":"METHOD_INSTANTIATION","splitProgress":null,"status":"VERIFIED","duration":1,"isRunning":false,"childrenTotalNum":null,"childrenFinishedNum":null},{"name":"CVX_CRV_YieldSource.lpTokenName()","children":[{"name":"Unwinding condition in a loop. We recommend to run with `--optimistic_loop`, or increase `--loop_iter` to a value higher than 1. Please consult our documentation to be aware of the consequences on soundness when setting this flag.","children":[],"output":["rule_output_48.json"],"uiId":120,"LiveCheckInfo":null,"errors":[],"highestNotificationLevel":"none","jumpToDefinition":{"file":"certora/specs/Vault.spec","start":{"line":246,"col":5},"end":{"line":246,"col":27}},"nodeType":"VIOLATED_ASSERT","splitProgress":null,"status":"VIOLATED","duration":2,"isRunning":false,"childrenTotalNum":null,"childrenFinishedNum":null}],"output":["rule_output_48.json"],"uiId":57,"LiveCheckInfo":"rule_live_statistics_48.json","errors":[{"severity":"info","message":"Rule depends on a `require` (`require f.selector != sig:emergencyWithdraw(address,address).selector;`) without reason at Vault.spec:238:5. Be sure to carefully evaluate whether this `require` may hide relevant behaviors and document it with a reason."},{"severity":"info","message":"Rule depends on a `require` (`require f.selector != sig:emergencyWithdrawETH(address).selector;`) without reason at Vault.spec:239:5. Be sure to carefully evaluate whether this `require` may hide relevant behaviors and document it with a reason."},{"severity":"info","message":"Rule depends on a `require` (`require f.selector != sig:emergencyWithdrawFromYieldSource(address,address).selector;`) without reason at Vault.spec:240:5. Be sure to carefully evaluate whether this `require` may hide relevant behaviors and document it with a reason."}],"highestNotificationLevel":"info","jumpToDefinition":{"file":"src/yieldSource/AYieldSource.sol","start":{"line":32,"col":5},"end":{"line":32,"col":30}},"nodeType":"METHOD_INSTANTIATION","splitProgress":null,"status":"VIOLATED","duration":2,"isRunning":false,"childrenTotalNum":null,"childrenFinishedNum":null},{"name":"CVX_CRV_YieldSource.owner()","children":[],"output":["rule_output_49.json"],"uiId":58,"LiveCheckInfo":"rule_live_statistics_49.json","errors":[{"severity":"info","message":"Rule depends on a `require` (`require f.selector != sig:emergencyWithdraw(address,address).selector;`) without reason at Vault.spec:238:5. Be sure to carefully evaluate whether this `require` may hide relevant behaviors and document it with a reason."},{"severity":"info","message":"Rule depends on a `require` (`require f.selector != sig:emergencyWithdrawETH(address).selector;`) without reason at Vault.spec:239:5. Be sure to carefully evaluate whether this `require` may hide relevant behaviors and document it with a reason."},{"severity":"info","message":"Rule depends on a `require` (`require f.selector != sig:emergencyWithdrawFromYieldSource(address,address).selector;`) without reason at Vault.spec:240:5. Be sure to carefully evaluate whether this `require` may hide relevant behaviors and document it with a reason."}],"highestNotificationLevel":"info","jumpToDefinition":{"file":"lib/oz_reflax/access/Ownable.sol","start":{"line":54,"col":5},"end":{"line":56,"col":6}},"nodeType":"METHOD_INSTANTIATION","splitProgress":null,"status":"VERIFIED","duration":1,"isRunning":false,"childrenTotalNum":null,"childrenFinishedNum":null},{"name":"CVX_CRV_YieldSource.oracle()","children":[],"output":[],"uiId":59,"LiveCheckInfo":"rule_live_statistics_50.json","errors":[],"highestNotificationLevel":"none","jumpToDefinition":{"file":"src/yieldSource/AYieldSource.sol","start":{"line":29,"col":5},"end":{"line":29,"col":36}},"nodeType":"METHOD_INSTANTIATION","splitProgress":0,"status":"RUNNING","duration":0,"isRunning":true,"childrenTotalNum":null,"childrenFinishedNum":null},{"name":"CVX_CRV_YieldSource.claimAndSellForInputToken()","children":[],"output":[],"uiId":60,"LiveCheckInfo":"rule_live_statistics_56.json","errors":[],"highestNotificationLevel":"none","jumpToDefinition":{"file":"src/yieldSource/AYieldSource.sol","start":{"line":222,"col":5},"end":{"line":238,"col":6}},"nodeType":"METHOD_INSTANTIATION","splitProgress":0,"status":"RUNNING","duration":0,"isRunning":true,"childrenTotalNum":null,"childrenFinishedNum":null},{"name":"CVX_CRV_YieldSource.renounceOwnership()","children":[],"output":[],"uiId":61,"LiveCheckInfo":"rule_live_statistics_51.json","errors":[],"highestNotificationLevel":"none","jumpToDefinition":{"file":"lib/oz_reflax/access/Ownable.sol","start":{"line":74,"col":5},"end":{"line":76,"col":6}},"nodeType":"METHOD_INSTANTIATION","splitProgress":0,"status":"RUNNING","duration":0,"isRunning":true,"childrenTotalNum":null,"childrenFinishedNum":null},{"name":"CVX_CRV_YieldSource.poolId()","children":[],"output":[],"uiId":62,"LiveCheckInfo":"rule_live_statistics_52.json","errors":[],"highestNotificationLevel":"none","jumpToDefinition":{"file":"src/yieldSource/CVX_CRV_YieldSource.sol","start":{"line":101,"col":5},"end":{"line":101,"col":36}},"nodeType":"METHOD_INSTANTIATION","splitProgress":0,"status":"RUNNING","duration":0,"isRunning":true,"childrenTotalNum":null,"childrenFinishedNum":null},{"name":"CVX_CRV_YieldSource.numPoolTokens()","children":[],"output":[],"uiId":63,"LiveCheckInfo":"rule_live_statistics_54.json","errors":[],"highestNotificationLevel":"none","jumpToDefinition":{"file":"src/yieldSource/CVX_CRV_YieldSource.sol","start":{"line":82,"col":5},"end":{"line":82,"col":43}},"nodeType":"METHOD_INSTANTIATION","splitProgress":0,"status":"RUNNING","duration":0,"isRunning":true,"childrenTotalNum":null,"childrenFinishedNum":null},{"name":"CVX_CRV_YieldSource.claimRewards()","children":[],"output":[],"uiId":64,"LiveCheckInfo":"rule_live_statistics_59.json","errors":[],"highestNotificationLevel":"none","jumpToDefinition":{"file":"src/yieldSource/AYieldSource.sol","start":{"line":199,"col":5},"end":{"line":215,"col":6}},"nodeType":"METHOD_INSTANTIATION","splitProgress":0,"status":"RUNNING","duration":0,"isRunning":true,"childrenTotalNum":null,"childrenFinishedNum":null},{"name":"CVX_CRV_YieldSource.convexBooster()","children":[],"output":[],"uiId":65,"LiveCheckInfo":"rule_live_statistics_53.json","errors":[],"highestNotificationLevel":"none","jumpToDefinition":{"file":"src/yieldSource/CVX_CRV_YieldSource.sol","start":{"line":95,"col":5},"end":{"line":95,"col":43}},"nodeType":"METHOD_INSTANTIATION","splitProgress":0,"status":"RUNNING","duration":0,"isRunning":true,"childrenTotalNum":null,"childrenFinishedNum":null},{"name":"CVX_CRV_YieldSource.uniswapV3Router()","children":[],"output":[],"uiId":66,"LiveCheckInfo":"rule_live_statistics_55.json","errors":[],"highestNotificationLevel":"none","jumpToDefinition":{"file":"src/yieldSource/CVX_CRV_YieldSource.sol","start":{"line":104,"col":5},"end":{"line":104,"col":45}},"nodeType":"METHOD_INSTANTIATION","splitProgress":0,"status":"RUNNING","duration":0,"isRunning":true,"childrenTotalNum":null,"childrenFinishedNum":null},{"name":"CVX_CRV_YieldSource.curvePool()","children":[],"output":[],"uiId":67,"LiveCheckInfo":"rule_live_statistics_57.json","errors":[],"highestNotificationLevel":"none","jumpToDefinition":{"file":"src/yieldSource/CVX_CRV_YieldSource.sol","start":{"line":89,"col":5},"end":{"line":89,"col":39}},"nodeType":"METHOD_INSTANTIATION","splitProgress":0,"status":"RUNNING","duration":0,"isRunning":true,"childrenTotalNum":null,"childrenFinishedNum":null},{"name":"CVX_CRV_YieldSource.flaxToken()","children":[],"output":[],"uiId":68,"LiveCheckInfo":"rule_live_statistics_58.json","errors":[],"highestNotificationLevel":"none","jumpToDefinition":{"file":"src/yieldSource/AYieldSource.sol","start":{"line":23,"col":5},"end":{"line":23,"col":38}},"nodeType":"METHOD_INSTANTIATION","splitProgress":0,"status":"RUNNING","duration":0,"isRunning":true,"childrenTotalNum":null,"childrenFinishedNum":null},{"name":"CVX_CRV_YieldSource.crvLpToken()","children":[],"output":[],"uiId":69,"LiveCheckInfo":null,"errors":[],"highestNotificationLevel":"none","jumpToDefinition":{"file":"src/yieldSource/CVX_CRV_YieldSource.sol","start":{"line":92,"col":5},"end":{"line":92,"col":39}},"nodeType":"METHOD_INSTANTIATION","splitProgress":null,"status":"RUNNING","duration":0,"isRunning":true,"childrenTotalNum":null,"childrenFinishedNum":null},{"name":"CVX_CRV_YieldSource.priceTilter()","children":[],"output":[],"uiId":70,"LiveCheckInfo":null,"errors":[],"highestNotificationLevel":"none","jumpToDefinition":{"file":"src/yieldSource/AYieldSource.sol","start":{"line":26,"col":5},"end":{"line":26,"col":46}},"nodeType":"METHOD_INSTANTIATION","splitProgress":null,"status":"RUNNING","duration":0,"isRunning":true,"childrenTotalNum":null,"childrenFinishedNum":null},{"name":"CVX_CRV_YieldSource.withdraw(uint256)","children":[],"output":[],"uiId":71,"LiveCheckInfo":null,"errors":[],"highestNotificationLevel":"none","jumpToDefinition":{"file":"src/yieldSource/AYieldSource.sol","start":{"line":180,"col":5},"end":{"line":192,"col":6}},"nodeType":"METHOD_INSTANTIATION","splitProgress":null,"status":"RUNNING","duration":0,"isRunning":true,"childrenTotalNum":null,"childrenFinishedNum":null},{"name":"CVX_CRV_YieldSource.poolTokens(uint256)","children":[],"output":[],"uiId":72,"LiveCheckInfo":null,"errors":[],"highestNotificationLevel":"none","jumpToDefinition":{"file":"src/yieldSource/CVX_CRV_YieldSource.sol","start":{"line":76,"col":5},"end":{"line":76,"col":31}},"nodeType":"METHOD_INSTANTIATION","splitProgress":null,"status":"RUNNING","duration":0,"isRunning":true,"childrenTotalNum":null,"childrenFinishedNum":null},{"name":"CVX_CRV_YieldSource.setMinSlippageBps(uint256)","children":[],"output":[],"uiId":73,"LiveCheckInfo":null,"errors":[],"highestNotificationLevel":"none","jumpToDefinition":{"file":"src/yieldSource/AYieldSource.sol","start":{"line":134,"col":5},"end":{"line":138,"col":6}},"nodeType":"METHOD_INSTANTIATION","splitProgress":null,"status":"RUNNING","duration":0,"isRunning":true,"childrenTotalNum":null,"childrenFinishedNum":null},{"name":"CVX_CRV_YieldSource.deposit(uint256)","children":[],"output":[],"uiId":74,"LiveCheckInfo":null,"errors":[],"highestNotificationLevel":"none","jumpToDefinition":{"file":"src/yieldSource/AYieldSource.sol","start":{"line":165,"col":5},"end":{"line":171,"col":6}},"nodeType":"METHOD_INSTANTIATION","splitProgress":null,"status":"RUNNING","duration":0,"isRunning":true,"childrenTotalNum":null,"childrenFinishedNum":null},{"name":"CVX_CRV_YieldSource.rewardTokens(uint256)","children":[],"output":[],"uiId":75,"LiveCheckInfo":null,"errors":[],"highestNotificationLevel":"none","jumpToDefinition":{"file":"src/yieldSource/AYieldSource.sol","start":{"line":35,"col":5},"end":{"line":35,"col":34}},"nodeType":"METHOD_INSTANTIATION","splitProgress":null,"status":"RUNNING","duration":0,"isRunning":true,"childrenTotalNum":null,"childrenFinishedNum":null},{"name":"CVX_CRV_YieldSource.poolTokenSymbols(uint256)","children":[],"output":[],"uiId":76,"LiveCheckInfo":null,"errors":[],"highestNotificationLevel":"none","jumpToDefinition":{"file":"src/yieldSource/CVX_CRV_YieldSource.sol","start":{"line":79,"col":5},"end":{"line":79,"col":37}},"nodeType":"METHOD_INSTANTIATION","splitProgress":null,"status":"RUNNING","duration":0,"isRunning":true,"childrenTotalNum":null,"childrenFinishedNum":null},{"name":"CVX_CRV_YieldSource.whitelistedVaults(address)","children":[],"output":[],"uiId":77,"LiveCheckInfo":null,"errors":[],"highestNotificationLevel":"none","jumpToDefinition":{"file":"src/yieldSource/AYieldSource.sol","start":{"line":38,"col":5},"end":{"line":38,"col":54}},"nodeType":"METHOD_INSTANTIATION","splitProgress":null,"status":"RUNNING","duration":0,"isRunning":true,"childrenTotalNum":null,"childrenFinishedNum":null},{"name":"CVX_CRV_YieldSource.transferOwnership(address)","children":[],"output":[],"uiId":78,"LiveCheckInfo":null,"errors":[],"highestNotificationLevel":"none","jumpToDefinition":{"file":"lib/oz_reflax/access/Ownable.sol","start":{"line":82,"col":5},"end":{"line":87,"col":6}},"nodeType":"METHOD_INSTANTIATION","splitProgress":null,"status":"RUNNING","duration":0,"isRunning":true,"childrenTotalNum":null,"childrenFinishedNum":null},{"name":"CVX_CRV_YieldSource.setLpTokenName(string)","children":[],"output":[],"uiId":79,"LiveCheckInfo":null,"errors":[],"highestNotificationLevel":"none","jumpToDefinition":{"file":"src/yieldSource/AYieldSource.sol","start":{"line":145,"col":5},"end":{"line":148,"col":6}},"nodeType":"METHOD_INSTANTIATION","splitProgress":null,"status":"RUNNING","duration":0,"isRunning":true,"childrenTotalNum":null,"childrenFinishedNum":null}],"output":[],"uiId":44,"LiveCheckInfo":null,"errors":[],"highestNotificationLevel":"info","jumpToDefinition":{"file":"certora/specs/Vault.spec","start":{"line":236,"col":1},"end":{"line":277,"col":2}},"nodeType":"CONTRACT","splitProgress":null,"status":"VIOLATED","duration":8,"isRunning":true,"childrenTotalNum":null,"childrenFinishedNum":null},{"name":"MockERC20","children":[{"name":"MockERC20.approve(address,uint256)","children":[],"output":[],"uiId":80,"LiveCheckInfo":null,"errors":[],"highestNotificationLevel":"none","jumpToDefinition":{"file":"test/mocks/Mocks.sol","start":{"line":31,"col":5},"end":{"line":35,"col":6}},"nodeType":"METHOD_INSTANTIATION","splitProgress":null,"status":"RUNNING","duration":0,"isRunning":true,"childrenTotalNum":null,"childrenFinishedNum":null},{"name":"MockERC20.transfer(address,uint256)","children":[],"output":[],"uiId":81,"LiveCheckInfo":null,"errors":[],"highestNotificationLevel":"none","jumpToDefinition":{"file":"test/mocks/Mocks.sol","start":{"line":37,"col":5},"end":{"line":42,"col":6}},"nodeType":"METHOD_INSTANTIATION","splitProgress":null,"status":"RUNNING","duration":0,"isRunning":true,"childrenTotalNum":null,"childrenFinishedNum":null},{"name":"MockERC20.mint(address,uint256)","children":[],"output":[],"uiId":82,"LiveCheckInfo":null,"errors":[],"highestNotificationLevel":"none","jumpToDefinition":{"file":"test/mocks/Mocks.sol","start":{"line":19,"col":5},"end":{"line":23,"col":6}},"nodeType":"METHOD_INSTANTIATION","splitProgress":null,"status":"RUNNING","duration":0,"isRunning":true,"childrenTotalNum":null,"childrenFinishedNum":null},{"name":"MockERC20.allowance(address,address)","children":[],"output":[],"uiId":83,"LiveCheckInfo":null,"errors":[],"highestNotificationLevel":"none","jumpToDefinition":{"file":"test/mocks/Mocks.sol","start":{"line":17,"col":5},"end":{"line":17,"col":69}},"nodeType":"METHOD_INSTANTIATION","splitProgress":null,"status":"RUNNING","duration":0,"isRunning":true,"childrenTotalNum":null,"childrenFinishedNum":null},{"name":"MockERC20.name()","children":[],"output":[],"uiId":84,"LiveCheckInfo":null,"errors":[],"highestNotificationLevel":"none","jumpToDefinition":{"file":"test/mocks/Mocks.sol","start":{"line":12,"col":5},"end":{"line":12,"col":38}},"nodeType":"METHOD_INSTANTIATION","splitProgress":null,"status":"RUNNING","duration":0,"isRunning":true,"childrenTotalNum":null,"childrenFinishedNum":null},{"name":"MockERC20.symbol()","children":[],"output":[],"uiId":85,"LiveCheckInfo":null,"errors":[],"highestNotificationLevel":"none","jumpToDefinition":{"file":"test/mocks/Mocks.sol","start":{"line":13,"col":5},"end":{"line":13,"col":34}},"nodeType":"METHOD_INSTANTIATION","splitProgress":null,"status":"RUNNING","duration":0,"isRunning":true,"childrenTotalNum":null,"childrenFinishedNum":null},{"name":"MockERC20.decimals()","children":[],"output":[],"uiId":86,"LiveCheckInfo":null,"errors":[],"highestNotificationLevel":"none","jumpToDefinition":{"file":"test/mocks/Mocks.sol","start":{"line":14,"col":5},"end":{"line":14,"col":31}},"nodeType":"METHOD_INSTANTIATION","splitProgress":null,"status":"RUNNING","duration":0,"isRunning":true,"childrenTotalNum":null,"childrenFinishedNum":null},{"name":"MockERC20.totalSupply()","children":[],"output":[],"uiId":87,"LiveCheckInfo":null,"errors":[],"highestNotificationLevel":"none","jumpToDefinition":{"file":"test/mocks/Mocks.sol","start":{"line":15,"col":5},"end":{"line":15,"col":31}},"nodeType":"METHOD_INSTANTIATION","splitProgress":null,"status":"RUNNING","duration":0,"isRunning":true,"childrenTotalNum":null,"childrenFinishedNum":null},{"name":"MockERC20.burn(uint256)","children":[],"output":[],"uiId":88,"LiveCheckInfo":null,"errors":[],"highestNotificationLevel":"none","jumpToDefinition":{"file":"test/mocks/Mocks.sol","start":{"line":25,"col":5},"end":{"line":29,"col":6}},"nodeType":"METHOD_INSTANTIATION","splitProgress":null,"status":"RUNNING","duration":0,"isRunning":true,"childrenTotalNum":null,"childrenFinishedNum":null},{"name":"MockERC20.balanceOf(address)","children":[],"output":[],"uiId":89,"LiveCheckInfo":null,"errors":[],"highestNotificationLevel":"none","jumpToDefinition":{"file":"test/mocks/Mocks.sol","start":{"line":16,"col":5},"end":{"line":16,"col":49}},"nodeType":"METHOD_INSTANTIATION","splitProgress":null,"status":"RUNNING","duration":0,"isRunning":true,"childrenTotalNum":null,"childrenFinishedNum":null},{"name":"MockERC20.transferFrom(address,address,uint256)","children":[],"output":[],"uiId":90,"LiveCheckInfo":null,"errors":[],"highestNotificationLevel":"none","jumpToDefinition":{"file":"test/mocks/Mocks.sol","start":{"line":44,"col":5},"end":{"line":51,"col":6}},"nodeType":"METHOD_INSTANTIATION","splitProgress":null,"status":"RUNNING","duration":0,"isRunning":true,"childrenTotalNum":null,"childrenFinishedNum":null}],"output":[],"uiId":45,"LiveCheckInfo":null,"errors":[],"highestNotificationLevel":"none","jumpToDefinition":{"file":"certora/specs/Vault.spec","start":{"line":236,"col":1},"end":{"line":277,"col":2}},"nodeType":"CONTRACT","splitProgress":null,"status":"RUNNING","duration":0,"isRunning":true,"childrenTotalNum":null,"childrenFinishedNum":null},{"name":"Vault","children":[{"name":"Vault.setEmergencyState(bool)","children":[],"output":[],"uiId":91,"LiveCheckInfo":null,"errors":[],"highestNotificationLevel":"none","jumpToDefinition":{"file":"src/vault/Vault.sol","start":{"line":388,"col":5},"end":{"line":391,"col":6}},"nodeType":"METHOD_INSTANTIATION","splitProgress":null,"status":"RUNNING","duration":0,"isRunning":true,"childrenTotalNum":null,"childrenFinishedNum":null},{"name":"Vault.emergencyWithdrawFromYieldSource(address,address)","children":[],"output":[],"uiId":92,"LiveCheckInfo":null,"errors":[],"highestNotificationLevel":"none","jumpToDefinition":{"file":"src/vault/Vault.sol","start":{"line":432,"col":5},"end":{"line":457,"col":6}},"nodeType":"METHOD_INSTANTIATION","splitProgress":null,"status":"RUNNING","duration":0,"isRunning":true,"childrenTotalNum":null,"childrenFinishedNum":null},{"name":"Vault.emergencyWithdraw(address,address)","children":[],"output":[],"uiId":93,"LiveCheckInfo":null,"errors":[],"highestNotificationLevel":"none","jumpToDefinition":{"file":"src/vault/Vault.sol","start":{"line":399,"col":5},"end":{"line":409,"col":6}},"nodeType":"METHOD_INSTANTIATION","splitProgress":null,"status":"RUNNING","duration":0,"isRunning":true,"childrenTotalNum":null,"childrenFinishedNum":null},{"name":"Vault.inputToken()","children":[],"output":[],"uiId":94,"LiveCheckInfo":null,"errors":[],"highestNotificationLevel":"none","jumpToDefinition":{"file":"src/vault/Vault.sol","start":{"line":65,"col":5},"end":{"line":65,"col":39}},"nodeType":"METHOD_INSTANTIATION","splitProgress":null,"status":"RUNNING","duration":0,"isRunning":true,"childrenTotalNum":null,"childrenFinishedNum":null},{"name":"Vault.<receiveOrFallback>()","children":[],"output":[],"uiId":95,"LiveCheckInfo":null,"errors":[],"highestNotificationLevel":"none","jumpToDefinition":null,"nodeType":"METHOD_INSTANTIATION","splitProgress":null,"status":"RUNNING","duration":0,"isRunning":true,"childrenTotalNum":null,"childrenFinishedNum":null},{"name":"Vault.emergencyState()","children":[],"output":[],"uiId":96,"LiveCheckInfo":null,"errors":[],"highestNotificationLevel":"none","jumpToDefinition":{"file":"src/vault/Vault.sol","start":{"line":93,"col":5},"end":{"line":93,"col":31}},"nodeType":"METHOD_INSTANTIATION","splitProgress":null,"status":"RUNNING","duration":0,"isRunning":true,"childrenTotalNum":null,"childrenFinishedNum":null},{"name":"Vault.getEffectiveTotalDeposits()","children":[],"output":[],"uiId":97,"LiveCheckInfo":null,"errors":[],"highestNotificationLevel":"none","jumpToDefinition":{"file":"src/vault/Vault.sol","start":{"line":220,"col":5},"end":{"line":222,"col":6}},"nodeType":"METHOD_INSTANTIATION","splitProgress":null,"status":"RUNNING","duration":0,"isRunning":true,"childrenTotalNum":null,"childrenFinishedNum":null},{"name":"Vault.canWithdraw()","children":[],"output":[],"uiId":98,"LiveCheckInfo":null,"errors":[],"highestNotificationLevel":"none","jumpToDefinition":{"file":"src/vault/Vault.sol","start":{"line":379,"col":5},"end":{"line":381,"col":6}},"nodeType":"METHOD_INSTANTIATION","splitProgress":null,"status":"RUNNING","duration":0,"isRunning":true,"childrenTotalNum":null,"childrenFinishedNum":null},{"name":"Vault.yieldSource()","children":[],"output":[],"uiId":99,"LiveCheckInfo":null,"errors":[],"highestNotificationLevel":"none","jumpToDefinition":{"file":"src/vault/Vault.sol","start":{"line":74,"col":5},"end":{"line":74,"col":31}},"nodeType":"METHOD_INSTANTIATION","splitProgress":null,"status":"RUNNING","duration":0,"isRunning":true,"childrenTotalNum":null,"childrenFinishedNum":null},{"name":"Vault.rebaseMultiplier()","children":[],"output":[],"uiId":100,"LiveCheckInfo":null,"errors":[],"highestNotificationLevel":"none","jumpToDefinition":{"file":"src/vault/Vault.sol","start":{"line":97,"col":5},"end":{"line":97,"col":36}},"nodeType":"METHOD_INSTANTIATION","splitProgress":null,"status":"RUNNING","duration":0,"isRunning":true,"childrenTotalNum":null,"childrenFinishedNum":null},{"name":"Vault.owner()","children":[],"output":[],"uiId":101,"LiveCheckInfo":null,"errors":[],"highestNotificationLevel":"none","jumpToDefinition":{"file":"lib/oz_reflax/access/Ownable.sol","start":{"line":54,"col":5},"end":{"line":56,"col":6}},"nodeType":"METHOD_INSTANTIATION","splitProgress":null,"status":"RUNNING","duration":0,"isRunning":true,"childrenTotalNum":null,"childrenFinishedNum":null},{"name":"Vault.surplusInputToken()","children":[],"output":[],"uiId":102,"LiveCheckInfo":null,"errors":[],"highestNotificationLevel":"none","jumpToDefinition":{"file":"src/vault/Vault.sol","start":{"line":87,"col":5},"end":{"line":87,"col":37}},"nodeType":"METHOD_INSTANTIATION","splitProgress":null,"status":"RUNNING","duration":0,"isRunning":true,"childrenTotalNum":null,"childrenFinishedNum":null},{"name":"Vault.totalDeposits()","children":[],"output":[],"uiId":103,"LiveCheckInfo":null,"errors":[],"highestNotificationLevel":"none","jumpToDefinition":{"file":"src/vault/Vault.sol","start":{"line":83,"col":5},"end":{"line":83,"col":33}},"nodeType":"METHOD_INSTANTIATION","splitProgress":null,"status":"RUNNING","duration":0,"isRunning":true,"childrenTotalNum":null,"childrenFinishedNum":null},{"name":"Vault.renounceOwnership()","children":[],"output":[],"uiId":104,"LiveCheckInfo":null,"errors":[],"highestNotificationLevel":"none","jumpToDefinition":{"file":"lib/oz_reflax/access/Ownable.sol","start":{"line":74,"col":5},"end":{"line":76,"col":6}},"nodeType":"METHOD_INSTANTIATION","splitProgress":null,"status":"RUNNING","duration":0,"isRunning":true,"childrenTotalNum":null,"childrenFinishedNum":null},{"name":"Vault.sFlaxToken()","children":[],"output":[],"uiId":105,"LiveCheckInfo":null,"errors":[],"highestNotificationLevel":"none","jumpToDefinition":{"file":"src/vault/Vault.sol","start":{"line":71,"col":5},"end":{"line":71,"col":39}},"nodeType":"METHOD_INSTANTIATION","splitProgress":null,"status":"RUNNING","duration":0,"isRunning":true,"childrenTotalNum":null,"childrenFinishedNum":null},{"name":"Vault.flaxPerSFlax()","children":[],"output":[],"uiId":106,"LiveCheckInfo":null,"errors":[],"highestNotificationLevel":"none","jumpToDefinition":{"file":"src/vault/Vault.sol","start":{"line":80,"col":5},"end":{"line":80,"col":32}},"nodeType":"METHOD_INSTANTIATION","splitProgress":null,"status":"RUNNING","duration":0,"isRunning":true,"childrenTotalNum":null,"childrenFinishedNum":null},{"name":"Vault.flaxToken()","children":[],"output":[],"uiId":107,"LiveCheckInfo":null,"errors":[],"highestNotificationLevel":"none","jumpToDefinition":{"file":"src/vault/Vault.sol","start":{"line":68,"col":5},"end":{"line":68,"col":38}},"nodeType":"METHOD_INSTANTIATION","splitProgress":null,"status":"RUNNING","duration":0,"isRunning":true,"childrenTotalNum":null,"childrenFinishedNum":null},{"name":"Vault.priceTilter()","children":[],"output":[],"uiId":108,"LiveCheckInfo":null,"errors":[],"highestNotificationLevel":"none","jumpToDefinition":{"file":"src/vault/Vault.sol","start":{"line":77,"col":5},"end":{"line":77,"col":41}},"nodeType":"METHOD_INSTANTIATION","splitProgress":null,"status":"RUNNING","duration":0,"isRunning":true,"childrenTotalNum":null,"childrenFinishedNum":null},{"name":"Vault.claimRewards(uint256)","children":[],"output":[],"uiId":109,"LiveCheckInfo":null,"errors":[],"highestNotificationLevel":"none","jumpToDefinition":{"file":"src/vault/Vault.sol","start":{"line":310,"col":5},"end":{"line":326,"col":6}},"nodeType":"METHOD_INSTANTIATION","splitProgress":null,"status":"RUNNING","duration":0,"isRunning":true,"childrenTotalNum":null,"childrenFinishedNum":null},{"name":"Vault.deposit(uint256)","children":[],"output":[],"uiId":110,"LiveCheckInfo":null,"errors":[],"highestNotificationLevel":"none","jumpToDefinition":{"file":"src/vault/Vault.sol","start":{"line":229,"col":5},"end":{"line":237,"col":6}},"nodeType":"METHOD_INSTANTIATION","splitProgress":null,"status":"RUNNING","duration":0,"isRunning":true,"childrenTotalNum":null,"childrenFinishedNum":null},{"name":"Vault.setFlaxPerSFlax(uint256)","children":[],"output":[],"uiId":111,"LiveCheckInfo":null,"errors":[],"highestNotificationLevel":"none","jumpToDefinition":{"file":"src/vault/Vault.sol","start":{"line":333,"col":5},"end":{"line":336,"col":6}},"nodeType":"METHOD_INSTANTIATION","splitProgress":null,"status":"RUNNING","duration":0,"isRunning":true,"childrenTotalNum":null,"childrenFinishedNum":null},{"name":"Vault.originalDeposits(address)","children":[],"output":[],"uiId":112,"LiveCheckInfo":null,"errors":[],"highestNotificationLevel":"none","jumpToDefinition":{"file":"src/vault/Vault.sol","start":{"line":90,"col":5},"end":{"line":90,"col":56}},"nodeType":"METHOD_INSTANTIATION","splitProgress":null,"status":"RUNNING","duration":0,"isRunning":true,"childrenTotalNum":null,"childrenFinishedNum":null},{"name":"Vault.transferOwnership(address)","children":[],"output":[],"uiId":113,"LiveCheckInfo":null,"errors":[],"highestNotificationLevel":"none","jumpToDefinition":{"file":"lib/oz_reflax/access/Ownable.sol","start":{"line":82,"col":5},"end":{"line":87,"col":6}},"nodeType":"METHOD_INSTANTIATION","splitProgress":null,"status":"RUNNING","duration":0,"isRunning":true,"childrenTotalNum":null,"childrenFinishedNum":null},{"name":"Vault.getEffectiveDeposit(address)","children":[],"output":[],"uiId":114,"LiveCheckInfo":null,"errors":[],"highestNotificationLevel":"none","jumpToDefinition":{"file":"src/vault/Vault.sol","start":{"line":212,"col":5},"end":{"line":214,"col":6}},"nodeType":"METHOD_INSTANTIATION","splitProgress":null,"status":"RUNNING","duration":0,"isRunning":true,"childrenTotalNum":null,"childrenFinishedNum":null},{"name":"Vault.migrateYieldSource(address)","children":[],"output":[],"uiId":115,"LiveCheckInfo":null,"errors":[],"highestNotificationLevel":"none","jumpToDefinition":{"file":"src/vault/Vault.sol","start":{"line":344,"col":5},"end":{"line":372,"col":6}},"nodeType":"METHOD_INSTANTIATION","splitProgress":null,"status":"RUNNING","duration":0,"isRunning":true,"childrenTotalNum":null,"childrenFinishedNum":null},{"name":"Vault.emergencyWithdrawETH(address)","children":[],"output":[],"uiId":116,"LiveCheckInfo":null,"errors":[],"highestNotificationLevel":"none","jumpToDefinition":{"file":"src/vault/Vault.sol","start":{"line":416,"col":5},"end":{"line":423,"col":6}},"nodeType":"METHOD_INSTANTIATION","splitProgress":null,"status":"RUNNING","duration":0,"isRunning":true,"childrenTotalNum":null,"childrenFinishedNum":null},{"name":"Vault.withdraw(uint256,bool,uint256)","children":[],"output":[],"uiId":117,"LiveCheckInfo":null,"errors":[],"highestNotificationLevel":"none","jumpToDefinition":{"file":"src/vault/Vault.sol","start":{"line":246,"col":5},"end":{"line":303,"col":6}},"nodeType":"METHOD_INSTANTIATION","splitProgress":null,"status":"RUNNING","duration":0,"isRunning":true,"childrenTotalNum":null,"childrenFinishedNum":null}],"output":[],"uiId":46,"LiveCheckInfo":null,"errors":[],"highestNotificationLevel":"none","jumpToDefinition":{"file":"certora/specs/Vault.spec","start":{"line":236,"col":1},"end":{"line":277,"col":2}},"nodeType":"CONTRACT","splitProgress":null,"status":"RUNNING","duration":0,"isRunning":true,"childrenTotalNum":null,"childrenFinishedNum":null}],"output":[],"uiId":12,"LiveCheckInfo":null,"errors":[],"highestNotificationLevel":"info","jumpToDefinition":{"file":"certora/specs/Vault.spec","start":{"line":236,"col":1},"end":{"line":277,"col":2}},"nodeType":"ROOT","splitProgress":null,"status":"VIOLATED","duration":8,"isRunning":true,"childrenTotalNum":null,"childrenFinishedNum":null},{"name":"onlyOwnerCanMigrate","children":[],"output":["rule_output_4.json"],"uiId":11,"LiveCheckInfo":"rule_live_statistics_4.json","errors":[{"severity":"warning","message":"Rule depends on a `require` (`require newYieldSource != 0;`) without reason at Vault.spec:126:5 that affects an argument of a solidity call. Be sure to carefully evaluate whether this `require` may hide relevant behaviors and document it with a reason."},{"severity":"warning","message":"Rule depends on a `require` (`require newYieldSource != yieldSource();`) without reason at Vault.spec:127:5 that affects an argument of a solidity call. Be sure to carefully evaluate whether this `require` may hide relevant behaviors and document it with a reason."}],"highestNotificationLevel":"warning","jumpToDefinition":{"file":"certora/specs/Vault.spec","start":{"line":125,"col":1},"end":{"line":135,"col":2}},"nodeType":"ROOT","splitProgress":null,"status":"VERIFIED","duration":6,"isRunning":false,"childrenTotalNum":null,"childrenFinishedNum":null},{"name":"onlyOwnerCanSetFlaxPerSFlax","children":[],"output":["rule_output_2.json"],"uiId":9,"LiveCheckInfo":"rule_live_statistics_2.json","errors":[],"highestNotificationLevel":"none","jumpToDefinition":{"file":"certora/specs/Vault.spec","start":{"line":117,"col":1},"end":{"line":123,"col":2}},"nodeType":"ROOT","splitProgress":null,"status":"VERIFIED","duration":6,"isRunning":false,"childrenTotalNum":null,"childrenFinishedNum":null},{"name":"permanentlyDisabledVaultRejectsOperations","children":[],"output":[],"uiId":3,"LiveCheckInfo":"rule_live_statistics_12.json","errors":[],"highestNotificationLevel":"none","jumpToDefinition":{"file":"certora/specs/Vault.spec","start":{"line":297,"col":1},"end":{"line":314,"col":2}},"nodeType":"ROOT","splitProgress":0,"status":"RUNNING","duration":0,"isRunning":true,"childrenTotalNum":null,"childrenFinishedNum":null},{"name":"rebaseMultiplierIsValid","children":[{"name":"setEmergencyState(bool)","children":[],"output":["rule_output_6.json"],"uiId":13,"LiveCheckInfo":"rule_live_statistics_6.json","errors":[{"severity":"info","message":"Rule depends on a `require` (`require rebaseMultiplier() == 1000000000000000000 || rebaseMultiplier() == 0;`) without reason at Vault.spec:72:5. Be sure to carefully evaluate whether this `require` may hide relevant behaviors and document it with a reason."}],"highestNotificationLevel":"info","jumpToDefinition":{"file":"src/vault/Vault.sol","start":{"line":388,"col":5},"end":{"line":391,"col":6}},"nodeType":"METHOD_INSTANTIATION","splitProgress":null,"status":"VERIFIED","duration":4,"isRunning":false,"childrenTotalNum":null,"childrenFinishedNum":null},{"name":"emergencyWithdrawFromYieldSource(address,address)","children":[],"output":["rule_output_13.json"],"uiId":14,"LiveCheckInfo":"rule_live_statistics_13.json","errors":[{"severity":"info","message":"Rule depends on a `require` (`require rebaseMultiplier() == 1000000000000000000 || rebaseMultiplier() == 0;`) without reason at Vault.spec:72:5. Be sure to carefully evaluate whether this `require` may hide relevant behaviors and document it with a reason."}],"highestNotificationLevel":"info","jumpToDefinition":{"file":"src/vault/Vault.sol","start":{"line":432,"col":5},"end":{"line":457,"col":6}},"nodeType":"METHOD_INSTANTIATION","splitProgress":null,"status":"VERIFIED","duration":2,"isRunning":false,"childrenTotalNum":null,"childrenFinishedNum":null},{"name":"emergencyWithdraw(address,address)","children":[],"output":["rule_output_15.json"],"uiId":15,"LiveCheckInfo":"rule_live_statistics_15.json","errors":[{"severity":"info","message":"Rule depends on a `require` (`require rebaseMultiplier() == 1000000000000000000 || rebaseMultiplier() == 0;`) without reason at Vault.spec:72:5. Be sure to carefully evaluate whether this `require` may hide relevant behaviors and document it with a reason."}],"highestNotificationLevel":"info","jumpToDefinition":{"file":"src/vault/Vault.sol","start":{"line":399,"col":5},"end":{"line":409,"col":6}},"nodeType":"METHOD_INSTANTIATION","splitProgress":null,"status":"VERIFIED","duration":2,"isRunning":false,"childrenTotalNum":null,"childrenFinishedNum":null},{"name":"<receiveOrFallback>()","children":[],"output":["rule_output_14.json"],"uiId":16,"LiveCheckInfo":"rule_live_statistics_14.json","errors":[{"severity":"info","message":"Rule depends on a `require` (`require rebaseMultiplier() == 1000000000000000000 || rebaseMultiplier() == 0;`) without reason at Vault.spec:72:5. Be sure to carefully evaluate whether this `require` may hide relevant behaviors and document it with a reason."}],"highestNotificationLevel":"info","jumpToDefinition":null,"nodeType":"METHOD_INSTANTIATION","splitProgress":null,"status":"VERIFIED","duration":1,"isRunning":false,"childrenTotalNum":null,"childrenFinishedNum":null},{"name":"renounceOwnership()","children":[],"output":["rule_output_17.json"],"uiId":17,"LiveCheckInfo":"rule_live_statistics_17.json","errors":[{"severity":"info","message":"Rule depends on a `require` (`require rebaseMultiplier() == 1000000000000000000 || rebaseMultiplier() == 0;`) without reason at Vault.spec:72:5. Be sure to carefully evaluate whether this `require` may hide relevant behaviors and document it with a reason."}],"highestNotificationLevel":"info","jumpToDefinition":{"file":"lib/oz_reflax/access/Ownable.sol","start":{"line":74,"col":5},"end":{"line":76,"col":6}},"nodeType":"METHOD_INSTANTIATION","splitProgress":null,"status":"VERIFIED","duration":3,"isRunning":false,"childrenTotalNum":null,"childrenFinishedNum":null},{"name":"claimRewards(uint256)","children":[],"output":["rule_output_20.json"],"uiId":18,"LiveCheckInfo":"rule_live_statistics_20.json","errors":[{"severity":"info","message":"The rule result was successfully determined without running SMT solver (i.e. solely by static analysis) It is recommended to run with `--rule_sanity basic`"},{"severity":"info","message":"Rule depends on a `require` (`require rebaseMultiplier() == 1000000000000000000 || rebaseMultiplier() == 0;`) without reason at Vault.spec:72:5. Be sure to carefully evaluate whether this `require` may hide relevant behaviors and document it with a reason."}],"highestNotificationLevel":"info","jumpToDefinition":{"file":"src/vault/Vault.sol","start":{"line":310,"col":5},"end":{"line":326,"col":6}},"nodeType":"METHOD_INSTANTIATION","splitProgress":null,"status":"VERIFIED","duration":0,"isRunning":false,"childrenTotalNum":null,"childrenFinishedNum":null},{"name":"deposit(uint256)","children":[],"output":["rule_output_33.json"],"uiId":19,"LiveCheckInfo":"rule_live_statistics_33.json","errors":[{"severity":"info","message":"The rule result was successfully determined without running SMT solver (i.e. solely by static analysis) It is recommended to run with `--rule_sanity basic`"},{"severity":"info","message":"Rule depends on a `require` (`require rebaseMultiplier() == 1000000000000000000 || rebaseMultiplier() == 0;`) without reason at Vault.spec:72:5. Be sure to carefully evaluate whether this `require` may hide relevant behaviors and document it with a reason."}],"highestNotificationLevel":"info","jumpToDefinition":{"file":"src/vault/Vault.sol","start":{"line":229,"col":5},"end":{"line":237,"col":6}},"nodeType":"METHOD_INSTANTIATION","splitProgress":null,"status":"VERIFIED","duration":0,"isRunning":false,"childrenTotalNum":null,"childrenFinishedNum":null},{"name":"setFlaxPerSFlax(uint256)","children":[],"output":["rule_output_35.json"],"uiId":20,"LiveCheckInfo":"rule_live_statistics_35.json","errors":[{"severity":"info","message":"Rule depends on a `require` (`require rebaseMultiplier() == 1000000000000000000 || rebaseMultiplier() == 0;`) without reason at Vault.spec:72:5. Be sure to carefully evaluate whether this `require` may hide relevant behaviors and document it with a reason."}],"highestNotificationLevel":"info","jumpToDefinition":{"file":"src/vault/Vault.sol","start":{"line":333,"col":5},"end":{"line":336,"col":6}},"nodeType":"METHOD_INSTANTIATION","splitProgress":null,"status":"VERIFIED","duration":1,"isRunning":false,"childrenTotalNum":null,"childrenFinishedNum":null},{"name":"transferOwnership(address)","children":[],"output":["rule_output_38.json"],"uiId":21,"LiveCheckInfo":"rule_live_statistics_38.json","errors":[{"severity":"info","message":"Rule depends on a `require` (`require rebaseMultiplier() == 1000000000000000000 || rebaseMultiplier() == 0;`) without reason at Vault.spec:72:5. Be sure to carefully evaluate whether this `require` may hide relevant behaviors and document it with a reason."}],"highestNotificationLevel":"info","jumpToDefinition":{"file":"lib/oz_reflax/access/Ownable.sol","start":{"line":82,"col":5},"end":{"line":87,"col":6}},"nodeType":"METHOD_INSTANTIATION","splitProgress":null,"status":"VERIFIED","duration":2,"isRunning":false,"childrenTotalNum":null,"childrenFinishedNum":null},{"name":"migrateYieldSource(address)","children":[],"output":[],"uiId":22,"LiveCheckInfo":null,"errors":[],"highestNotificationLevel":"none","jumpToDefinition":{"file":"src/vault/Vault.sol","start":{"line":344,"col":5},"end":{"line":372,"col":6}},"nodeType":"METHOD_INSTANTIATION","splitProgress":null,"status":"RUNNING","duration":0,"isRunning":true,"childrenTotalNum":null,"childrenFinishedNum":null},{"name":"emergencyWithdrawETH(address)","children":[],"output":[],"uiId":23,"LiveCheckInfo":null,"errors":[],"highestNotificationLevel":"none","jumpToDefinition":{"file":"src/vault/Vault.sol","start":{"line":416,"col":5},"end":{"line":423,"col":6}},"nodeType":"METHOD_INSTANTIATION","splitProgress":null,"status":"RUNNING","duration":0,"isRunning":true,"childrenTotalNum":null,"childrenFinishedNum":null},{"name":"withdraw(uint256,bool,uint256)","children":[],"output":[],"uiId":24,"LiveCheckInfo":null,"errors":[],"highestNotificationLevel":"none","jumpToDefinition":{"file":"src/vault/Vault.sol","start":{"line":246,"col":5},"end":{"line":303,"col":6}},"nodeType":"METHOD_INSTANTIATION","splitProgress":null,"status":"RUNNING","duration":0,"isRunning":true,"childrenTotalNum":null,"childrenFinishedNum":null}],"output":[],"uiId":4,"LiveCheckInfo":null,"errors":[],"highestNotificationLevel":"info","jumpToDefinition":{"file":"certora/specs/Vault.spec","start":{"line":65,"col":1},"end":{"line":99,"col":2}},"nodeType":"ROOT","splitProgress":null,"status":"VERIFIED","duration":15,"isRunning":true,"childrenTotalNum":null,"childrenFinishedNum":null},{"name":"rebaseMultiplierStaysConstantOnDeposit","children":[],"output":["rule_output_36.json"],"uiId":31,"LiveCheckInfo":"rule_live_statistics_36.json","errors":[{"severity":"info","message":"The rule result was successfully determined without running SMT solver (i.e. solely by static analysis) It is recommended to run with `--rule_sanity basic`"},{"severity":"warning","message":"Rule depends on a `require` (`require amount > 0 && amount < 2^32;`) without reason at Vault.spec:441:5 that affects an argument of a solidity call. Be sure to carefully evaluate whether this `require` may hide relevant behaviors and document it with a reason."},{"severity":"info","message":"Rule depends on a `require` (`require rebaseMultiplier() == 1000000000000000000;`) without reason at Vault.spec:442:5. Be sure to carefully evaluate whether this `require` may hide relevant behaviors and document it with a reason."},{"severity":"info","message":"Rule depends on a `require` (`require !emergencyState();`) without reason at Vault.spec:443:5. Be sure to carefully evaluate whether this `require` may hide relevant behaviors and document it with a reason."},{"severity":"warning","message":"Rule depends on a `require` (`require inputToken.balanceOf(e, e.msg.sender) >= amount;`) without reason at Vault.spec:444:5 that affects an argument of a solidity call. Be sure to carefully evaluate whether this `require` may hide relevant behaviors and document it with a reason."},{"severity":"warning","message":"Rule depends on a `require` (`require inputToken.allowance(e, e.msg.sender, currentContract) >= amount;`) without reason at Vault.spec:445:5 that affects an argument of a solidity call. Be sure to carefully evaluate whether this `require` may hide relevant behaviors and document it with a reason."}],"highestNotificationLevel":"warning","jumpToDefinition":{"file":"certora/specs/Vault.spec","start":{"line":440,"col":1},"end":{"line":456,"col":2}},"nodeType":"ROOT","splitProgress":null,"status":"VERIFIED","duration":0,"isRunning":false,"childrenTotalNum":null,"childrenFinishedNum":null},{"name":"sFlaxBurnBoostsRewards","children":[{"name":"flaxIncrease >= expectedBoost","children":[],"output":["rule_output_7.json"],"uiId":121,"LiveCheckInfo":null,"errors":[],"highestNotificationLevel":"none","jumpToDefinition":{"file":"certora/specs/Vault.spec","start":{"line":339,"col":9},"end":{"line":339,"col":46}},"nodeType":"VIOLATED_ASSERT","splitProgress":null,"status":"VIOLATED","duration":5,"isRunning":false,"childrenTotalNum":null,"childrenFinishedNum":null}],"output":["rule_output_7.json"],"uiId":1,"LiveCheckInfo":"rule_live_statistics_7.json","errors":[{"severity":"warning","message":"Rule depends on a `require` (`require sFlaxAmount > 0 && sFlaxAmount < 100;`) without reason at Vault.spec:320:5 that affects an argument of a solidity call. Be sure to carefully evaluate whether this `require` may hide relevant behaviors and document it with a reason."},{"severity":"info","message":"Rule depends on a `require` (`require !emergencyState();`) without reason at Vault.spec:321:5. Be sure to carefully evaluate whether this `require` may hide relevant behaviors and document it with a reason."},{"severity":"info","message":"Rule depends on a `require` (`require rebaseMultiplier() == 1000000000000000000;`) without reason at Vault.spec:322:5. Be sure to carefully evaluate whether this `require` may hide relevant behaviors and document it with a reason."},{"severity":"info","message":"Rule depends on a `require` (`require flaxPerSFlax() > 0 && flaxPerSFlax() < 1000000000000000000;`) without reason at Vault.spec:323:5. Be sure to carefully evaluate whether this `require` may hide relevant behaviors and document it with a reason."},{"severity":"warning","message":"Rule depends on a `require` (`require sFlaxToken.balanceOf(e, e.msg.sender) >= sFlaxAmount;`) without reason at Vault.spec:324:5 that affects an argument of a solidity call. Be sure to carefully evaluate whether this `require` may hide relevant behaviors and document it with a reason."},{"severity":"warning","message":"Rule depends on a `require` (`require sFlaxToken.allowance(e, e.msg.sender, currentContract) >= sFlaxAmount;`) without reason at Vault.spec:325:5 that affects an argument of a solidity call. Be sure to carefully evaluate whether this `require` may hide relevant behaviors and document it with a reason."},{"severity":"warning","message":"Rule depends on a `require` (`require flaxToken.balanceOf(e, currentContract) >= 1000000;`) without reason at Vault.spec:326:5 that affects an argument of a solidity call. Be sure to carefully evaluate whether this `require` may hide relevant behaviors and document it with a reason."},{"severity":"warning","message":"Rule depends on a `require` (`require getEffectiveDeposit(e.msg.sender) > 0;`) without reason at Vault.spec:327:5 that affects an argument of a solidity call. Be sure to carefully evaluate whether this `require` may hide relevant behaviors and document it with a reason."}],"highestNotificationLevel":"warning","jumpToDefinition":{"file":"certora/specs/Vault.spec","start":{"line":318,"col":1},"end":{"line":344,"col":2}},"nodeType":"ROOT","splitProgress":null,"status":"VIOLATED","duration":5,"isRunning":false,"childrenTotalNum":null,"childrenFinishedNum":null},{"name":"userCannotDepositForOthers","children":[],"output":["rule_output_21.json"],"uiId":28,"LiveCheckInfo":"rule_live_statistics_21.json","errors":[{"severity":"warning","message":"Rule depends on a `require` (`require e.msg.sender != otherUser;`) without reason at Vault.spec:382:5 that affects an argument of a solidity call. Be sure to carefully evaluate whether this `require` may hide relevant behaviors and document it with a reason."},{"severity":"warning","message":"Rule depends on a `require` (`require otherUser != currentContract;`) without reason at Vault.spec:383:5 that affects an argument of a solidity call. Be sure to carefully evaluate whether this `require` may hide relevant behaviors and document it with a reason."},{"severity":"warning","message":"Rule depends on a `require` (`require otherUser != 0;`) without reason at Vault.spec:384:5 that affects an argument of a solidity call. Be sure to carefully evaluate whether this `require` may hide relevant behaviors and document it with a reason."},{"severity":"warning","message":"Rule depends on a `require` (`require amount > 0 && amount < 2^128;`) without reason at Vault.spec:385:5 that affects an argument of a solidity call. Be sure to carefully evaluate whether this `require` may hide relevant behaviors and document it with a reason."},{"severity":"info","message":"Rule depends on a `require` (`require !emergencyState();`) without reason at Vault.spec:386:5. Be sure to carefully evaluate whether this `require` may hide relevant behaviors and document it with a reason."},{"severity":"info","message":"Rule depends on a `require` (`require rebaseMultiplier() > 0;`) without reason at Vault.spec:387:5. Be sure to carefully evaluate whether this `require` may hide relevant behaviors and document it with a reason."}],"highestNotificationLevel":"warning","jumpToDefinition":{"file":"certora/specs/Vault.spec","start":{"line":381,"col":1},"end":{"line":401,"col":2}},"nodeType":"ROOT","splitProgress":null,"status":"VERIFIED","duration":3,"isRunning":false,"childrenTotalNum":null,"childrenFinishedNum":null},{"name":"withdrawalCannotAffectOthers","children":[],"output":[],"uiId":29,"LiveCheckInfo":"rule_live_statistics_34.json","errors":[],"highestNotificationLevel":"none","jumpToDefinition":{"file":"certora/specs/Vault.spec","start":{"line":403,"col":1},"end":{"line":426,"col":2}},"nodeType":"ROOT","splitProgress":0,"status":"RUNNING","duration":0,"isRunning":true,"childrenTotalNum":null,"childrenFinishedNum":null},{"name":"withdrawalDecreasesEffectiveBalance","children":[],"output":[],"uiId":7,"LiveCheckInfo":"rule_live_statistics_10.json","errors":[],"highestNotificationLevel":"none","jumpToDefinition":{"file":"certora/specs/Vault.spec","start":{"line":184,"col":1},"end":{"line":206,"col":2}},"nodeType":"ROOT","splitProgress":0,"status":"RUNNING","duration":0,"isRunning":true,"childrenTotalNum":null,"childrenFinishedNum":null},{"name":"withdrawalRespectsSurplus","children":[],"output":[],"uiId":10,"LiveCheckInfo":"rule_live_statistics_8.json","errors":[],"highestNotificationLevel":"none","jumpToDefinition":{"file":"certora/specs/Vault.spec","start":{"line":216,"col":1},"end":{"line":232,"col":2}},"nodeType":"ROOT","splitProgress":0,"status":"RUNNING","duration":0,"isRunning":true,"childrenTotalNum":null,"childrenFinishedNum":null},{"name":"withdrawalWhenDisabledFails","children":[],"output":["rule_output_9.json"],"uiId":2,"LiveCheckInfo":"rule_live_statistics_9.json","errors":[{"severity":"info","message":"The rule result was successfully determined without running SMT solver (i.e. solely by static analysis) It is recommended to run with `--rule_sanity basic`"},{"severity":"info","message":"Rule depends on a `require` (`require rebaseMultiplier() == 0;`) without reason at Vault.spec:209:5. Be sure to carefully evaluate whether this `require` may hide relevant behaviors and document it with a reason."}],"highestNotificationLevel":"info","jumpToDefinition":{"file":"certora/specs/Vault.spec","start":{"line":208,"col":1},"end":{"line":214,"col":2}},"nodeType":"ROOT","splitProgress":null,"status":"VERIFIED","duration":0,"isRunning":false,"childrenTotalNum":null,"childrenFinishedNum":null}],"timestamp":1750929128730,"contract":"Vault","spec":"certora/specs/Vault.spec","availableContracts":[{"name":"CVX_CRV_YieldSource","address":"See in the \"Variables\" tab for a violated rule","storageLinks":[],"methods":["constructor(address,address,address,address,string,address,address,address,address,uint256,address,address[],string[],address[])","minSlippageBps()","transferOwnership(address)","numPoolTokens()","priceTilter()","deposit(uint256)","convexRewardPool()","uniswapV3Router()","UNISWAP_FEE()","renounceOwnership()","setLpTokenName(string)","setUnderlyingWeights(address,uint256[])","claimRewards()","emergencyWithdraw(address,address)","poolTokenSymbols(uint256)","curvePool()","flaxToken()","crvLpToken()","withdraw(uint256)","poolId()","convexBooster()","oracle()","rewardTokens(uint256)","lpTokenName()","poolTokens(uint256)","owner()","totalDeposited()","claimAndSellForInputToken()","underlyingWeights(address,uint256)","whitelistVault(address,bool)","inputToken()","setMinSlippageBps(uint256)","whitelistedVaults(address)"]},{"name":"MockERC20","address":"See in the \"Variables\" tab for a violated rule","storageLinks":[],"methods":["totalSupply()","symbol()","name()","decimals()","burn(uint256)","balanceOf(address)","approve(address,uint256)","mint(address,uint256)","transfer(address,uint256)","transferFrom(address,address,uint256)","allowance(address,address)"]},{"name":"Vault","address":"See in the \"Variables\" tab for a violated rule","storageLinks":[],"methods":["constructor(address,address,address,address,address)","getEffectiveDeposit(address)","transferOwnership(address)","totalDeposits()","priceTilter()","deposit(uint256)","emergencyState()","renounceOwnership()","emergencyWithdraw(address,address)","migrateYieldSource(address)","setFlaxPerSFlax(uint256)","sFlaxToken()","flaxToken()","withdraw(uint256,bool,uint256)","emergencyWithdrawFromYieldSource(address,address)","rebaseMultiplier()","surplusInputToken()","emergencyWithdrawETH(address)","flaxPerSFlax()","yieldSource()","owner()","originalDeposits(address)","setEmergencyState(bool)","getEffectiveTotalDeposits()","inputToken()","claimRewards(uint256)","canWithdraw()"]}],"globalCallResolution":[{"callee":{"name":"[?].balanceOf(address)","jumpToDefinition":null},"globalCallResolutionRows":[{"caller":{"name":"Vault.emergencyWithdraw(address,address)","jumpToDefinition":null},"callSite":{"snippet":"tokenContract.balanceOf(address(this))","jumpToDefinition":{"file":"src/vault/Vault.sol","start":{"line":403,"col":27},"end":{"line":403,"col":65}}},"summary":"DISPATCHER(optimistic = true)","comments":[{"callee resolution":"callee contract unresolved; callee sighash resolved"},{"resolved callees":"[MockERC20.balanceOf(address)]"},{"summary application reason":"declared at Vault.spec:27:47; applied to calls where no callee could be resolved"}],"isWarning":false},{"caller":{"name":"Vault.emergencyWithdrawFromYieldSource(address,address)","jumpToDefinition":null},"callSite":{"snippet":"tokenContract.balanceOf(address(this))","jumpToDefinition":{"file":"src/vault/Vault.sol","start":{"line":451,"col":27},"end":{"line":451,"col":65}}},"summary":"DISPATCHER(optimistic = true)","comments":[{"callee resolution":"callee contract unresolved; callee sighash resolved"},{"resolved callees":"[MockERC20.balanceOf(address)]"},{"summary application reason":"declared at Vault.spec:27:47; applied to calls where no callee could be resolved"}],"isWarning":false}]},{"callee":{"name":"[?].transfer(address, uint256)","jumpToDefinition":null},"globalCallResolutionRows":[{"caller":{"name":"Vault.emergencyWithdraw(address,address)","jumpToDefinition":null},"callSite":{"snippet":"assembly (\"memory-safe\") {let success := call(gas(), token, 0, add(data, 0x20), mload(data), 0, 0x20)// bubble errorsif iszero(success) {let ptr := mload(0x40)returndatacopy(ptr, 0, returndatasize())revert(ptr, returndatasize())}returnSize := returndatasize()returnValue := mload(0)}","jumpToDefinition":{"file":"lib/oz_reflax/token/ERC20/utils/SafeERC20.sol","start":{"line":50,"col":9},"end":{"line":60,"col":10}}},"summary":"DISPATCHER(optimistic = true)","comments":[{"callee resolution":"callee contract unresolved; callee sighash resolved"},{"resolved callees":"[MockERC20.transfer(address,uint256)]"},{"summary application reason":"declared at Vault.spec:31:55; applied to calls where no callee could be resolved"}],"isWarning":false},{"caller":{"name":"Vault.emergencyWithdrawFromYieldSource(address,address)","jumpToDefinition":null},"callSite":{"snippet":"assembly (\"memory-safe\") {let success := call(gas(), token, 0, add(data, 0x20), mload(data), 0, 0x20)// bubble errorsif iszero(success) {let ptr := mload(0x40)returndatacopy(ptr, 0, returndatasize())revert(ptr, returndatasize())}returnSize := returndatasize()returnValue := mload(0)}","jumpToDefinition":{"file":"lib/oz_reflax/token/ERC20/utils/SafeERC20.sol","start":{"line":50,"col":9},"end":{"line":60,"col":10}}},"summary":"DISPATCHER(optimistic = true)","comments":[{"callee resolution":"callee contract unresolved; callee sighash resolved"},{"resolved callees":"[MockERC20.transfer(address,uint256)]"},{"summary application reason":"declared at Vault.spec:31:55; applied to calls where no callee could be resolved"}],"isWarning":false},{"caller":{"name":"Vault.claimRewards(uint256)","jumpToDefinition":null},"callSite":{"snippet":"assembly (\"memory-safe\") {let success := call(gas(), token, 0, add(data, 0x20), mload(data), 0, 0x20)// bubble errorsif iszero(success) {let ptr := mload(0x40)returndatacopy(ptr, 0, returndatasize())revert(ptr, returndatasize())}returnSize := returndatasize()returnValue := mload(0)}","jumpToDefinition":{"file":"lib/oz_reflax/token/ERC20/utils/SafeERC20.sol","start":{"line":50,"col":9},"end":{"line":60,"col":10}}},"summary":"DISPATCHER(optimistic = true)","comments":[{"callee resolution":"callee contract unresolved; callee sighash resolved"},{"resolved callees":"[MockERC20.transfer(address,uint256)]"},{"summary application reason":"declared at Vault.spec:31:55; applied to calls where no callee could be resolved"}],"isWarning":false}]},{"callee":{"name":"[?].claimAndSellForInputToken()","jumpToDefinition":null},"globalCallResolutionRows":[{"caller":{"name":"Vault.migrateYieldSource(address)","jumpToDefinition":null},"callSite":{"snippet":"IYieldsSource(oldYieldSource).claimAndSellForInputToken()","jumpToDefinition":{"file":"src/vault/Vault.sol","start":{"line":348,"col":36},"end":{"line":348,"col":93}}},"summary":"AUTO havoc","comments":[{"callee resolution":"callee contract unresolved; callee sighash resolved"},{"callee resolution hint (1)":"To resolve the call, try '--link Vault:yieldSource=[CVX_CRV_YieldSource]'"},{"havoc cause":"The Prover could not resolve the callee, thus, havoc'd the call"},{"havoc scope":"a havoc that havocs all contracts except Vault (ce4604a0000000000000000000000009)"},{"summary application reason":"chosen automatically by the Prover"}],"isWarning":true}]},{"callee":{"name":"[?].withdraw(uint256)","jumpToDefinition":null},"globalCallResolutionRows":[{"caller":{"name":"Vault.migrateYieldSource(address)","jumpToDefinition":null},"callSite":{"snippet":"IYieldsSource(oldYieldSource).withdraw(amount)","jumpToDefinition":{"file":"src/vault/Vault.sol","start":{"line":356,"col":36},"end":{"line":356,"col":82}}},"summary":"AUTO havoc","comments":[{"callee resolution":"callee contract unresolved; callee sighash resolved"},{"callee resolution hint (1)":"To resolve the call, try '--link Vault:yieldSource=[CVX_CRV_YieldSource]'"},{"havoc cause":"The Prover could not resolve the callee, thus, havoc'd the call"},{"havoc scope":"a havoc that havocs all contracts except Vault (ce4604a0000000000000000000000009)"},{"summary application reason":"chosen automatically by the Prover"}],"isWarning":true},{"caller":{"name":"Vault.emergencyWithdrawFromYieldSource(address,address)","jumpToDefinition":null},"callSite":{"snippet":"IYieldsSource(yieldSource).withdraw(totalDeposits)","jumpToDefinition":{"file":"src/vault/Vault.sol","start":{"line":437,"col":36},"end":{"line":437,"col":86}}},"summary":"AUTO havoc","comments":[{"callee resolution":"callee contract unresolved; callee sighash resolved"},{"callee resolution hint (1)":"To resolve the call, try '--link Vault:yieldSource=[CVX_CRV_YieldSource]'"},{"havoc cause":"The Prover could not resolve the callee, thus, havoc'd the call"},{"havoc scope":"a havoc that havocs all contracts except Vault (ce4604a0000000000000000000000009)"},{"summary application reason":"chosen automatically by the Prover"}],"isWarning":true}]},{"callee":{"name":"[?].approve(address, uint256)","jumpToDefinition":null},"globalCallResolutionRows":[{"caller":{"name":"Vault.migrateYieldSource(address)","jumpToDefinition":null},"callSite":{"snippet":"inputToken.approve(newYieldSource, surplusInputToken)","jumpToDefinition":{"file":"src/vault/Vault.sol","start":{"line":363,"col":13},"end":{"line":363,"col":66}}},"summary":"DISPATCHER(optimistic = true)","comments":[{"callee resolution":"callee contract unresolved; callee sighash resolved"},{"resolved callees":"[MockERC20.approve(address,uint256)]"},{"summary application reason":"declared at Vault.spec:32:54; applied to calls where no callee could be resolved"}],"isWarning":false},{"caller":{"name":"Vault.deposit(uint256)","jumpToDefinition":null},"callSite":{"snippet":"inputToken.approve(yieldSource, amount)","jumpToDefinition":{"file":"src/vault/Vault.sol","start":{"line":232,"col":9},"end":{"line":232,"col":48}}},"summary":"DISPATCHER(optimistic = true)","comments":[{"callee resolution":"callee contract unresolved; callee sighash resolved"},{"resolved callees":"[MockERC20.approve(address,uint256)]"},{"summary application reason":"declared at Vault.spec:32:54; applied to calls where no callee could be resolved"}],"isWarning":false}]},{"callee":{"name":"[?].deposit(uint256)","jumpToDefinition":null},"globalCallResolutionRows":[{"caller":{"name":"Vault.migrateYieldSource(address)","jumpToDefinition":null},"callSite":{"snippet":"IYieldsSource(newYieldSource).deposit(surplusInputToken)","jumpToDefinition":{"file":"src/vault/Vault.sol","start":{"line":365,"col":13},"end":{"line":365,"col":69}}},"summary":"AUTO havoc","comments":[{"callee resolution":"callee contract unresolved; callee sighash resolved"},{"havoc cause":"The Prover could not resolve the callee, thus, havoc'd the call"},{"havoc scope":"a havoc that havocs all contracts except Vault (ce4604a0000000000000000000000009)"},{"summary application reason":"chosen automatically by the Prover"}],"isWarning":true}]},{"callee":{"name":"[?].transferFrom(address, address, uint256)","jumpToDefinition":null},"globalCallResolutionRows":[{"caller":{"name":"Vault.deposit(uint256)","jumpToDefinition":null},"callSite":{"snippet":"assembly (\"memory-safe\") {let success := call(gas(), token, 0, add(data, 0x20), mload(data), 0, 0x20)// bubble errorsif iszero(success) {let ptr := mload(0x40)returndatacopy(ptr, 0, returndatasize())revert(ptr, returndatasize())}returnSize := returndatasize()returnValue := mload(0)}","jumpToDefinition":{"file":"lib/oz_reflax/token/ERC20/utils/SafeERC20.sol","start":{"line":50,"col":9},"end":{"line":60,"col":10}}},"summary":"DISPATCHER(optimistic = true)","comments":[{"callee resolution":"callee contract unresolved; callee sighash resolved"},{"resolved callees":"[MockERC20.transferFrom(address,address,uint256)]"},{"summary application reason":"declared at Vault.spec:30:68; applied to calls where no callee could be resolved"}],"isWarning":false},{"caller":{"name":"Vault.claimRewards(uint256)","jumpToDefinition":null},"callSite":{"snippet":"assembly (\"memory-safe\") {let success := call(gas(), token, 0, add(data, 0x20), mload(data), 0, 0x20)// bubble errorsif iszero(success) {let ptr := mload(0x40)returndatacopy(ptr, 0, returndatasize())revert(ptr, returndatasize())}returnSize := returndatasize()returnValue := mload(0)}","jumpToDefinition":{"file":"lib/oz_reflax/token/ERC20/utils/SafeERC20.sol","start":{"line":50,"col":9},"end":{"line":60,"col":10}}},"summary":"DISPATCHER(optimistic = true)","comments":[{"callee resolution":"callee contract unresolved; callee sighash resolved"},{"resolved callees":"[MockERC20.transferFrom(address,address,uint256)]"},{"summary application reason":"declared at Vault.spec:30:68; applied to calls where no callee could be resolved"}],"isWarning":false}]},{"callee":{"name":"[?].deposit(uint256)","jumpToDefinition":null},"globalCallResolutionRows":[{"caller":{"name":"Vault.deposit(uint256)","jumpToDefinition":null},"callSite":{"snippet":"IYieldsSource(yieldSource).deposit(amount)","jumpToDefinition":{"file":"src/vault/Vault.sol","start":{"line":233,"col":28},"end":{"line":233,"col":70}}},"summary":"AUTO havoc","comments":[{"callee resolution":"callee contract unresolved; callee sighash resolved"},{"callee resolution hint (1)":"To resolve the call, try '--link Vault:yieldSource=[CVX_CRV_YieldSource | Vault]'"},{"havoc cause":"The Prover could not resolve the callee, thus, havoc'd the call"},{"havoc scope":"a havoc that havocs all contracts except Vault (ce4604a0000000000000000000000009)"},{"summary application reason":"chosen automatically by the Prover"}],"isWarning":true}]},{"callee":{"name":"[?].claimRewards()","jumpToDefinition":null},"globalCallResolutionRows":[{"caller":{"name":"Vault.claimRewards(uint256)","jumpToDefinition":null},"callSite":{"snippet":"IYieldsSource(yieldSource).claimRewards()","jumpToDefinition":{"file":"src/vault/Vault.sol","start":{"line":311,"col":29},"end":{"line":311,"col":70}}},"summary":"AUTO havoc","comments":[{"callee resolution":"callee contract unresolved; callee sighash resolved"},{"callee resolution hint (1)":"To resolve the call, try '--link Vault:yieldSource=[CVX_CRV_YieldSource]'"},{"havoc cause":"The Prover could not resolve the callee, thus, havoc'd the call"},{"havoc scope":"a havoc that havocs all contracts except Vault (ce4604a0000000000000000000000009)"},{"summary application reason":"chosen automatically by the Prover"}],"isWarning":true}]},{"callee":{"name":"[?].burn(uint256)","jumpToDefinition":null},"globalCallResolutionRows":[{"caller":{"name":"Vault.claimRewards(uint256)","jumpToDefinition":null},"callSite":{"snippet":"IBurnableERC20(address(sFlaxToken)).burn(sFlaxAmount)","jumpToDefinition":{"file":"src/vault/Vault.sol","start":{"line":317,"col":13},"end":{"line":317,"col":66}}},"summary":"AUTO havoc","comments":[{"callee resolution":"callee contract unresolved; callee sighash resolved"},{"havoc cause":"The Prover could not resolve the callee, thus, havoc'd the call"},{"havoc scope":"a havoc that havocs all contracts except Vault (ce4604a0000000000000000000000009)"},{"summary application reason":"chosen automatically by the Prover"}],"isWarning":true}]}]}