{"rules":[{"name":"depositIncreasesEffectiveBalance","children":[],"output":[],"uiId":6,"LiveCheckInfo":"rule_live_statistics_11.json","errors":[],"highestNotificationLevel":"none","jumpToDefinition":{"file":"certora/specs/Vault.spec","start":{"line":139,"col":1},"end":{"line":172,"col":2}},"nodeType":"ROOT","splitProgress":0,"status":"RUNNING","duration":0,"isRunning":true,"childrenTotalNum":null,"childrenFinishedNum":null},{"name":"depositWhenDisabledFails","children":[],"output":[],"uiId":5,"LiveCheckInfo":"rule_live_statistics_3.json","errors":[],"highestNotificationLevel":"none","jumpToDefinition":{"file":"certora/specs/Vault.spec","start":{"line":174,"col":1},"end":{"line":180,"col":2}},"nodeType":"ROOT","splitProgress":0,"status":"RUNNING","duration":0,"isRunning":true,"childrenTotalNum":null,"childrenFinishedNum":null},{"name":"emergencyStatePreventsFunctions","children":[],"output":[],"uiId":26,"LiveCheckInfo":"rule_live_statistics_18.json","errors":[],"highestNotificationLevel":"none","jumpToDefinition":{"file":"certora/specs/Vault.spec","start":{"line":358,"col":1},"end":{"line":369,"col":2}},"nodeType":"ROOT","splitProgress":0,"status":"RUNNING","duration":0,"isRunning":true,"childrenTotalNum":null,"childrenFinishedNum":null},{"name":"emergencyWithdrawalDisablesVault","children":[],"output":[],"uiId":8,"LiveCheckInfo":"rule_live_statistics_5.json","errors":[],"highestNotificationLevel":"none","jumpToDefinition":{"file":"certora/specs/Vault.spec","start":{"line":281,"col":1},"end":{"line":295,"col":2}},"nodeType":"ROOT","splitProgress":0,"status":"RUNNING","duration":0,"isRunning":true,"childrenTotalNum":null,"childrenFinishedNum":null},{"name":"emergencyWithdrawalRequiresEmergencyState","children":[],"output":[],"uiId":27,"LiveCheckInfo":"rule_live_statistics_19.json","errors":[],"highestNotificationLevel":"none","jumpToDefinition":{"file":"certora/specs/Vault.spec","start":{"line":371,"col":1},"end":{"line":377,"col":2}},"nodeType":"ROOT","splitProgress":0,"status":"RUNNING","duration":0,"isRunning":true,"childrenTotalNum":null,"childrenFinishedNum":null},{"name":"envfreeFuncsStaticCheck","children":[{"name":"getEffectiveDeposit(address)","children":[],"output":["rule_output_1.json"],"uiId":33,"LiveCheckInfo":null,"errors":[],"highestNotificationLevel":"none","jumpToDefinition":{"file":"certora/specs/Vault.spec","start":{"line":14,"col":5},"end":{"line":14,"col":78}},"nodeType":"ROOT","splitProgress":null,"status":"VERIFIED","duration":0,"isRunning":false,"childrenTotalNum":null,"childrenFinishedNum":null}],"output":[],"uiId":32,"LiveCheckInfo":null,"errors":[],"highestNotificationLevel":"none","jumpToDefinition":null,"nodeType":"ROOT","splitProgress":null,"status":"VERIFIED","duration":0,"isRunning":false,"childrenTotalNum":null,"childrenFinishedNum":null},{"name":"migrationRequiresActiveVault","children":[],"output":[],"uiId":25,"LiveCheckInfo":"rule_live_statistics_16.json","errors":[],"highestNotificationLevel":"none","jumpToDefinition":{"file":"certora/specs/Vault.spec","start":{"line":348,"col":1},"end":{"line":354,"col":2}},"nodeType":"ROOT","splitProgress":0,"status":"RUNNING","duration":0,"isRunning":true,"childrenTotalNum":null,"childrenFinishedNum":null},{"name":"noNegativeDeposits","children":[],"output":[],"uiId":30,"LiveCheckInfo":"rule_live_statistics_22.json","errors":[],"highestNotificationLevel":"none","jumpToDefinition":{"file":"certora/specs/Vault.spec","start":{"line":430,"col":1},"end":{"line":437,"col":2}},"nodeType":"ROOT","splitProgress":0,"status":"RUNNING","duration":0,"isRunning":true,"childrenTotalNum":null,"childrenFinishedNum":null},{"name":"noUnauthorizedTokenOutflows","children":[],"output":[],"uiId":12,"LiveCheckInfo":null,"errors":[],"highestNotificationLevel":"none","jumpToDefinition":{"file":"certora/specs/Vault.spec","start":{"line":236,"col":1},"end":{"line":277,"col":2}},"nodeType":"ROOT","splitProgress":null,"status":"RUNNING","duration":0,"isRunning":true,"childrenTotalNum":null,"childrenFinishedNum":null},{"name":"onlyOwnerCanMigrate","children":[],"output":[],"uiId":11,"LiveCheckInfo":"rule_live_statistics_4.json","errors":[],"highestNotificationLevel":"none","jumpToDefinition":{"file":"certora/specs/Vault.spec","start":{"line":125,"col":1},"end":{"line":135,"col":2}},"nodeType":"ROOT","splitProgress":0,"status":"RUNNING","duration":0,"isRunning":true,"childrenTotalNum":null,"childrenFinishedNum":null},{"name":"onlyOwnerCanSetFlaxPerSFlax","children":[],"output":[],"uiId":9,"LiveCheckInfo":"rule_live_statistics_2.json","errors":[],"highestNotificationLevel":"none","jumpToDefinition":{"file":"certora/specs/Vault.spec","start":{"line":117,"col":1},"end":{"line":123,"col":2}},"nodeType":"ROOT","splitProgress":0,"status":"RUNNING","duration":0,"isRunning":true,"childrenTotalNum":null,"childrenFinishedNum":null},{"name":"permanentlyDisabledVaultRejectsOperations","children":[],"output":[],"uiId":3,"LiveCheckInfo":"rule_live_statistics_12.json","errors":[],"highestNotificationLevel":"none","jumpToDefinition":{"file":"certora/specs/Vault.spec","start":{"line":297,"col":1},"end":{"line":314,"col":2}},"nodeType":"ROOT","splitProgress":0,"status":"RUNNING","duration":0,"isRunning":true,"childrenTotalNum":null,"childrenFinishedNum":null},{"name":"rebaseMultiplierIsValid","children":[{"name":"setEmergencyState(bool)","children":[],"output":[],"uiId":13,"LiveCheckInfo":"rule_live_statistics_6.json","errors":[],"highestNotificationLevel":"none","jumpToDefinition":{"file":"src/vault/Vault.sol","start":{"line":388,"col":5},"end":{"line":391,"col":6}},"nodeType":"METHOD_INSTANTIATION","splitProgress":0,"status":"RUNNING","duration":0,"isRunning":true,"childrenTotalNum":null,"childrenFinishedNum":null},{"name":"emergencyWithdrawFromYieldSource(address,address)","children":[],"output":[],"uiId":14,"LiveCheckInfo":"rule_live_statistics_13.json","errors":[],"highestNotificationLevel":"none","jumpToDefinition":{"file":"src/vault/Vault.sol","start":{"line":432,"col":5},"end":{"line":457,"col":6}},"nodeType":"METHOD_INSTANTIATION","splitProgress":0,"status":"RUNNING","duration":0,"isRunning":true,"childrenTotalNum":null,"childrenFinishedNum":null},{"name":"emergencyWithdraw(address,address)","children":[],"output":[],"uiId":15,"LiveCheckInfo":"rule_live_statistics_15.json","errors":[],"highestNotificationLevel":"none","jumpToDefinition":{"file":"src/vault/Vault.sol","start":{"line":399,"col":5},"end":{"line":409,"col":6}},"nodeType":"METHOD_INSTANTIATION","splitProgress":0,"status":"RUNNING","duration":0,"isRunning":true,"childrenTotalNum":null,"childrenFinishedNum":null},{"name":"<receiveOrFallback>()","children":[],"output":[],"uiId":16,"LiveCheckInfo":"rule_live_statistics_14.json","errors":[],"highestNotificationLevel":"none","jumpToDefinition":null,"nodeType":"METHOD_INSTANTIATION","splitProgress":0,"status":"RUNNING","duration":0,"isRunning":true,"childrenTotalNum":null,"childrenFinishedNum":null},{"name":"renounceOwnership()","children":[],"output":[],"uiId":17,"LiveCheckInfo":"rule_live_statistics_17.json","errors":[],"highestNotificationLevel":"none","jumpToDefinition":{"file":"lib/oz_reflax/access/Ownable.sol","start":{"line":74,"col":5},"end":{"line":76,"col":6}},"nodeType":"METHOD_INSTANTIATION","splitProgress":0,"status":"RUNNING","duration":0,"isRunning":true,"childrenTotalNum":null,"childrenFinishedNum":null},{"name":"claimRewards(uint256)","children":[],"output":[],"uiId":18,"LiveCheckInfo":"rule_live_statistics_20.json","errors":[],"highestNotificationLevel":"none","jumpToDefinition":{"file":"src/vault/Vault.sol","start":{"line":310,"col":5},"end":{"line":326,"col":6}},"nodeType":"METHOD_INSTANTIATION","splitProgress":0,"status":"RUNNING","duration":0,"isRunning":true,"childrenTotalNum":null,"childrenFinishedNum":null},{"name":"deposit(uint256)","children":[],"output":[],"uiId":19,"LiveCheckInfo":null,"errors":[],"highestNotificationLevel":"none","jumpToDefinition":{"file":"src/vault/Vault.sol","start":{"line":229,"col":5},"end":{"line":237,"col":6}},"nodeType":"METHOD_INSTANTIATION","splitProgress":null,"status":"RUNNING","duration":0,"isRunning":true,"childrenTotalNum":null,"childrenFinishedNum":null},{"name":"setFlaxPerSFlax(uint256)","children":[],"output":[],"uiId":20,"LiveCheckInfo":null,"errors":[],"highestNotificationLevel":"none","jumpToDefinition":{"file":"src/vault/Vault.sol","start":{"line":333,"col":5},"end":{"line":336,"col":6}},"nodeType":"METHOD_INSTANTIATION","splitProgress":null,"status":"RUNNING","duration":0,"isRunning":true,"childrenTotalNum":null,"childrenFinishedNum":null},{"name":"transferOwnership(address)","children":[],"output":[],"uiId":21,"LiveCheckInfo":null,"errors":[],"highestNotificationLevel":"none","jumpToDefinition":{"file":"lib/oz_reflax/access/Ownable.sol","start":{"line":82,"col":5},"end":{"line":87,"col":6}},"nodeType":"METHOD_INSTANTIATION","splitProgress":null,"status":"RUNNING","duration":0,"isRunning":true,"childrenTotalNum":null,"childrenFinishedNum":null},{"name":"migrateYieldSource(address)","children":[],"output":[],"uiId":22,"LiveCheckInfo":null,"errors":[],"highestNotificationLevel":"none","jumpToDefinition":{"file":"src/vault/Vault.sol","start":{"line":344,"col":5},"end":{"line":372,"col":6}},"nodeType":"METHOD_INSTANTIATION","splitProgress":null,"status":"RUNNING","duration":0,"isRunning":true,"childrenTotalNum":null,"childrenFinishedNum":null},{"name":"emergencyWithdrawETH(address)","children":[],"output":[],"uiId":23,"LiveCheckInfo":null,"errors":[],"highestNotificationLevel":"none","jumpToDefinition":{"file":"src/vault/Vault.sol","start":{"line":416,"col":5},"end":{"line":423,"col":6}},"nodeType":"METHOD_INSTANTIATION","splitProgress":null,"status":"RUNNING","duration":0,"isRunning":true,"childrenTotalNum":null,"childrenFinishedNum":null},{"name":"withdraw(uint256,bool,uint256)","children":[],"output":[],"uiId":24,"LiveCheckInfo":null,"errors":[],"highestNotificationLevel":"none","jumpToDefinition":{"file":"src/vault/Vault.sol","start":{"line":246,"col":5},"end":{"line":303,"col":6}},"nodeType":"METHOD_INSTANTIATION","splitProgress":null,"status":"RUNNING","duration":0,"isRunning":true,"childrenTotalNum":null,"childrenFinishedNum":null}],"output":[],"uiId":4,"LiveCheckInfo":null,"errors":[],"highestNotificationLevel":"none","jumpToDefinition":{"file":"certora/specs/Vault.spec","start":{"line":65,"col":1},"end":{"line":99,"col":2}},"nodeType":"ROOT","splitProgress":null,"status":"RUNNING","duration":0,"isRunning":true,"childrenTotalNum":null,"childrenFinishedNum":null},{"name":"rebaseMultiplierStaysConstantOnDeposit","children":[],"output":[],"uiId":31,"LiveCheckInfo":null,"errors":[],"highestNotificationLevel":"none","jumpToDefinition":{"file":"certora/specs/Vault.spec","start":{"line":440,"col":1},"end":{"line":456,"col":2}},"nodeType":"ROOT","splitProgress":null,"status":"RUNNING","duration":0,"isRunning":true,"childrenTotalNum":null,"childrenFinishedNum":null},{"name":"sFlaxBurnBoostsRewards","children":[],"output":[],"uiId":1,"LiveCheckInfo":"rule_live_statistics_7.json","errors":[],"highestNotificationLevel":"none","jumpToDefinition":{"file":"certora/specs/Vault.spec","start":{"line":318,"col":1},"end":{"line":344,"col":2}},"nodeType":"ROOT","splitProgress":0,"status":"RUNNING","duration":0,"isRunning":true,"childrenTotalNum":null,"childrenFinishedNum":null},{"name":"userCannotDepositForOthers","children":[],"output":[],"uiId":28,"LiveCheckInfo":"rule_live_statistics_21.json","errors":[],"highestNotificationLevel":"none","jumpToDefinition":{"file":"certora/specs/Vault.spec","start":{"line":381,"col":1},"end":{"line":401,"col":2}},"nodeType":"ROOT","splitProgress":0,"status":"RUNNING","duration":0,"isRunning":true,"childrenTotalNum":null,"childrenFinishedNum":null},{"name":"withdrawalCannotAffectOthers","children":[],"output":[],"uiId":29,"LiveCheckInfo":null,"errors":[],"highestNotificationLevel":"none","jumpToDefinition":{"file":"certora/specs/Vault.spec","start":{"line":403,"col":1},"end":{"line":426,"col":2}},"nodeType":"ROOT","splitProgress":null,"status":"RUNNING","duration":0,"isRunning":true,"childrenTotalNum":null,"childrenFinishedNum":null},{"name":"withdrawalDecreasesEffectiveBalance","children":[],"output":[],"uiId":7,"LiveCheckInfo":"rule_live_statistics_10.json","errors":[],"highestNotificationLevel":"none","jumpToDefinition":{"file":"certora/specs/Vault.spec","start":{"line":184,"col":1},"end":{"line":206,"col":2}},"nodeType":"ROOT","splitProgress":0,"status":"RUNNING","duration":0,"isRunning":true,"childrenTotalNum":null,"childrenFinishedNum":null},{"name":"withdrawalRespectsSurplus","children":[],"output":[],"uiId":10,"LiveCheckInfo":"rule_live_statistics_8.json","errors":[],"highestNotificationLevel":"none","jumpToDefinition":{"file":"certora/specs/Vault.spec","start":{"line":216,"col":1},"end":{"line":232,"col":2}},"nodeType":"ROOT","splitProgress":0,"status":"RUNNING","duration":0,"isRunning":true,"childrenTotalNum":null,"childrenFinishedNum":null},{"name":"withdrawalWhenDisabledFails","children":[],"output":[],"uiId":2,"LiveCheckInfo":"rule_live_statistics_9.json","errors":[],"highestNotificationLevel":"none","jumpToDefinition":{"file":"certora/specs/Vault.spec","start":{"line":208,"col":1},"end":{"line":214,"col":2}},"nodeType":"ROOT","splitProgress":0,"status":"RUNNING","duration":0,"isRunning":true,"childrenTotalNum":null,"childrenFinishedNum":null}],"timestamp":1750929111458,"contract":"Vault","spec":"certora/specs/Vault.spec","availableContracts":[{"name":"CVX_CRV_YieldSource","address":"See in the \"Variables\" tab for a violated rule","storageLinks":[],"methods":["constructor(address,address,address,address,string,address,address,address,address,uint256,address,address[],string[],address[])","minSlippageBps()","transferOwnership(address)","numPoolTokens()","priceTilter()","deposit(uint256)","convexRewardPool()","uniswapV3Router()","UNISWAP_FEE()","renounceOwnership()","setLpTokenName(string)","setUnderlyingWeights(address,uint256[])","claimRewards()","emergencyWithdraw(address,address)","poolTokenSymbols(uint256)","curvePool()","flaxToken()","crvLpToken()","withdraw(uint256)","poolId()","convexBooster()","oracle()","rewardTokens(uint256)","lpTokenName()","poolTokens(uint256)","owner()","totalDeposited()","claimAndSellForInputToken()","underlyingWeights(address,uint256)","whitelistVault(address,bool)","inputToken()","setMinSlippageBps(uint256)","whitelistedVaults(address)"]},{"name":"MockERC20","address":"See in the \"Variables\" tab for a violated rule","storageLinks":[],"methods":["totalSupply()","symbol()","name()","decimals()","burn(uint256)","balanceOf(address)","approve(address,uint256)","mint(address,uint256)","transfer(address,uint256)","transferFrom(address,address,uint256)","allowance(address,address)"]},{"name":"Vault","address":"See in the \"Variables\" tab for a violated rule","storageLinks":[],"methods":["constructor(address,address,address,address,address)","getEffectiveDeposit(address)","transferOwnership(address)","totalDeposits()","priceTilter()","deposit(uint256)","emergencyState()","renounceOwnership()","emergencyWithdraw(address,address)","migrateYieldSource(address)","setFlaxPerSFlax(uint256)","sFlaxToken()","flaxToken()","withdraw(uint256,bool,uint256)","emergencyWithdrawFromYieldSource(address,address)","rebaseMultiplier()","surplusInputToken()","emergencyWithdrawETH(address)","flaxPerSFlax()","yieldSource()","owner()","originalDeposits(address)","setEmergencyState(bool)","getEffectiveTotalDeposits()","inputToken()","claimRewards(uint256)","canWithdraw()"]}],"globalCallResolution":[]}