{
    "CLI_package_name": "certora-cli",
    "CLI_version": "7.29.3",
    "branch": "claude-code-gambit",
    "certora_ci_client": null,
    "conf": {
        "compilation_steps_only": true,
        "files": [
            "src/vault/Vault.sol",
            "src/yieldSource/CVX_CRV_YieldSource.sol",
            "test/mocks/Mocks.sol:MockERC20"
        ],
        "packages": [
            "@oz_reflax=lib/oz_reflax",
            "@uniswap_reflax/core=lib/UniswapReFlax/core",
            "@uniswap_reflax/periphery=lib/UniswapReFlax/periphery",
            "forge-std=lib/forge-std/src",
            "interfaces=src/interfaces"
        ],
        "process": "emv",
        "solc": "/home/justin/.solc-select/artifacts/solc-0.8.20/solc-0.8.20",
        "solc_optimize": "200",
        "solc_via_ir": true,
        "verify": "Vault:certora/specs/Vault.spec"
    },
    "conf_path": null,
    "cwd_relative": ".",
    "dirty": false,
    "group_id": null,
    "jar_flag_info": [
        "-allowSolidityQuantifierCalls,allow_solidity_calls_in_quantifiers,boolean",
        "-autoDispatcher,auto_dispatcher,boolean",
        "-bytecode,bytecode_jsons,list",
        "-spec,bytecode_spec,string",
        "-globalTimeout,cloud_global_timeout,string",
        "-coinbaseFeaturesMode,coinbase_mode,boolean",
        "-contractRecursionLimit,contract_recursion_limit,string",
        "-coverageInfo,coverage_info,string",
        "-dynamicCreationBound,dynamic_bound,string",
        "-dispatchOnCreated,dynamic_dispatch,boolean",
        "-enforceRequireReasonInCVL,enforce_require_reason,boolean",
        "-excludeMethod,exclude_method,list",
        "-excludeRule,exclude_rule,list",
        "-foundry,foundry_tests_mode,boolean",
        "-userGlobalTimeout,global_timeout,string",
        "-hashingLengthBound,hashing_length_bound,string",
        "-includeEmptyFallback,include_empty_fallback,boolean",
        "-independentSatisfies,independent_satisfy,boolean",
        "-b,loop_iter,string",
        "-graphDrawLimit,max_graph_depth,string",
        "-method,method,list",
        "-multiAssertCheck,multi_assert_check,boolean",
        "-multipleCEX,multi_example,string",
        "-autoNondetDifficultInternalFuncs,nondet_difficult_funcs,boolean",
        "-autoNondetMinimalDifficulty,nondet_minimal_difficulty,string",
        "-noCalltraceStorageInformation,no_calltrace_storage_information,boolean",
        "-optimisticContractRecursion,optimistic_contract_recursion,boolean",
        "-optimisticFallback,optimistic_fallback,boolean",
        "-optimisticUnboundedHashing,optimistic_hashing,boolean",
        "-assumeUnwindCond,optimistic_loop,boolean",
        "-optimisticSummaryRecursion,optimistic_summary_recursion,boolean",
        "-contract,parametric_contracts,list",
        "-smt_preciseBitwiseOps,precise_bitwise_ops,boolean",
        "-resourceFiles,prover_resource_files,list",
        "-boundedModelChecking,range,string",
        "-boundedModelCheckingFailureLimit,ranger_failure_limit,string",
        "-rule,rule,list",
        "-ruleSanityChecks,rule_sanity,string",
        "-saveVerifierResults,save_verifier_results,boolean",
        "-ciMode,short_output,boolean",
        "-t,smt_timeout,string",
        "-smt_useBV,smt_use_bv,boolean",
        "-summaryRecursionLimit,summary_recursion_limit,string",
        "-json,tool_output,string",
        "-unusedSummaryHardFail,unused_summary_hard_fail,string",
        "-usePerRuleCache,use_per_rule_cache,string"
    ],
    "main_spec": "certora/specs/Vault.spec",
    "origin": "git@github.com:gititGoro/ReFlaxAI.git",
    "python_version": "3.12.3",
    "raw_args": [
        "/home/justin/code/BehodlerReborn/Grok/reflax/certora/certora-env/bin/certoraRun",
        "src/vault/Vault.sol",
        "src/yieldSource/CVX_CRV_YieldSource.sol",
        "test/mocks/Mocks.sol:MockERC20",
        "--verify",
        "Vault:certora/specs/Vault.spec",
        "--solc",
        "/home/justin/.solc-select/artifacts/solc-0.8.20/solc-0.8.20",
        "--solc_via_ir",
        "--solc_optimize",
        "200",
        "--packages",
        "@oz_reflax=lib/oz_reflax",
        "--packages",
        "@uniswap_reflax/core=lib/UniswapReFlax/core",
        "--packages",
        "@uniswap_reflax/periphery=lib/UniswapReFlax/periphery",
        "--packages",
        "forge-std=lib/forge-std/src",
        "--packages",
        "interfaces=src/interfaces",
        "--compilation_steps_only"
    ],
    "revision": "98b5ae81865f07a59ac717196b11aef9c56a770d",
    "timestamp": "1750929058.119541"
}